team_id,team_name,match_id,match_url
11581,HLTV Team profile,2354699,https://www.hltv.org/matches/2354699/hotu-vs-uninvited-pgl-major-antwerp-2022-europe-rmr-far-east-russia-qualifier
11581,HLTV Team profile,2354700,https://www.hltv.org/matches/2354700/hotu-vs-quazar-pgl-major-antwerp-2022-europe-rmr-far-east-russia-qualifier
11581,HLTV Team profile,2356320,https://www.hltv.org/matches/2356320/cloudrunners-vs-hotu-esl-challenger-valencia-2022-europe-open-qualifier-1
11581,HLTV Team profile,2359019,https://www.hltv.org/matches/2359019/apeks-vs-hotu-esea-advanced-season-42-europe
11581,HLTV Team profile,2359079,https://www.hltv.org/matches/2359079/nexus-vs-hotu-esea-advanced-season-42-europe
11581,HLTV Team profile,2359113,https://www.hltv.org/matches/2359113/hotu-vs-zero-tenacity-scl-season-6
11581,HLTV Team profile,2359127,https://www.hltv.org/matches/2359127/jano-vs-hotu-esea-advanced-season-42-europe
11581,HLTV Team profile,2359140,https://www.hltv.org/matches/2359140/1pin-vs-hotu-scl-season-6
11581,HLTV Team profile,2359211,https://www.hltv.org/matches/2359211/ec-brugge-vs-hotu-esea-advanced-season-42-europe
11581,HLTV Team profile,2359283,https://www.hltv.org/matches/2359283/apeks-vs-hotu-esea-advanced-season-42-europe
11581,HLTV Team profile,2359286,https://www.hltv.org/matches/2359286/hotu-vs-iron-branch-esea-advanced-season-42-europe
11581,HLTV Team profile,2359344,https://www.hltv.org/matches/2359344/hotu-vs-spirit-academy-fastcup-grand-tour-2022
11581,HLTV Team profile,2359364,https://www.hltv.org/matches/2359364/hotu-vs-tag-fastcup-grand-tour-2022
11581,HLTV Team profile,2360228,https://www.hltv.org/matches/2360228/tricked-vs-hotu-1xbet-frag-season-10
11581,HLTV Team profile,2360263,https://www.hltv.org/matches/2360263/spirit-academy-vs-hotu-1xbet-frag-season-10
11581,HLTV Team profile,2360285,https://www.hltv.org/matches/2360285/monte-vs-hotu-1xbet-frag-season-10
11581,HLTV Team profile,2360345,https://www.hltv.org/matches/2360345/hotu-vs-9-pandas-1xbet-frag-season-10
11581,HLTV Team profile,2360454,https://www.hltv.org/matches/2360454/hotu-vs-boston-crab-pari-after-rio-lan-2022
11581,HLTV Team profile,2360468,https://www.hltv.org/matches/2360468/hotu-vs-polet-pari-after-rio-lan-2022
11581,HLTV Team profile,2360477,https://www.hltv.org/matches/2360477/boston-crab-vs-hotu-pari-after-rio-lan-2022
4608,HLTV Team profile,2361325,https://www.hltv.org/matches/2361325/natus-vincere-vs-liquid-iem-katowice-2023
4608,HLTV Team profile,2361338,https://www.hltv.org/matches/2361338/g2-vs-natus-vincere-iem-katowice-2023
4608,HLTV Team profile,2361342,https://www.hltv.org/matches/2361342/natus-vincere-vs-outsiders-iem-katowice-2023
4608,HLTV Team profile,2361344,https://www.hltv.org/matches/2361344/heroic-vs-natus-vincere-iem-katowice-2023
11283,HLTV Team profile,2361497,https://www.hltv.org/matches/2361497/falcons-vs-bluejays-esl-challenger-league-season-44-europe
11581,HLTV Team profile,2361838,https://www.hltv.org/matches/2361838/b8-vs-hotu-blasttv-paris-major-2023-europe-rmr-open-qualifier-1
4608,HLTV Team profile,2362054,https://www.hltv.org/matches/2362054/forze-vs-natus-vincere-esl-pro-league-season-17
4608,HLTV Team profile,2362220,https://www.hltv.org/matches/2362220/astralis-vs-natus-vincere-esl-pro-league-season-17
4608,HLTV Team profile,2362224,https://www.hltv.org/matches/2362224/rare-atom-vs-natus-vincere-esl-pro-league-season-17
4608,HLTV Team profile,2362226,https://www.hltv.org/matches/2362226/spirit-vs-natus-vincere-esl-pro-league-season-17
4608,HLTV Team profile,2362231,https://www.hltv.org/matches/2362231/natus-vincere-vs-00nation-esl-pro-league-season-17
4608,HLTV Team profile,2362235,https://www.hltv.org/matches/2362235/outsiders-vs-natus-vincere-esl-pro-league-season-17
4608,HLTV Team profile,2362239,https://www.hltv.org/matches/2362239/heroic-vs-natus-vincere-esl-pro-league-season-17
4608,HLTV Team profile,2362243,https://www.hltv.org/matches/2362243/faze-vs-natus-vincere-esl-pro-league-season-17
11581,HLTV Team profile,2362267,https://www.hltv.org/matches/2362267/hotu-vs-spirit-academy-scl-season-8
11283,HLTV Team profile,2362333,https://www.hltv.org/matches/2362333/falcons-vs-eyeballers-esl-challenger-league-season-44-europe
11283,HLTV Team profile,2362528,https://www.hltv.org/matches/2362528/forze-vs-falcons-betboom-playlist-urbanistic-2023
11283,HLTV Team profile,2362703,https://www.hltv.org/matches/2362703/falcons-vs-into-the-breach-betboom-playlist-urbanistic-2023
11283,HLTV Team profile,2362847,https://www.hltv.org/matches/2362847/sangal-vs-falcons-betboom-playlist-urbanistic-2023
4608,HLTV Team profile,2363115,https://www.hltv.org/matches/2363115/natus-vincere-vs-into-the-breach-blasttv-paris-major-2023-europe-rmr-a
11283,HLTV Team profile,2363117,https://www.hltv.org/matches/2363117/sprout-vs-falcons-blasttv-paris-major-2023-europe-rmr-a
11283,HLTV Team profile,2363138,https://www.hltv.org/matches/2363138/natus-vincere-vs-falcons-blasttv-paris-major-2023-europe-rmr-a
11283,HLTV Team profile,2363148,https://www.hltv.org/matches/2363148/falcons-vs-mouz-blasttv-paris-major-2023-europe-rmr-a
4608,HLTV Team profile,2363151,https://www.hltv.org/matches/2363151/faze-vs-natus-vincere-blasttv-paris-major-2023-europe-rmr-a
11283,HLTV Team profile,2363155,https://www.hltv.org/matches/2363155/falcons-vs-gamerlegion-blasttv-paris-major-2023-europe-rmr-a
11283,HLTV Team profile,2363159,https://www.hltv.org/matches/2363159/falcons-vs-og-blasttv-paris-major-2023-europe-rmr-a
9565,HLTV Team profile,2363198,https://www.hltv.org/matches/2363198/monte-vs-vitality-blasttv-paris-major-2023-europe-rmr-b
11581,HLTV Team profile,2363225,https://www.hltv.org/matches/2363225/ninjas-in-pyjamas-vs-hotu-iem-dallas-2023-europe-open-qualifier-1
11283,HLTV Team profile,2363284,https://www.hltv.org/matches/2363284/1win-vs-falcons-betboom-playlist-urbanistic-2023
11283,HLTV Team profile,2363365,https://www.hltv.org/matches/2363365/cloud9-vs-falcons-betboom-playlist-urbanistic-2023
11283,HLTV Team profile,2363409,https://www.hltv.org/matches/2363409/gamerlegion-vs-falcons-iem-dallas-2023-europe-open-qualifier-2
11283,HLTV Team profile,2363536,https://www.hltv.org/matches/2363536/falcons-vs-big-blasttv-paris-major-2023-challengers-europe-last-chance-qualifier
4608,HLTV Team profile,2363540,https://www.hltv.org/matches/2363540/the-mongolz-vs-natus-vincere-iem-rio-2023
9565,HLTV Team profile,2363543,https://www.hltv.org/matches/2363543/vitality-vs-og-iem-rio-2023
4608,HLTV Team profile,2363547,https://www.hltv.org/matches/2363547/ninjas-in-pyjamas-vs-natus-vincere-iem-rio-2023
9565,HLTV Team profile,2363551,https://www.hltv.org/matches/2363551/vitality-vs-mibr-iem-rio-2023
9565,HLTV Team profile,2363558,https://www.hltv.org/matches/2363558/vitality-vs-faze-iem-rio-2023
4608,HLTV Team profile,2363560,https://www.hltv.org/matches/2363560/natus-vincere-vs-big-iem-rio-2023
9565,HLTV Team profile,2363562,https://www.hltv.org/matches/2363562/og-vs-vitality-iem-rio-2023
9565,HLTV Team profile,2363563,https://www.hltv.org/matches/2363563/vitality-vs-big-iem-rio-2023
4608,HLTV Team profile,2363565,https://www.hltv.org/matches/2363565/natus-vincere-vs-heroic-iem-rio-2023
9565,HLTV Team profile,2363566,https://www.hltv.org/matches/2363566/cloud9-vs-vitality-iem-rio-2023
9565,HLTV Team profile,2363567,https://www.hltv.org/matches/2363567/vitality-vs-heroic-iem-rio-2023
11283,HLTV Team profile,2363606,https://www.hltv.org/matches/2363606/falcons-vs-b8-esl-challenger-league-season-45-europe
11283,HLTV Team profile,2363619,https://www.hltv.org/matches/2363619/9ine-vs-falcons-esl-challenger-league-season-45-europe
4494,HLTV Team profile,2363850,https://www.hltv.org/matches/2363850/gamerlegion-vs-mouz-blasttv-paris-major-2023-challengers-stage
5973,HLTV Team profile,2363853,https://www.hltv.org/matches/2363853/complexity-vs-liquid-blasttv-paris-major-2023-challengers-stage
5973,HLTV Team profile,2363859,https://www.hltv.org/matches/2363859/grayhound-vs-liquid-blasttv-paris-major-2023-challengers-stage
4608,HLTV Team profile,2363860,https://www.hltv.org/matches/2363860/natus-vincere-vs-gamerlegion-blasttv-paris-major-2023
5973,HLTV Team profile,2363861,https://www.hltv.org/matches/2363861/9ine-vs-liquid-blasttv-paris-major-2023
9565,HLTV Team profile,2363866,https://www.hltv.org/matches/2363866/vitality-vs-g2-blasttv-paris-major-2023
4608,HLTV Team profile,2363868,https://www.hltv.org/matches/2363868/liquid-vs-natus-vincere-blasttv-paris-major-2023
9565,HLTV Team profile,2363870,https://www.hltv.org/matches/2363870/vitality-vs-ence-blasttv-paris-major-2023
5995,HLTV Team profile,2363874,https://www.hltv.org/matches/2363874/bad-news-eagles-vs-g2-blasttv-paris-major-2023
4608,HLTV Team profile,2363876,https://www.hltv.org/matches/2363876/natus-vincere-vs-ninjas-in-pyjamas-blasttv-paris-major-2023
5973,HLTV Team profile,2363880,https://www.hltv.org/matches/2363880/heroic-vs-liquid-blasttv-paris-major-2023
9565,HLTV Team profile,2363881,https://www.hltv.org/matches/2363881/monte-vs-vitality-blasttv-paris-major-2023
5995,HLTV Team profile,2363882,https://www.hltv.org/matches/2363882/furia-vs-g2-blasttv-paris-major-2023
5995,HLTV Team profile,2363886,https://www.hltv.org/matches/2363886/fnatic-vs-g2-blasttv-paris-major-2023
4608,HLTV Team profile,2363887,https://www.hltv.org/matches/2363887/monte-vs-natus-vincere-blasttv-paris-major-2023
5973,HLTV Team profile,2363888,https://www.hltv.org/matches/2363888/liquid-vs-into-the-breach-blasttv-paris-major-2023
4608,HLTV Team profile,2363890,https://www.hltv.org/matches/2363890/faze-vs-natus-vincere-blasttv-paris-major-2023
11283,HLTV Team profile,2364039,https://www.hltv.org/matches/2364039/domination-vs-falcons-esl-challenger-league-season-45-europe
11581,HLTV Team profile,2364192,https://www.hltv.org/matches/2364192/hotu-vs-nightmare-esl-challenger-katowice-2023-europe-open-qualifier
11581,HLTV Team profile,2364200,https://www.hltv.org/matches/2364200/ecstatic-vs-hotu-esl-challenger-katowice-2023-europe-open-qualifier
11581,HLTV Team profile,2364218,https://www.hltv.org/matches/2364218/biskvitki-zakuska-vs-hotu-scl-season-9
11283,HLTV Team profile,2364267,https://www.hltv.org/matches/2364267/k23-vs-falcons-esl-challenger-league-season-45-europe
5973,HLTV Team profile,2364288,https://www.hltv.org/matches/2364288/liquid-vs-apeks-blasttv-paris-major-2023
9565,HLTV Team profile,2364289,https://www.hltv.org/matches/2364289/vitality-vs-into-the-breach-blasttv-paris-major-2023
9565,HLTV Team profile,2364291,https://www.hltv.org/matches/2364291/vitality-vs-apeks-blasttv-paris-major-2023
9565,HLTV Team profile,2364292,https://www.hltv.org/matches/2364292/gamerlegion-vs-vitality-blasttv-paris-major-2023
6665,HLTV Team profile,2364347,https://www.hltv.org/matches/2364347/looking4org-vs-astralis-gamers8-2023-europe-open-qualifier-1
11581,HLTV Team profile,2364349,https://www.hltv.org/matches/2364349/big-vs-hotu-esl-challenger-katowice-2023-europe-closed-qualifier
11581,HLTV Team profile,2364353,https://www.hltv.org/matches/2364353/hotu-vs-ecstatic-esl-challenger-katowice-2023-europe-closed-qualifier
11581,HLTV Team profile,2364358,https://www.hltv.org/matches/2364358/ninjas-in-pyjamas-vs-hotu-esl-challenger-katowice-2023-europe-closed-qualifier
5995,HLTV Team profile,2364390,https://www.hltv.org/matches/2364390/g2-vs-nouns-iem-dallas-2023
4494,HLTV Team profile,2364392,https://www.hltv.org/matches/2364392/fnatic-vs-mouz-iem-dallas-2023
5973,HLTV Team profile,2364395,https://www.hltv.org/matches/2364395/liquid-vs-astralis-iem-dallas-2023
6665,HLTV Team profile,2364450,https://www.hltv.org/matches/2364450/astralis-vs-iron-branch-cct-south-europe-series-4
5995,HLTV Team profile,2364472,https://www.hltv.org/matches/2364472/g2-vs-og-iem-dallas-2023
4494,HLTV Team profile,2364474,https://www.hltv.org/matches/2364474/mouz-vs-heroic-iem-dallas-2023
5973,HLTV Team profile,2364477,https://www.hltv.org/matches/2364477/liquid-vs-grayhound-iem-dallas-2023
6665,HLTV Team profile,2364480,https://www.hltv.org/matches/2364480/cloud9-vs-astralis-iem-dallas-2023
4494,HLTV Team profile,2364481,https://www.hltv.org/matches/2364481/furia-vs-mouz-iem-dallas-2023
5973,HLTV Team profile,2364483,https://www.hltv.org/matches/2364483/faze-vs-liquid-iem-dallas-2023
4494,HLTV Team profile,2364484,https://www.hltv.org/matches/2364484/mouz-vs-og-iem-dallas-2023
5995,HLTV Team profile,2364485,https://www.hltv.org/matches/2364485/g2-vs-heroic-iem-dallas-2023
6665,HLTV Team profile,2364486,https://www.hltv.org/matches/2364486/ence-vs-astralis-iem-dallas-2023
4494,HLTV Team profile,2364488,https://www.hltv.org/matches/2364488/astralis-vs-mouz-iem-dallas-2023
5995,HLTV Team profile,2364489,https://www.hltv.org/matches/2364489/g2-vs-faze-iem-dallas-2023
4494,HLTV Team profile,2364490,https://www.hltv.org/matches/2364490/heroic-vs-mouz-iem-dallas-2023
4494,HLTV Team profile,2364492,https://www.hltv.org/matches/2364492/mouz-vs-ence-iem-dallas-2023
6665,HLTV Team profile,2364523,https://www.hltv.org/matches/2364523/aurora-vs-astralis-cct-south-europe-series-4
6665,HLTV Team profile,2364544,https://www.hltv.org/matches/2364544/og-vs-astralis-cct-south-europe-series-4
6665,HLTV Team profile,2364549,https://www.hltv.org/matches/2364549/astralis-vs-eternal-fire-cct-south-europe-series-4
9565,HLTV Team profile,2364709,https://www.hltv.org/matches/2364709/vitality-vs-imperial-blast-premier-spring-final-2023
5995,HLTV Team profile,2364710,https://www.hltv.org/matches/2364710/g2-vs-cloud9-blast-premier-spring-final-2023
6665,HLTV Team profile,2364712,https://www.hltv.org/matches/2364712/faze-vs-astralis-blast-premier-spring-final-2023
5995,HLTV Team profile,2364713,https://www.hltv.org/matches/2364713/imperial-vs-g2-blast-premier-spring-final-2023
9565,HLTV Team profile,2364714,https://www.hltv.org/matches/2364714/vitality-vs-cloud9-blast-premier-spring-final-2023
6665,HLTV Team profile,2364715,https://www.hltv.org/matches/2364715/complexity-vs-astralis-blast-premier-spring-final-2023
9565,HLTV Team profile,2364750,https://www.hltv.org/matches/2364750/vitality-vs-faze-blast-premier-spring-final-2023
9565,HLTV Team profile,2364752,https://www.hltv.org/matches/2364752/g2-vs-vitality-blast-premier-spring-final-2023
9565,HLTV Team profile,2364753,https://www.hltv.org/matches/2364753/heroic-vs-vitality-blast-premier-spring-final-2023
4494,HLTV Team profile,2364849,https://www.hltv.org/matches/2364849/mouz-vs-500-elisa-invitational-spring-2023
4494,HLTV Team profile,2364886,https://www.hltv.org/matches/2364886/apeks-vs-mouz-elisa-invitational-spring-2023
11581,HLTV Team profile,2365073,https://www.hltv.org/matches/2365073/ence-academy-vs-hotu-leon-teamplay-season-1
11581,HLTV Team profile,2365158,https://www.hltv.org/matches/2365158/hotu-vs-nemiga-leon-teamplay-season-1
11581,HLTV Team profile,2365171,https://www.hltv.org/matches/2365171/zero-tenacity-vs-hotu-leon-teamplay-season-1
11581,HLTV Team profile,2365183,https://www.hltv.org/matches/2365183/the-prodigies-vs-hotu-leon-teamplay-season-1
11581,HLTV Team profile,2365185,https://www.hltv.org/matches/2365185/question-mark-vs-hotu-leon-teamplay-season-1
9565,HLTV Team profile,2365224,https://www.hltv.org/matches/2365224/vitality-vs-evil-geniuses-blast-premier-fall-groups-2023
4608,HLTV Team profile,2365227,https://www.hltv.org/matches/2365227/natus-vincere-vs-astralis-blast-premier-fall-groups-2023
5995,HLTV Team profile,2365229,https://www.hltv.org/matches/2365229/g2-vs-liquid-blast-premier-fall-groups-2023
9565,HLTV Team profile,2365230,https://www.hltv.org/matches/2365230/vitality-vs-complexity-blast-premier-fall-groups-2023
9565,HLTV Team profile,2365233,https://www.hltv.org/matches/2365233/vitality-vs-ninjas-in-pyjamas-blast-premier-fall-groups-2023
4608,HLTV Team profile,2365234,https://www.hltv.org/matches/2365234/heroic-vs-natus-vincere-blast-premier-fall-groups-2023
6665,HLTV Team profile,2365235,https://www.hltv.org/matches/2365235/big-vs-astralis-blast-premier-fall-groups-2023
4608,HLTV Team profile,2365236,https://www.hltv.org/matches/2365236/natus-vincere-vs-big-blast-premier-fall-groups-2023
4608,HLTV Team profile,2365237,https://www.hltv.org/matches/2365237/heroic-vs-natus-vincere-blast-premier-fall-groups-2023
5973,HLTV Team profile,2365238,https://www.hltv.org/matches/2365238/faze-vs-liquid-blast-premier-fall-groups-2023
5995,HLTV Team profile,2365239,https://www.hltv.org/matches/2365239/og-vs-g2-blast-premier-fall-groups-2023
5995,HLTV Team profile,2365240,https://www.hltv.org/matches/2365240/faze-vs-g2-blast-premier-fall-groups-2023
5973,HLTV Team profile,2365241,https://www.hltv.org/matches/2365241/liquid-vs-faze-blast-premier-fall-groups-2023
6665,HLTV Team profile,2365242,https://www.hltv.org/matches/2365242/astralis-vs-complexity-blast-premier-fall-groups-2023
5995,HLTV Team profile,2365244,https://www.hltv.org/matches/2365244/evil-geniuses-vs-g2-blast-premier-fall-groups-2023
5973,HLTV Team profile,2365245,https://www.hltv.org/matches/2365245/liquid-vs-astralis-blast-premier-fall-groups-2023
9565,HLTV Team profile,2365246,https://www.hltv.org/matches/2365246/vitality-vs-big-blast-premier-fall-groups-2023
4608,HLTV Team profile,2365247,https://www.hltv.org/matches/2365247/natus-vincere-vs-g2-blast-premier-fall-groups-2023
9565,HLTV Team profile,2365260,https://www.hltv.org/matches/2365260/natus-vincere-vs-vitality-showmatch-cs
9565,HLTV Team profile,2365261,https://www.hltv.org/matches/2365261/natus-vincere-vs-vitality-showmatch-cs
6665,HLTV Team profile,2365354,https://www.hltv.org/matches/2365354/astralis-vs-eclot-gamers8-2023-europe-open-qualifier-2
6665,HLTV Team profile,2365359,https://www.hltv.org/matches/2365359/saw-vs-astralis-gamers8-2023-europe-open-qualifier-2
4494,HLTV Team profile,2365415,https://www.hltv.org/matches/2365415/mouz-vs-the-mongolz-iem-cologne-2023-play-in
5973,HLTV Team profile,2365420,https://www.hltv.org/matches/2365420/astralis-vs-liquid-iem-cologne-2023-play-in
4494,HLTV Team profile,2365423,https://www.hltv.org/matches/2365423/ninjas-in-pyjamas-vs-mouz-iem-cologne-2023-play-in
6665,HLTV Team profile,2365425,https://www.hltv.org/matches/2365425/astralis-vs-apeks-iem-cologne-2023-play-in
5973,HLTV Team profile,2365429,https://www.hltv.org/matches/2365429/liquid-vs-big-iem-cologne-2023-play-in
5973,HLTV Team profile,2365433,https://www.hltv.org/matches/2365433/9ine-vs-liquid-iem-cologne-2023-play-in
5995,HLTV Team profile,2365539,https://www.hltv.org/matches/2365539/g2-vs-astralis-iem-cologne-2023
4608,HLTV Team profile,2365542,https://www.hltv.org/matches/2365542/natus-vincere-vs-mouz-iem-cologne-2023
9565,HLTV Team profile,2365543,https://www.hltv.org/matches/2365543/vitality-vs-og-iem-cologne-2023
9565,HLTV Team profile,2365549,https://www.hltv.org/matches/2365549/mouz-vs-vitality-iem-cologne-2023
4608,HLTV Team profile,2365550,https://www.hltv.org/matches/2365550/natus-vincere-vs-og-iem-cologne-2023
5995,HLTV Team profile,2365551,https://www.hltv.org/matches/2365551/g2-vs-faze-iem-cologne-2023
6665,HLTV Team profile,2365552,https://www.hltv.org/matches/2365552/astralis-vs-ninjas-in-pyjamas-iem-cologne-2023
4608,HLTV Team profile,2365555,https://www.hltv.org/matches/2365555/faze-vs-natus-vincere-iem-cologne-2023
4494,HLTV Team profile,2365556,https://www.hltv.org/matches/2365556/mouz-vs-astralis-iem-cologne-2023
9565,HLTV Team profile,2365558,https://www.hltv.org/matches/2365558/vitality-vs-g2-iem-cologne-2023
4608,HLTV Team profile,2365559,https://www.hltv.org/matches/2365559/astralis-vs-natus-vincere-iem-cologne-2023
9565,HLTV Team profile,2365561,https://www.hltv.org/matches/2365561/vitality-vs-cloud9-iem-cologne-2023
6665,HLTV Team profile,2365562,https://www.hltv.org/matches/2365562/heroic-vs-astralis-iem-cologne-2023
9565,HLTV Team profile,2365563,https://www.hltv.org/matches/2365563/ence-vs-vitality-iem-cologne-2023
5995,HLTV Team profile,2365564,https://www.hltv.org/matches/2365564/g2-vs-astralis-iem-cologne-2023
5995,HLTV Team profile,2365565,https://www.hltv.org/matches/2365565/ence-vs-g2-iem-cologne-2023
11283,HLTV Team profile,2365591,https://www.hltv.org/matches/2365591/falcons-vs-zero-tenacity-thunderpick-world-championship-2023-europe-series-1
11283,HLTV Team profile,2365603,https://www.hltv.org/matches/2365603/falcons-vs-aurora-thunderpick-world-championship-2023-europe-series-1
4494,HLTV Team profile,2365610,https://www.hltv.org/matches/2365610/mouz-vs-sampi-thunderpick-world-championship-2023-europe-series-1
4494,HLTV Team profile,2365618,https://www.hltv.org/matches/2365618/mouz-vs-500-thunderpick-world-championship-2023-europe-series-1
4494,HLTV Team profile,2365621,https://www.hltv.org/matches/2365621/eternal-fire-vs-mouz-thunderpick-world-championship-2023-europe-series-1
4494,HLTV Team profile,2365622,https://www.hltv.org/matches/2365622/big-vs-mouz-thunderpick-world-championship-2023-europe-series-1
11581,HLTV Team profile,2365635,https://www.hltv.org/matches/2365635/hotu-vs-ex-k23-russian-cybersport-league-2023
7020,HLTV Team profile,2365715,https://www.hltv.org/matches/2365715/spirit-vs-mibr-cct-2023-online-finals-2
7020,HLTV Team profile,2365718,https://www.hltv.org/matches/2365718/virtuspro-vs-spirit-cct-2023-online-finals-2
7020,HLTV Team profile,2365721,https://www.hltv.org/matches/2365721/spirit-vs-virtuspro-cct-2023-online-finals-2
11283,HLTV Team profile,2365787,https://www.hltv.org/matches/2365787/heroic-vs-falcons-gamers8-2023
9565,HLTV Team profile,2365788,https://www.hltv.org/matches/2365788/mibr-vs-vitality-gamers8-2023
5973,HLTV Team profile,2365789,https://www.hltv.org/matches/2365789/liquid-vs-ence-gamers8-2023
4608,HLTV Team profile,2365790,https://www.hltv.org/matches/2365790/natus-vincere-vs-furia-gamers8-2023
5995,HLTV Team profile,2365791,https://www.hltv.org/matches/2365791/9ine-vs-g2-gamers8-2023
9565,HLTV Team profile,2365793,https://www.hltv.org/matches/2365793/vitality-vs-natus-vincere-gamers8-2023
5995,HLTV Team profile,2365796,https://www.hltv.org/matches/2365796/g2-vs-virtuspro-gamers8-2023
9565,HLTV Team profile,2365798,https://www.hltv.org/matches/2365798/vitality-vs-g2-gamers8-2023
9565,HLTV Team profile,2365799,https://www.hltv.org/matches/2365799/ence-vs-vitality-gamers8-2023
7020,HLTV Team profile,2365809,https://www.hltv.org/matches/2365809/spirit-vs-qm-pinnacle-cup-v
7020,HLTV Team profile,2365879,https://www.hltv.org/matches/2365879/spirit-vs-los-kogutos-pinnacle-cup-v
11283,HLTV Team profile,2365898,https://www.hltv.org/matches/2365898/into-the-breach-vs-falcons-iem-sydney-2023-europe-open-qualifier-1
7020,HLTV Team profile,2365899,https://www.hltv.org/matches/2365899/spirit-vs-insilio-iem-sydney-2023-europe-open-qualifier-1
7020,HLTV Team profile,2365903,https://www.hltv.org/matches/2365903/into-the-breach-vs-spirit-iem-sydney-2023-europe-open-qualifier-1
11581,HLTV Team profile,2365937,https://www.hltv.org/matches/2365937/forze-vs-hotu-russian-cybersport-league-2023-finals
11581,HLTV Team profile,2365962,https://www.hltv.org/matches/2365962/hotu-vs-ynt-russian-cybersport-league-2023-finals
11581,HLTV Team profile,2365963,https://www.hltv.org/matches/2365963/forze-vs-hotu-russian-cybersport-league-2023-finals
7020,HLTV Team profile,2365965,https://www.hltv.org/matches/2365965/spirit-vs-og-pinnacle-cup-v
7020,HLTV Team profile,2366001,https://www.hltv.org/matches/2366001/spirit-vs-movistar-riders-iem-sydney-2023-europe-open-qualifier-2
7020,HLTV Team profile,2366041,https://www.hltv.org/matches/2366041/spirit-vs-arcred-pinnacle-cup-v
6665,HLTV Team profile,2366068,https://www.hltv.org/matches/2366068/astralis-vs-ninjas-in-pyjamas-esl-pro-league-season-18
9565,HLTV Team profile,2366069,https://www.hltv.org/matches/2366069/vitality-vs-orks-esl-pro-league-season-18
6665,HLTV Team profile,2366071,https://www.hltv.org/matches/2366071/orks-vs-astralis-esl-pro-league-season-18
9565,HLTV Team profile,2366073,https://www.hltv.org/matches/2366073/vitality-vs-ninjas-in-pyjamas-esl-pro-league-season-18
6665,HLTV Team profile,2366074,https://www.hltv.org/matches/2366074/gamerlegion-vs-astralis-esl-pro-league-season-18
4411,HLTV Team profile,2366075,https://www.hltv.org/matches/2366075/ninjas-in-pyjamas-vs-furia-esl-pro-league-season-18
6665,HLTV Team profile,2366077,https://www.hltv.org/matches/2366077/astralis-vs-furia-esl-pro-league-season-18
4411,HLTV Team profile,2366078,https://www.hltv.org/matches/2366078/gamerlegion-vs-ninjas-in-pyjamas-esl-pro-league-season-18
9565,HLTV Team profile,2366080,https://www.hltv.org/matches/2366080/movistar-riders-vs-vitality-esl-pro-league-season-18
4494,HLTV Team profile,2366085,https://www.hltv.org/matches/2366085/mouz-vs-mibr-esl-pro-league-season-18
4494,HLTV Team profile,2366089,https://www.hltv.org/matches/2366089/evil-geniuses-vs-mouz-esl-pro-league-season-18
4494,HLTV Team profile,2366091,https://www.hltv.org/matches/2366091/heroic-vs-mouz-esl-pro-league-season-18
4494,HLTV Team profile,2366093,https://www.hltv.org/matches/2366093/mibr-vs-mouz-esl-pro-league-season-18
4608,HLTV Team profile,2366098,https://www.hltv.org/matches/2366098/natus-vincere-vs-5yclone-esl-pro-league-season-18
4608,HLTV Team profile,2366103,https://www.hltv.org/matches/2366103/apeks-vs-natus-vincere-esl-pro-league-season-18
4608,HLTV Team profile,2366112,https://www.hltv.org/matches/2366112/natus-vincere-vs-faze-esl-pro-league-season-18
5973,HLTV Team profile,2366114,https://www.hltv.org/matches/2366114/liquid-vs-virtuspro-esl-pro-league-season-18
5995,HLTV Team profile,2366115,https://www.hltv.org/matches/2366115/g2-vs-lynn-vision-esl-pro-league-season-18
5995,HLTV Team profile,2366118,https://www.hltv.org/matches/2366118/virtuspro-vs-g2-esl-pro-league-season-18
5973,HLTV Team profile,2366121,https://www.hltv.org/matches/2366121/liquid-vs-lynn-vision-esl-pro-league-season-18
5973,HLTV Team profile,2366123,https://www.hltv.org/matches/2366123/cloud9-vs-liquid-esl-pro-league-season-18
5973,HLTV Team profile,2366125,https://www.hltv.org/matches/2366125/virtuspro-vs-liquid-esl-pro-league-season-18
5973,HLTV Team profile,2366127,https://www.hltv.org/matches/2366127/lynn-vision-vs-liquid-esl-pro-league-season-18
5995,HLTV Team profile,2366128,https://www.hltv.org/matches/2366128/complexity-vs-g2-esl-pro-league-season-18
5973,HLTV Team profile,2366129,https://www.hltv.org/matches/2366129/eternal-fire-vs-liquid-esl-pro-league-season-18
6665,HLTV Team profile,2366131,https://www.hltv.org/matches/2366131/astralis-vs-eternal-fire-esl-pro-league-season-18
4494,HLTV Team profile,2366133,https://www.hltv.org/matches/2366133/mouz-vs-furia-esl-pro-league-season-18
4494,HLTV Team profile,2366137,https://www.hltv.org/matches/2366137/faze-vs-mouz-esl-pro-league-season-18
9565,HLTV Team profile,2366138,https://www.hltv.org/matches/2366138/vitality-vs-monte-esl-pro-league-season-18
4608,HLTV Team profile,2366139,https://www.hltv.org/matches/2366139/natus-vincere-vs-eternal-fire-esl-pro-league-season-18
4494,HLTV Team profile,2366141,https://www.hltv.org/matches/2366141/g2-vs-mouz-esl-pro-league-season-18
4608,HLTV Team profile,2366142,https://www.hltv.org/matches/2366142/monte-vs-natus-vincere-esl-pro-league-season-18
4494,HLTV Team profile,2366143,https://www.hltv.org/matches/2366143/ence-vs-mouz-esl-pro-league-season-18
4608,HLTV Team profile,2366144,https://www.hltv.org/matches/2366144/natus-vincere-vs-mouz-esl-pro-league-season-18
6665,HLTV Team profile,2366181,https://www.hltv.org/matches/2366181/astralis-vs-og-pinnacle-cup-v
6665,HLTV Team profile,2366184,https://www.hltv.org/matches/2366184/astralis-vs-00nation-pinnacle-cup-v
7020,HLTV Team profile,2366263,https://www.hltv.org/matches/2366263/spirit-vs-forze-pari-dunav-party-2023
7020,HLTV Team profile,2366267,https://www.hltv.org/matches/2366267/1win-vs-spirit-pari-dunav-party-2023
7020,HLTV Team profile,2366271,https://www.hltv.org/matches/2366271/spirit-vs-9-pandas-pari-dunav-party-2023
7020,HLTV Team profile,2366272,https://www.hltv.org/matches/2366272/virtuspro-vs-spirit-pari-dunav-party-2023
11283,HLTV Team profile,2366462,https://www.hltv.org/matches/2366462/falcons-vs-zero-tenacity-thunderpick-world-championship-2023-europe-series-2
11283,HLTV Team profile,2366472,https://www.hltv.org/matches/2366472/alternate-attax-vs-falcons-thunderpick-world-championship-2023-europe-series-2
7020,HLTV Team profile,2366478,https://www.hltv.org/matches/2366478/spirit-vs-sprout-thunderpick-world-championship-2023-europe-series-2
7020,HLTV Team profile,2366486,https://www.hltv.org/matches/2366486/spirit-vs-9z-thunderpick-world-championship-2023-europe-series-2
7020,HLTV Team profile,2366488,https://www.hltv.org/matches/2366488/mibr-vs-spirit-thunderpick-world-championship-2023-europe-series-2
7020,HLTV Team profile,2366489,https://www.hltv.org/matches/2366489/saw-vs-spirit-thunderpick-world-championship-2023-europe-series-2
11283,HLTV Team profile,2366594,https://www.hltv.org/matches/2366594/falcons-vs-tsm-cct-east-europe-series-2
7020,HLTV Team profile,2366640,https://www.hltv.org/matches/2366640/monte-vs-spirit-res-eastern-european-masters-fall-2023-blast-premier-qualifier
7020,HLTV Team profile,2366642,https://www.hltv.org/matches/2366642/spirit-vs-eternal-fire-res-eastern-european-masters-fall-2023-blast-premier-qualifier
7020,HLTV Team profile,2366644,https://www.hltv.org/matches/2366644/spirit-vs-monte-res-eastern-european-masters-fall-2023-blast-premier-qualifier
7020,HLTV Team profile,2366651,https://www.hltv.org/matches/2366651/spirit-vs-bad-news-eagles-res-eastern-european-masters-fall-2023-blast-premier-qualifier
7020,HLTV Team profile,2366652,https://www.hltv.org/matches/2366652/cloud9-vs-spirit-res-eastern-european-masters-fall-2023-blast-premier-qualifier
4494,HLTV Team profile,2366653,https://www.hltv.org/matches/2366653/mouz-vs-dusty-pelaajat-nordic-masters-fall-2023-blast-premier-qualifier
4494,HLTV Team profile,2366655,https://www.hltv.org/matches/2366655/mouz-vs-victory-zigzag-pelaajat-nordic-masters-fall-2023-blast-premier-qualifier
4494,HLTV Team profile,2366657,https://www.hltv.org/matches/2366657/mouz-vs-416olsk-pelaajat-nordic-masters-fall-2023-blast-premier-qualifier
11283,HLTV Team profile,2366694,https://www.hltv.org/matches/2366694/sampi-vs-falcons-cct-east-europe-series-2
11283,HLTV Team profile,2366749,https://www.hltv.org/matches/2366749/los-kogutos-vs-falcons-cct-east-europe-series-2
11283,HLTV Team profile,2366759,https://www.hltv.org/matches/2366759/sprout-vs-falcons-cct-north-europe-series-8
11283,HLTV Team profile,2366811,https://www.hltv.org/matches/2366811/9-pandas-vs-falcons-cct-east-europe-series-2
11283,HLTV Team profile,2366857,https://www.hltv.org/matches/2366857/falcons-vs-pge-turow-cct-north-europe-series-8
11283,HLTV Team profile,2366886,https://www.hltv.org/matches/2366886/aurora-vs-falcons-cct-east-europe-series-2
11283,HLTV Team profile,2366901,https://www.hltv.org/matches/2366901/falcons-vs-aurora-young-blud-cct-north-europe-series-8
5995,HLTV Team profile,2366928,https://www.hltv.org/matches/2366928/g2-vs-og-blast-premier-fall-showdown-2023-europe
5973,HLTV Team profile,2366930,https://www.hltv.org/matches/2366930/liquid-vs-forsaken-blast-premier-fall-showdown-2023-americas
5995,HLTV Team profile,2366934,https://www.hltv.org/matches/2366934/cloud9-vs-g2-blast-premier-fall-showdown-2023-europe
5973,HLTV Team profile,2366936,https://www.hltv.org/matches/2366936/party-astronauts-vs-liquid-blast-premier-fall-showdown-2023-americas
5973,HLTV Team profile,2366938,https://www.hltv.org/matches/2366938/liquid-vs-complexity-blast-premier-fall-showdown-2023-americas
11283,HLTV Team profile,2366940,https://www.hltv.org/matches/2366940/b8-vs-falcons-cct-north-europe-series-8
11283,HLTV Team profile,2366947,https://www.hltv.org/matches/2366947/9-pandas-vs-falcons-cct-north-europe-series-8
7020,HLTV Team profile,2366995,https://www.hltv.org/matches/2366995/spirit-vs-permitta-cct-north-europe-series-8
11283,HLTV Team profile,2366997,https://www.hltv.org/matches/2366997/9ine-vs-falcons-cct-north-europe-series-8
7020,HLTV Team profile,2367001,https://www.hltv.org/matches/2367001/spirit-vs-into-the-breach-cct-north-europe-series-8
7020,HLTV Team profile,2367004,https://www.hltv.org/matches/2367004/spirit-vs-9ine-cct-north-europe-series-8
7020,HLTV Team profile,2367006,https://www.hltv.org/matches/2367006/spirit-vs-big-cct-north-europe-series-8
11581,HLTV Team profile,2367040,https://www.hltv.org/matches/2367040/zero-tenacity-vs-hotu-cct-east-europe-series-3-closed-qualifier
11283,HLTV Team profile,2367093,https://www.hltv.org/matches/2367093/space-vs-falcons-esl-challenger-league-season-46-europe
7020,HLTV Team profile,2367097,https://www.hltv.org/matches/2367097/spirit-vs-rubik-esl-challenger-league-season-46-europe
11581,HLTV Team profile,2367111,https://www.hltv.org/matches/2367111/hotu-vs-ence-academy-cct-east-europe-series-3-closed-qualifier
4608,HLTV Team profile,2367122,https://www.hltv.org/matches/2367122/natus-vincere-vs-apeks-iem-sydney-2023
4494,HLTV Team profile,2367123,https://www.hltv.org/matches/2367123/mouz-vs-vertex-iem-sydney-2023
9565,HLTV Team profile,2367124,https://www.hltv.org/matches/2367124/vitality-vs-betboom-iem-sydney-2023
9928,HLTV Team profile,2367125,https://www.hltv.org/matches/2367125/faze-vs-gamerlegion-iem-sydney-2023
5995,HLTV Team profile,2367129,https://www.hltv.org/matches/2367129/g2-vs-grayhound-iem-sydney-2023
7020,HLTV Team profile,2367188,https://www.hltv.org/matches/2367188/spirit-vs-looking4org-esl-challenger-jnkping-2023-europe-closed-qualifier
7020,HLTV Team profile,2367191,https://www.hltv.org/matches/2367191/spirit-vs-the-chosen-few-esl-challenger-jnkping-2023-europe-closed-qualifier
7020,HLTV Team profile,2367196,https://www.hltv.org/matches/2367196/spirit-vs-movistar-riders-esl-challenger-jnkping-2023-europe-closed-qualifier
7020,HLTV Team profile,2367199,https://www.hltv.org/matches/2367199/spirit-vs-looking4org-esl-challenger-jnkping-2023-europe-closed-qualifier
11283,HLTV Team profile,2367217,https://www.hltv.org/matches/2367217/falcons-vs-parivision-esl-challenger-league-season-46-europe
7020,HLTV Team profile,2367221,https://www.hltv.org/matches/2367221/spirit-vs-pompa-esl-challenger-league-season-46-europe
4608,HLTV Team profile,2367244,https://www.hltv.org/matches/2367244/natus-vincere-vs-mouz-iem-sydney-2023
9928,HLTV Team profile,2367245,https://www.hltv.org/matches/2367245/betboom-vs-gamerlegion-iem-sydney-2023
9565,HLTV Team profile,2367247,https://www.hltv.org/matches/2367247/vitality-vs-faze-iem-sydney-2023
9928,HLTV Team profile,2367251,https://www.hltv.org/matches/2367251/apeks-vs-gamerlegion-iem-sydney-2023
5995,HLTV Team profile,2367252,https://www.hltv.org/matches/2367252/complexity-vs-g2-iem-sydney-2023
4608,HLTV Team profile,2367253,https://www.hltv.org/matches/2367253/natus-vincere-vs-faze-iem-sydney-2023
6667,HLTV Team profile,2367256,https://www.hltv.org/matches/2367256/gamerlegion-vs-faze-iem-sydney-2023
4494,HLTV Team profile,2367257,https://www.hltv.org/matches/2367257/mouz-vs-betboom-iem-sydney-2023
5995,HLTV Team profile,2367258,https://www.hltv.org/matches/2367258/g2-vs-ence-iem-sydney-2023
6667,HLTV Team profile,2367260,https://www.hltv.org/matches/2367260/ence-vs-faze-iem-sydney-2023
4494,HLTV Team profile,2367262,https://www.hltv.org/matches/2367262/mouz-vs-faze-iem-sydney-2023
5995,HLTV Team profile,2367263,https://www.hltv.org/matches/2367263/g2-vs-complexity-iem-sydney-2023
6667,HLTV Team profile,2367264,https://www.hltv.org/matches/2367264/complexity-vs-faze-iem-sydney-2023
11283,HLTV Team profile,2367309,https://www.hltv.org/matches/2367309/falcons-vs-sampi-cct-east-europe-series-3
11283,HLTV Team profile,2367372,https://www.hltv.org/matches/2367372/falcons-vs-500-cct-east-europe-series-3
7020,HLTV Team profile,2367393,https://www.hltv.org/matches/2367393/spirit-vs-eyeballers-esl-challenger-league-season-46-europe
11283,HLTV Team profile,2367409,https://www.hltv.org/matches/2367409/falcons-vs-forze-cct-east-europe-series-3
11283,HLTV Team profile,2367430,https://www.hltv.org/matches/2367430/falcons-vs-the-prodigies-se-cct-east-europe-series-3
11283,HLTV Team profile,2367435,https://www.hltv.org/matches/2367435/sprout-vs-falcons-cct-east-europe-series-3
7020,HLTV Team profile,2367445,https://www.hltv.org/matches/2367445/spirit-vs-looking4org-esl-challenger-league-season-46-europe
11283,HLTV Team profile,2367479,https://www.hltv.org/matches/2367479/falcons-vs-b8-esl-challenger-league-season-46-europe
7020,HLTV Team profile,2367484,https://www.hltv.org/matches/2367484/spirit-vs-saw-esl-challenger-league-season-46-europe
7175,HLTV Team profile,2367498,https://www.hltv.org/matches/2367498/heroic-vs-aurora-roobet-cup-2023
8297,HLTV Team profile,2367499,https://www.hltv.org/matches/2367499/eternal-fire-vs-furia-roobet-cup-2023
7020,HLTV Team profile,2367501,https://www.hltv.org/matches/2367501/virtuspro-vs-spirit-roobet-cup-2023
6665,HLTV Team profile,2367502,https://www.hltv.org/matches/2367502/astralis-vs-9ine-roobet-cup-2023
4411,HLTV Team profile,2367505,https://www.hltv.org/matches/2367505/fnatic-vs-ninjas-in-pyjamas-roobet-cup-2023
8297,HLTV Team profile,2367506,https://www.hltv.org/matches/2367506/heroic-vs-furia-roobet-cup-2023
7020,HLTV Team profile,2367509,https://www.hltv.org/matches/2367509/9z-vs-spirit-roobet-cup-2023
4411,HLTV Team profile,2367511,https://www.hltv.org/matches/2367511/monte-vs-ninjas-in-pyjamas-roobet-cup-2023
6665,HLTV Team profile,2367512,https://www.hltv.org/matches/2367512/astralis-vs-apeks-roobet-cup-2023
7175,HLTV Team profile,2367514,https://www.hltv.org/matches/2367514/heroic-vs-aurora-roobet-cup-2023
4411,HLTV Team profile,2367517,https://www.hltv.org/matches/2367517/ninjas-in-pyjamas-vs-og-roobet-cup-2023
8297,HLTV Team profile,2367520,https://www.hltv.org/matches/2367520/furia-vs-apeks-roobet-cup-2023
8297,HLTV Team profile,2367523,https://www.hltv.org/matches/2367523/furia-vs-virtuspro-roobet-cup-2023
11283,HLTV Team profile,2367551,https://www.hltv.org/matches/2367551/forze-vs-falcons-esl-challenger-league-season-46-europe
11283,HLTV Team profile,2367565,https://www.hltv.org/matches/2367565/betboom-vs-falcons-cct-east-europe-series-3
11283,HLTV Team profile,2367570,https://www.hltv.org/matches/2367570/falcons-vs-looking4org-cct-east-europe-series-3
4411,HLTV Team profile,2367576,https://www.hltv.org/matches/2367576/ninjas-in-pyjamas-vs-virtuspro-thunderpick-world-championship-2023
6667,HLTV Team profile,2367578,https://www.hltv.org/matches/2367578/faze-vs-saw-thunderpick-world-championship-2023
4411,HLTV Team profile,2367579,https://www.hltv.org/matches/2367579/fnatic-vs-ninjas-in-pyjamas-thunderpick-world-championship-2023
6667,HLTV Team profile,2367582,https://www.hltv.org/matches/2367582/monte-vs-faze-thunderpick-world-championship-2023
4494,HLTV Team profile,2367585,https://www.hltv.org/matches/2367585/mouz-vs-m80-thunderpick-world-championship-2023
7020,HLTV Team profile,2367586,https://www.hltv.org/matches/2367586/spirit-vs-complexity-thunderpick-world-championship-2023
7175,HLTV Team profile,2367591,https://www.hltv.org/matches/2367591/heroic-vs-nouns-thunderpick-world-championship-2023
8297,HLTV Team profile,2367593,https://www.hltv.org/matches/2367593/furia-vs-big-thunderpick-world-championship-2023
7020,HLTV Team profile,2367594,https://www.hltv.org/matches/2367594/spirit-vs-mouz-thunderpick-world-championship-2023
8297,HLTV Team profile,2367598,https://www.hltv.org/matches/2367598/nouns-vs-furia-thunderpick-world-championship-2023
7175,HLTV Team profile,2367599,https://www.hltv.org/matches/2367599/heroic-vs-big-thunderpick-world-championship-2023
4494,HLTV Team profile,2367600,https://www.hltv.org/matches/2367600/complexity-vs-mouz-thunderpick-world-championship-2023
8297,HLTV Team profile,2367601,https://www.hltv.org/matches/2367601/furia-vs-big-thunderpick-world-championship-2023
7020,HLTV Team profile,2367603,https://www.hltv.org/matches/2367603/spirit-vs-monte-thunderpick-world-championship-2023
7175,HLTV Team profile,2367604,https://www.hltv.org/matches/2367604/heroic-vs-virtuspro-thunderpick-world-championship-2023
4494,HLTV Team profile,2367606,https://www.hltv.org/matches/2367606/faze-vs-mouz-thunderpick-world-championship-2023
6667,HLTV Team profile,2367608,https://www.hltv.org/matches/2367608/cloud9-vs-faze-thunderpick-world-championship-2023
6667,HLTV Team profile,2367609,https://www.hltv.org/matches/2367609/faze-vs-virtuspro-thunderpick-world-championship-2023
11283,HLTV Team profile,2367624,https://www.hltv.org/matches/2367624/monte-vs-falcons-esl-challenger-league-season-46-europe
6665,HLTV Team profile,2367837,https://www.hltv.org/matches/2367837/astralis-vs-lynn-vision-cs-asia-championships-2023
4494,HLTV Team profile,2367838,https://www.hltv.org/matches/2367838/mouz-vs-wings-up-cs-asia-championships-2023
6667,HLTV Team profile,2367839,https://www.hltv.org/matches/2367839/faze-vs-ninjas-in-pyjamas-cs-asia-championships-2023
6665,HLTV Team profile,2367840,https://www.hltv.org/matches/2367840/ence-vs-astralis-cs-asia-championships-2023
4494,HLTV Team profile,2367842,https://www.hltv.org/matches/2367842/mouz-vs-faze-cs-asia-championships-2023
4411,HLTV Team profile,2367843,https://www.hltv.org/matches/2367843/wings-up-vs-ninjas-in-pyjamas-cs-asia-championships-2023
4494,HLTV Team profile,2367844,https://www.hltv.org/matches/2367844/lynn-vision-vs-mouz-cs-asia-championships-2023
4411,HLTV Team profile,2367845,https://www.hltv.org/matches/2367845/ence-vs-ninjas-in-pyjamas-cs-asia-championships-2023
4494,HLTV Team profile,2367846,https://www.hltv.org/matches/2367846/astralis-vs-mouz-cs-asia-championships-2023
6667,HLTV Team profile,2367847,https://www.hltv.org/matches/2367847/faze-vs-ence-cs-asia-championships-2023
4494,HLTV Team profile,2367848,https://www.hltv.org/matches/2367848/mouz-vs-faze-cs-asia-championships-2023
7020,HLTV Team profile,2367914,https://www.hltv.org/matches/2367914/spirit-vs-space-esl-challenger-league-season-46-europe
11283,HLTV Team profile,2367921,https://www.hltv.org/matches/2367921/rubik-vs-falcons-esl-challenger-league-season-46-europe
7020,HLTV Team profile,2367981,https://www.hltv.org/matches/2367981/9ine-vs-spirit-betboom-dacha-2023-closed-qualifier
4411,HLTV Team profile,2367982,https://www.hltv.org/matches/2367982/mibr-vs-ninjas-in-pyjamas-betboom-dacha-2023-closed-qualifier
7020,HLTV Team profile,2367985,https://www.hltv.org/matches/2367985/spirit-vs-mibr-betboom-dacha-2023-closed-qualifier
7020,HLTV Team profile,2367990,https://www.hltv.org/matches/2367990/spirit-vs-9ine-betboom-dacha-2023-closed-qualifier
7020,HLTV Team profile,2367998,https://www.hltv.org/matches/2367998/apeks-vs-spirit-esl-challenger-league-season-46-europe
6667,HLTV Team profile,2368029,https://www.hltv.org/matches/2368029/faze-vs-ninjas-in-pyjamas-blast-premier-fall-final-2023
4608,HLTV Team profile,2368030,https://www.hltv.org/matches/2368030/cloud9-vs-natus-vincere-blast-premier-fall-final-2023
9565,HLTV Team profile,2368031,https://www.hltv.org/matches/2368031/vitality-vs-heroic-blast-premier-fall-final-2023
6665,HLTV Team profile,2368032,https://www.hltv.org/matches/2368032/complexity-vs-astralis-blast-premier-fall-final-2023
4608,HLTV Team profile,2368033,https://www.hltv.org/matches/2368033/ninjas-in-pyjamas-vs-natus-vincere-blast-premier-fall-final-2023
6667,HLTV Team profile,2368034,https://www.hltv.org/matches/2368034/faze-vs-cloud9-blast-premier-fall-final-2023
6665,HLTV Team profile,2368035,https://www.hltv.org/matches/2368035/heroic-vs-astralis-blast-premier-fall-final-2023
9565,HLTV Team profile,2368036,https://www.hltv.org/matches/2368036/vitality-vs-complexity-blast-premier-fall-final-2023
7175,HLTV Team profile,2368037,https://www.hltv.org/matches/2368037/cloud9-vs-heroic-blast-premier-fall-final-2023
4608,HLTV Team profile,2368038,https://www.hltv.org/matches/2368038/natus-vincere-vs-complexity-blast-premier-fall-final-2023
9565,HLTV Team profile,2368039,https://www.hltv.org/matches/2368039/vitality-vs-cloud9-blast-premier-fall-final-2023
6667,HLTV Team profile,2368040,https://www.hltv.org/matches/2368040/faze-vs-complexity-blast-premier-fall-final-2023
9565,HLTV Team profile,2368041,https://www.hltv.org/matches/2368041/vitality-vs-faze-blast-premier-fall-final-2023
8297,HLTV Team profile,2368178,https://www.hltv.org/matches/2368178/furia-vs-aurora-pari-please-2023
8297,HLTV Team profile,2368179,https://www.hltv.org/matches/2368179/eternal-fire-vs-furia-pari-please-2023
8297,HLTV Team profile,2368181,https://www.hltv.org/matches/2368181/furia-vs-aurora-pari-please-2023
8297,HLTV Team profile,2368182,https://www.hltv.org/matches/2368182/9-pandas-vs-furia-pari-please-2023
7020,HLTV Team profile,2368193,https://www.hltv.org/matches/2368193/spirit-vs-sinners-esl-challenger-league-season-46-europe
7020,HLTV Team profile,2368199,https://www.hltv.org/matches/2368199/forze-vs-spirit-esl-challenger-league-season-46-europe
9928,HLTV Team profile,2368232,https://www.hltv.org/matches/2368232/mibr-vs-gamerlegion-esl-challenger-jnkping-2023
9928,HLTV Team profile,2368235,https://www.hltv.org/matches/2368235/3dmax-vs-gamerlegion-esl-challenger-jnkping-2023
9928,HLTV Team profile,2368237,https://www.hltv.org/matches/2368237/virtuspro-vs-gamerlegion-esl-challenger-jnkping-2023
8297,HLTV Team profile,2368304,https://www.hltv.org/matches/2368304/furia-vs-mibr-showmatch-cs
9928,HLTV Team profile,2368322,https://www.hltv.org/matches/2368322/gamerlegion-vs-fnatic-elisa-masters-espoo-2023
4494,HLTV Team profile,2368323,https://www.hltv.org/matches/2368323/mouz-vs-apeks-elisa-masters-espoo-2023
8297,HLTV Team profile,2368324,https://www.hltv.org/matches/2368324/complexity-vs-furia-elisa-masters-espoo-2023
9928,HLTV Team profile,2368325,https://www.hltv.org/matches/2368325/havu-vs-gamerlegion-elisa-masters-espoo-2023
8297,HLTV Team profile,2368327,https://www.hltv.org/matches/2368327/apeks-vs-furia-elisa-masters-espoo-2023
4494,HLTV Team profile,2368328,https://www.hltv.org/matches/2368328/mouz-vs-complexity-elisa-masters-espoo-2023
9928,HLTV Team profile,2368329,https://www.hltv.org/matches/2368329/gamerlegion-vs-ence-elisa-masters-espoo-2023
8297,HLTV Team profile,2368330,https://www.hltv.org/matches/2368330/furia-vs-mouz-elisa-masters-espoo-2023
8297,HLTV Team profile,2368331,https://www.hltv.org/matches/2368331/havu-vs-furia-elisa-masters-espoo-2023
8297,HLTV Team profile,2368333,https://www.hltv.org/matches/2368333/apeks-vs-furia-elisa-masters-espoo-2023
5995,HLTV Team profile,2368410,https://www.hltv.org/matches/2368410/g2-vs-fluxo-cct-2023-online-finals-5
5995,HLTV Team profile,2368422,https://www.hltv.org/matches/2368422/g2-vs-sprout-cct-2023-online-finals-5
5995,HLTV Team profile,2368432,https://www.hltv.org/matches/2368432/g2-vs-aurora-cct-2023-online-finals-5
5995,HLTV Team profile,2368435,https://www.hltv.org/matches/2368435/g2-vs-guild-eagles-cct-2023-online-finals-5
4411,HLTV Team profile,2368446,https://www.hltv.org/matches/2368446/ninjas-in-pyjamas-vs-godsent-svenska-cupen-2023
4411,HLTV Team profile,2368448,https://www.hltv.org/matches/2368448/alliance-vs-ninjas-in-pyjamas-svenska-cupen-2023
6248,HLTV Team profile,2368489,https://www.hltv.org/matches/2368489/the-mongolz-vs-newhappy-esl-challenger-league-season-46-asia-pacific
9928,HLTV Team profile,2368496,https://www.hltv.org/matches/2368496/gamerlegion-vs-cloud9-betboom-dacha-2023
6665,HLTV Team profile,2368498,https://www.hltv.org/matches/2368498/astralis-vs-virtuspro-betboom-dacha-2023
8297,HLTV Team profile,2368499,https://www.hltv.org/matches/2368499/furia-vs-spirit-betboom-dacha-2023
9928,HLTV Team profile,2368500,https://www.hltv.org/matches/2368500/gamerlegion-vs-betboom-betboom-dacha-2023
7020,HLTV Team profile,2368503,https://www.hltv.org/matches/2368503/virtuspro-vs-spirit-betboom-dacha-2023
8297,HLTV Team profile,2368504,https://www.hltv.org/matches/2368504/astralis-vs-furia-betboom-dacha-2023
8297,HLTV Team profile,2368505,https://www.hltv.org/matches/2368505/spirit-vs-furia-betboom-dacha-2023
7020,HLTV Team profile,2368506,https://www.hltv.org/matches/2368506/mibr-vs-spirit-betboom-dacha-2023
7020,HLTV Team profile,2368508,https://www.hltv.org/matches/2368508/virtuspro-vs-spirit-betboom-dacha-2023
9565,HLTV Team profile,2368516,https://www.hltv.org/matches/2368516/vitality-vs-natus-vincere-blast-premier-world-final-2023
6667,HLTV Team profile,2368517,https://www.hltv.org/matches/2368517/faze-vs-heroic-blast-premier-world-final-2023
4494,HLTV Team profile,2368518,https://www.hltv.org/matches/2368518/mouz-vs-g2-blast-premier-world-final-2023
4608,HLTV Team profile,2368519,https://www.hltv.org/matches/2368519/ence-vs-natus-vincere-blast-premier-world-final-2023
9565,HLTV Team profile,2368520,https://www.hltv.org/matches/2368520/cloud9-vs-vitality-blast-premier-world-final-2023
4494,HLTV Team profile,2368521,https://www.hltv.org/matches/2368521/heroic-vs-mouz-blast-premier-world-final-2023
6667,HLTV Team profile,2368522,https://www.hltv.org/matches/2368522/faze-vs-g2-blast-premier-world-final-2023
4494,HLTV Team profile,2368523,https://www.hltv.org/matches/2368523/cloud9-vs-mouz-blast-premier-world-final-2023
4608,HLTV Team profile,2368524,https://www.hltv.org/matches/2368524/natus-vincere-vs-g2-blast-premier-world-final-2023
4494,HLTV Team profile,2368525,https://www.hltv.org/matches/2368525/faze-vs-mouz-blast-premier-world-final-2023
9565,HLTV Team profile,2368526,https://www.hltv.org/matches/2368526/vitality-vs-natus-vincere-blast-premier-world-final-2023
9565,HLTV Team profile,2368527,https://www.hltv.org/matches/2368527/faze-vs-vitality-blast-premier-world-final-2023
6248,HLTV Team profile,2368594,https://www.hltv.org/matches/2368594/complexity-vs-the-mongolz-esl-challenger-atlanta-2023
9928,HLTV Team profile,2368595,https://www.hltv.org/matches/2368595/apeks-vs-gamerlegion-esl-challenger-atlanta-2023
6248,HLTV Team profile,2368598,https://www.hltv.org/matches/2368598/apeks-vs-the-mongolz-esl-challenger-atlanta-2023
9928,HLTV Team profile,2368601,https://www.hltv.org/matches/2368601/gamerlegion-vs-complexity-esl-challenger-atlanta-2023
6248,HLTV Team profile,2368603,https://www.hltv.org/matches/2368603/the-mongolz-vs-complexity-esl-challenger-atlanta-2023
6248,HLTV Team profile,2368605,https://www.hltv.org/matches/2368605/virtuspro-vs-the-mongolz-esl-challenger-atlanta-2023
6248,HLTV Team profile,2368608,https://www.hltv.org/matches/2368608/fyr-vs-the-mongolz-esl-challenger-league-season-46-asia-pacific
6248,HLTV Team profile,2368611,https://www.hltv.org/matches/2368611/the-mongolz-vs-gr-esl-challenger-league-season-46-asia-pacific
6248,HLTV Team profile,2368612,https://www.hltv.org/matches/2368612/newhappy-vs-the-mongolz-esl-challenger-league-season-46-asia-pacific
6248,HLTV Team profile,2368613,https://www.hltv.org/matches/2368613/lynn-vision-vs-the-mongolz-esl-challenger-league-season-46-asia-pacific
6248,HLTV Team profile,2368614,https://www.hltv.org/matches/2368614/tyloo-vs-the-mongolz-esl-challenger-league-season-46-asia-pacific
5973,HLTV Team profile,2368815,https://www.hltv.org/matches/2368815/los-vs-liquid-pgl-cs2-major-copenhagen-2024-na-rmr-open-qualifier-1
5973,HLTV Team profile,2368818,https://www.hltv.org/matches/2368818/liquid-vs-vagrants-pgl-cs2-major-copenhagen-2024-na-rmr-open-qualifier-1
5973,HLTV Team profile,2368819,https://www.hltv.org/matches/2368819/liquid-vs-nrg-pgl-cs2-major-copenhagen-2024-na-rmr-open-qualifier-1
9565,HLTV Team profile,2368862,https://www.hltv.org/matches/2368862/vitality-vs-og-blast-premier-spring-groups-2024
11283,HLTV Team profile,2368863,https://www.hltv.org/matches/2368863/astralis-vs-falcons-blast-premier-spring-groups-2024
9565,HLTV Team profile,2368864,https://www.hltv.org/matches/2368864/vitality-vs-astralis-blast-premier-spring-groups-2024
11283,HLTV Team profile,2368865,https://www.hltv.org/matches/2368865/og-vs-falcons-blast-premier-spring-groups-2024
9565,HLTV Team profile,2368866,https://www.hltv.org/matches/2368866/vitality-vs-falcons-blast-premier-spring-groups-2024
9565,HLTV Team profile,2368867,https://www.hltv.org/matches/2368867/astralis-vs-vitality-blast-premier-spring-groups-2024
6667,HLTV Team profile,2368868,https://www.hltv.org/matches/2368868/faze-vs-gamerlegion-blast-premier-spring-groups-2024
7020,HLTV Team profile,2368869,https://www.hltv.org/matches/2368869/spirit-vs-liquid-blast-premier-spring-groups-2024
5973,HLTV Team profile,2368870,https://www.hltv.org/matches/2368870/gamerlegion-vs-liquid-blast-premier-spring-groups-2024
7020,HLTV Team profile,2368871,https://www.hltv.org/matches/2368871/faze-vs-spirit-blast-premier-spring-groups-2024
6667,HLTV Team profile,2368872,https://www.hltv.org/matches/2368872/gamerlegion-vs-faze-blast-premier-spring-groups-2024
6667,HLTV Team profile,2368873,https://www.hltv.org/matches/2368873/liquid-vs-faze-blast-premier-spring-groups-2024
5995,HLTV Team profile,2368874,https://www.hltv.org/matches/2368874/g2-vs-ninjas-in-pyjamas-blast-premier-spring-groups-2024
4608,HLTV Team profile,2368875,https://www.hltv.org/matches/2368875/natus-vincere-vs-complexity-blast-premier-spring-groups-2024
4608,HLTV Team profile,2368876,https://www.hltv.org/matches/2368876/g2-vs-natus-vincere-blast-premier-spring-groups-2024
4411,HLTV Team profile,2368877,https://www.hltv.org/matches/2368877/ninjas-in-pyjamas-vs-complexity-blast-premier-spring-groups-2024
5995,HLTV Team profile,2368878,https://www.hltv.org/matches/2368878/g2-vs-ninjas-in-pyjamas-blast-premier-spring-groups-2024
4608,HLTV Team profile,2368879,https://www.hltv.org/matches/2368879/natus-vincere-vs-g2-blast-premier-spring-groups-2024
7175,HLTV Team profile,2368881,https://www.hltv.org/matches/2368881/cloud9-vs-heroic-blast-premier-spring-groups-2024
7175,HLTV Team profile,2368883,https://www.hltv.org/matches/2368883/big-vs-heroic-blast-premier-spring-groups-2024
6665,HLTV Team profile,2368886,https://www.hltv.org/matches/2368886/astralis-vs-big-blast-premier-spring-groups-2024
5995,HLTV Team profile,2368887,https://www.hltv.org/matches/2368887/g2-vs-liquid-blast-premier-spring-groups-2024
7175,HLTV Team profile,2368891,https://www.hltv.org/matches/2368891/heroic-vs-gun5-pgl-cs2-major-copenhagen-2024-europe-rmr-open-qualifier-2
7175,HLTV Team profile,2368907,https://www.hltv.org/matches/2368907/heroic-vs-havu-pgl-cs2-major-copenhagen-2024-europe-rmr-open-qualifier-2
7175,HLTV Team profile,2368915,https://www.hltv.org/matches/2368915/synck-vs-heroic-pgl-cs2-major-copenhagen-2024-europe-rmr-open-qualifier-2
7175,HLTV Team profile,2368919,https://www.hltv.org/matches/2368919/heroic-vs-ikla-pgl-cs2-major-copenhagen-2024-europe-rmr-open-qualifier-2
7175,HLTV Team profile,2368921,https://www.hltv.org/matches/2368921/sinners-vs-heroic-pgl-cs2-major-copenhagen-2024-europe-rmr-open-qualifier-2
5973,HLTV Team profile,2368991,https://www.hltv.org/matches/2368991/nouns-vs-liquid-pgl-cs2-major-copenhagen-2024-na-rmr-closed-qualifier
5973,HLTV Team profile,2368999,https://www.hltv.org/matches/2368999/m80-vs-liquid-pgl-cs2-major-copenhagen-2024-na-rmr-closed-qualifier
5973,HLTV Team profile,2369005,https://www.hltv.org/matches/2369005/liquid-vs-badass-pgl-cs2-major-copenhagen-2024-na-rmr-closed-qualifier
5973,HLTV Team profile,2369018,https://www.hltv.org/matches/2369018/party-astronauts-vs-liquid-pgl-cs2-major-copenhagen-2024-na-rmr-closed-qualifier
4411,HLTV Team profile,2369030,https://www.hltv.org/matches/2369030/ninjas-in-pyjamas-vs-lilmix-copenhagen-gaming-week-2024
6665,HLTV Team profile,2369031,https://www.hltv.org/matches/2369031/alternate-attax-vs-astralis-copenhagen-gaming-week-2024
6665,HLTV Team profile,2369032,https://www.hltv.org/matches/2369032/ninjas-in-pyjamas-vs-astralis-copenhagen-gaming-week-2024
5973,HLTV Team profile,2369144,https://www.hltv.org/matches/2369144/liquid-vs-los-iem-chengdu-2024-north-america-open-qualifier-1
5973,HLTV Team profile,2369149,https://www.hltv.org/matches/2369149/wildcard-vs-liquid-iem-chengdu-2024-north-america-open-qualifier-1
5973,HLTV Team profile,2369180,https://www.hltv.org/matches/2369180/huge-sweaty-vs-liquid-iem-chengdu-2024-north-america-open-qualifier-1
5973,HLTV Team profile,2369182,https://www.hltv.org/matches/2369182/badass-vs-liquid-iem-chengdu-2024-north-america-open-qualifier-1
4608,HLTV Team profile,2369213,https://www.hltv.org/matches/2369213/natus-vincere-vs-ecstatic-pgl-cs2-major-copenhagen-2024-europe-rmr-closed-qualifier-a
4494,HLTV Team profile,2369220,https://www.hltv.org/matches/2369220/mouz-vs-eyeballers-pgl-cs2-major-copenhagen-2024-europe-rmr-closed-qualifier-b
7020,HLTV Team profile,2369221,https://www.hltv.org/matches/2369221/spirit-vs-koi-pgl-cs2-major-copenhagen-2024-europe-rmr-closed-qualifier-b
6665,HLTV Team profile,2369224,https://www.hltv.org/matches/2369224/astralis-vs-ex-thunderflash-pgl-cs2-major-copenhagen-2024-europe-rmr-closed-qualifier-b
7175,HLTV Team profile,2369227,https://www.hltv.org/matches/2369227/forze-vs-heroic-pgl-cs2-major-copenhagen-2024-europe-rmr-closed-qualifier-b
4608,HLTV Team profile,2369237,https://www.hltv.org/matches/2369237/natus-vincere-vs-9-pandas-pgl-cs2-major-copenhagen-2024-europe-rmr-closed-qualifier-a
4608,HLTV Team profile,2369248,https://www.hltv.org/matches/2369248/natus-vincere-vs-virtuspro-pgl-cs2-major-copenhagen-2024-europe-rmr-closed-qualifier-a
4494,HLTV Team profile,2369261,https://www.hltv.org/matches/2369261/mouz-vs-heroic-pgl-cs2-major-copenhagen-2024-europe-rmr-closed-qualifier-b
6665,HLTV Team profile,2369264,https://www.hltv.org/matches/2369264/astralis-vs-preasy-pgl-cs2-major-copenhagen-2024-europe-rmr-closed-qualifier-b
7020,HLTV Team profile,2369265,https://www.hltv.org/matches/2369265/spirit-vs-entropiq-pgl-cs2-major-copenhagen-2024-europe-rmr-closed-qualifier-b
7175,HLTV Team profile,2369269,https://www.hltv.org/matches/2369269/koi-vs-heroic-pgl-cs2-major-copenhagen-2024-europe-rmr-closed-qualifier-b
7020,HLTV Team profile,2369270,https://www.hltv.org/matches/2369270/preasy-vs-spirit-pgl-cs2-major-copenhagen-2024-europe-rmr-closed-qualifier-b
4494,HLTV Team profile,2369273,https://www.hltv.org/matches/2369273/eternal-fire-vs-mouz-pgl-cs2-major-copenhagen-2024-europe-rmr-closed-qualifier-b
6665,HLTV Team profile,2369274,https://www.hltv.org/matches/2369274/amkal-vs-astralis-pgl-cs2-major-copenhagen-2024-europe-rmr-closed-qualifier-b
7175,HLTV Team profile,2369278,https://www.hltv.org/matches/2369278/ikla-vs-heroic-pgl-cs2-major-copenhagen-2024-europe-rmr-closed-qualifier-b
6665,HLTV Team profile,2369280,https://www.hltv.org/matches/2369280/astralis-vs-pera-pgl-cs2-major-copenhagen-2024-europe-rmr-closed-qualifier-b
7020,HLTV Team profile,2369282,https://www.hltv.org/matches/2369282/mouz-vs-spirit-pgl-cs2-major-copenhagen-2024-europe-rmr-closed-qualifier-b
4494,HLTV Team profile,2369284,https://www.hltv.org/matches/2369284/mouz-vs-preasy-pgl-cs2-major-copenhagen-2024-europe-rmr-closed-qualifier-b
7175,HLTV Team profile,2369285,https://www.hltv.org/matches/2369285/synck-vs-heroic-pgl-cs2-major-copenhagen-2024-europe-rmr-closed-qualifier-b
4411,HLTV Team profile,2369321,https://www.hltv.org/matches/2369321/ninjas-in-pyjamas-vs-500-iem-chengdu-2024-europe-open-qualifier-1
6248,HLTV Team profile,2369369,https://www.hltv.org/matches/2369369/the-mongolz-vs-nkt-pgl-cs2-major-copenhagen-2024-east-asia-rmr-closed-qualifier
6248,HLTV Team profile,2369373,https://www.hltv.org/matches/2369373/the-mongolz-vs-mungyu-pgl-cs2-major-copenhagen-2024-east-asia-rmr-closed-qualifier
6248,HLTV Team profile,2369379,https://www.hltv.org/matches/2369379/atox-vs-the-mongolz-pgl-cs2-major-copenhagen-2024-east-asia-rmr-closed-qualifier
5973,HLTV Team profile,2369383,https://www.hltv.org/matches/2369383/liquid-vs-boss-iem-chengdu-2024-north-america-closed-qualifier
5973,HLTV Team profile,2369384,https://www.hltv.org/matches/2369384/wildcard-vs-liquid-iem-chengdu-2024-north-america-closed-qualifier
5973,HLTV Team profile,2369387,https://www.hltv.org/matches/2369387/liquid-vs-m80-iem-chengdu-2024-north-america-closed-qualifier
6665,HLTV Team profile,2369402,https://www.hltv.org/matches/2369402/heroic-vs-astralis-iem-katowice-2024-play-in
8297,HLTV Team profile,2369404,https://www.hltv.org/matches/2369404/furia-vs-the-mongolz-iem-katowice-2024-play-in
7020,HLTV Team profile,2369405,https://www.hltv.org/matches/2369405/spirit-vs-apeks-iem-katowice-2024-play-in
9928,HLTV Team profile,2369406,https://www.hltv.org/matches/2369406/gamerlegion-vs-m80-iem-katowice-2024-play-in
6667,HLTV Team profile,2369408,https://www.hltv.org/matches/2369408/faze-vs-rebels-iem-katowice-2024
11283,HLTV Team profile,2369409,https://www.hltv.org/matches/2369409/falcons-vs-eternal-fire-iem-katowice-2024
4608,HLTV Team profile,2369410,https://www.hltv.org/matches/2369410/natus-vincere-vs-spirit-iem-katowice-2024
9565,HLTV Team profile,2369412,https://www.hltv.org/matches/2369412/vitality-vs-ence-iem-katowice-2024
5995,HLTV Team profile,2369413,https://www.hltv.org/matches/2369413/g2-vs-heroic-iem-katowice-2024
9928,HLTV Team profile,2369414,https://www.hltv.org/matches/2369414/monte-vs-gamerlegion-iem-katowice-2024
4494,HLTV Team profile,2369415,https://www.hltv.org/matches/2369415/mouz-vs-cloud9-iem-katowice-2024
6248,HLTV Team profile,2369457,https://www.hltv.org/matches/2369457/the-mongolz-vs-acme-extremesland-2023
6248,HLTV Team profile,2369462,https://www.hltv.org/matches/2369462/tyloo-vs-the-mongolz-extremesland-2023
6248,HLTV Team profile,2369469,https://www.hltv.org/matches/2369469/the-mongolz-vs-nkt-extremesland-2023
6248,HLTV Team profile,2369470,https://www.hltv.org/matches/2369470/lynn-vision-vs-the-mongolz-extremesland-2023
7175,HLTV Team profile,2369474,https://www.hltv.org/matches/2369474/heroic-vs-big-iem-katowice-2024-play-in
7020,HLTV Team profile,2369475,https://www.hltv.org/matches/2369475/spirit-vs-the-mongolz-iem-katowice-2024-play-in
9928,HLTV Team profile,2369476,https://www.hltv.org/matches/2369476/gamerlegion-vs-virtuspro-iem-katowice-2024-play-in
6665,HLTV Team profile,2369478,https://www.hltv.org/matches/2369478/astralis-vs-ence-iem-katowice-2024-play-in
8297,HLTV Team profile,2369479,https://www.hltv.org/matches/2369479/apeks-vs-furia-iem-katowice-2024-play-in
6248,HLTV Team profile,2369483,https://www.hltv.org/matches/2369483/the-mongolz-vs-ence-iem-katowice-2024-play-in
6667,HLTV Team profile,2369487,https://www.hltv.org/matches/2369487/eternal-fire-vs-faze-iem-katowice-2024
11283,HLTV Team profile,2369488,https://www.hltv.org/matches/2369488/falcons-vs-rebels-iem-katowice-2024
7020,HLTV Team profile,2369489,https://www.hltv.org/matches/2369489/spirit-vs-complexity-iem-katowice-2024
4608,HLTV Team profile,2369490,https://www.hltv.org/matches/2369490/natus-vincere-vs-apeks-iem-katowice-2024
11283,HLTV Team profile,2369491,https://www.hltv.org/matches/2369491/complexity-vs-falcons-iem-katowice-2024
4608,HLTV Team profile,2369492,https://www.hltv.org/matches/2369492/natus-vincere-vs-eternal-fire-iem-katowice-2024
7020,HLTV Team profile,2369493,https://www.hltv.org/matches/2369493/spirit-vs-faze-iem-katowice-2024
11283,HLTV Team profile,2369494,https://www.hltv.org/matches/2369494/falcons-vs-natus-vincere-iem-katowice-2024
9565,HLTV Team profile,2369495,https://www.hltv.org/matches/2369495/heroic-vs-vitality-iem-katowice-2024
5995,HLTV Team profile,2369497,https://www.hltv.org/matches/2369497/g2-vs-ence-iem-katowice-2024
4494,HLTV Team profile,2369498,https://www.hltv.org/matches/2369498/gamerlegion-vs-mouz-iem-katowice-2024
9928,HLTV Team profile,2369499,https://www.hltv.org/matches/2369499/heroic-vs-gamerlegion-iem-katowice-2024
5995,HLTV Team profile,2369500,https://www.hltv.org/matches/2369500/monte-vs-g2-iem-katowice-2024
4494,HLTV Team profile,2369501,https://www.hltv.org/matches/2369501/mouz-vs-ence-iem-katowice-2024
5995,HLTV Team profile,2369502,https://www.hltv.org/matches/2369502/heroic-vs-g2-iem-katowice-2024
6667,HLTV Team profile,2369503,https://www.hltv.org/matches/2369503/faze-vs-g2-iem-katowice-2024
11283,HLTV Team profile,2369504,https://www.hltv.org/matches/2369504/ence-vs-falcons-iem-katowice-2024
4494,HLTV Team profile,2369505,https://www.hltv.org/matches/2369505/mouz-vs-faze-iem-katowice-2024
11283,HLTV Team profile,2369506,https://www.hltv.org/matches/2369506/spirit-vs-falcons-iem-katowice-2024
7020,HLTV Team profile,2369507,https://www.hltv.org/matches/2369507/faze-vs-spirit-iem-katowice-2024
6248,HLTV Team profile,2369510,https://www.hltv.org/matches/2369510/the-mongolz-vs-the-huns-iem-chengdu-2024-asia-closed-qualifier
6248,HLTV Team profile,2369512,https://www.hltv.org/matches/2369512/the-mongolz-vs-tyloo-iem-chengdu-2024-asia-closed-qualifier
6248,HLTV Team profile,2369515,https://www.hltv.org/matches/2369515/the-mongolz-vs-tyloo-iem-chengdu-2024-asia-closed-qualifier
8297,HLTV Team profile,2369713,https://www.hltv.org/matches/2369713/furia-vs-metizport-res-western-european-masters-spring-2024-blast-premier-qualifier
8297,HLTV Team profile,2369715,https://www.hltv.org/matches/2369715/ex-anonymo-vs-furia-res-western-european-masters-spring-2024-blast-premier-qualifier
8297,HLTV Team profile,2369716,https://www.hltv.org/matches/2369716/metizport-vs-furia-res-western-european-masters-spring-2024-blast-premier-qualifier
6667,HLTV Team profile,2369720,https://www.hltv.org/matches/2369720/faze-vs-9-pandas-pgl-cs2-major-copenhagen-2024-europe-rmr-a
4608,HLTV Team profile,2369722,https://www.hltv.org/matches/2369722/natus-vincere-vs-koi-pgl-cs2-major-copenhagen-2024-europe-rmr-a
5995,HLTV Team profile,2369723,https://www.hltv.org/matches/2369723/g2-vs-into-the-breach-pgl-cs2-major-copenhagen-2024-europe-rmr-a
4411,HLTV Team profile,2369724,https://www.hltv.org/matches/2369724/eternal-fire-vs-ninjas-in-pyjamas-pgl-cs2-major-copenhagen-2024-europe-rmr-a
11283,HLTV Team profile,2369727,https://www.hltv.org/matches/2369727/3dmax-vs-falcons-pgl-cs2-major-copenhagen-2024-europe-rmr-a
4411,HLTV Team profile,2369728,https://www.hltv.org/matches/2369728/ninjas-in-pyjamas-vs-amkal-pgl-cs2-major-copenhagen-2024-europe-rmr-a
11283,HLTV Team profile,2369732,https://www.hltv.org/matches/2369732/faze-vs-falcons-pgl-cs2-major-copenhagen-2024-europe-rmr-a
4608,HLTV Team profile,2369734,https://www.hltv.org/matches/2369734/natus-vincere-vs-enterprise-pgl-cs2-major-copenhagen-2024-europe-rmr-a
5995,HLTV Team profile,2369735,https://www.hltv.org/matches/2369735/g2-vs-eternal-fire-pgl-cs2-major-copenhagen-2024-europe-rmr-a
11283,HLTV Team profile,2369736,https://www.hltv.org/matches/2369736/eternal-fire-vs-falcons-pgl-cs2-major-copenhagen-2024-europe-rmr-a
6667,HLTV Team profile,2369740,https://www.hltv.org/matches/2369740/faze-vs-g2-pgl-cs2-major-copenhagen-2024-europe-rmr-a
4411,HLTV Team profile,2369741,https://www.hltv.org/matches/2369741/saw-vs-ninjas-in-pyjamas-pgl-cs2-major-copenhagen-2024-europe-rmr-a
4608,HLTV Team profile,2369742,https://www.hltv.org/matches/2369742/virtuspro-vs-natus-vincere-pgl-cs2-major-copenhagen-2024-europe-rmr-a
11283,HLTV Team profile,2369745,https://www.hltv.org/matches/2369745/amkal-vs-falcons-pgl-cs2-major-copenhagen-2024-europe-rmr-a
6667,HLTV Team profile,2369746,https://www.hltv.org/matches/2369746/faze-vs-eternal-fire-pgl-cs2-major-copenhagen-2024-europe-rmr-a
4608,HLTV Team profile,2369748,https://www.hltv.org/matches/2369748/natus-vincere-vs-betboom-pgl-cs2-major-copenhagen-2024-europe-rmr-a
12376,HLTV Team profile,2369783,https://www.hltv.org/matches/2369783/m80-vs-boss-esl-challenger-league-season-47-north-america
12376,HLTV Team profile,2369787,https://www.hltv.org/matches/2369787/m80-vs-one-more-esl-challenger-league-season-47-north-america
12376,HLTV Team profile,2369790,https://www.hltv.org/matches/2369790/boss-vs-m80-esl-challenger-league-season-47-north-america
12376,HLTV Team profile,2369794,https://www.hltv.org/matches/2369794/one-more-vs-m80-esl-challenger-league-season-47-north-america
9565,HLTV Team profile,2369916,https://www.hltv.org/matches/2369916/vitality-vs-gamerlegion-pgl-cs2-major-copenhagen-2024-europe-rmr-b
4494,HLTV Team profile,2369917,https://www.hltv.org/matches/2369917/mouz-vs-guild-eagles-pgl-cs2-major-copenhagen-2024-europe-rmr-b
7020,HLTV Team profile,2369918,https://www.hltv.org/matches/2369918/spirit-vs-ence-pgl-cs2-major-copenhagen-2024-europe-rmr-b
6665,HLTV Team profile,2369922,https://www.hltv.org/matches/2369922/astralis-vs-nexus-pgl-cs2-major-copenhagen-2024-europe-rmr-b
7175,HLTV Team profile,2369923,https://www.hltv.org/matches/2369923/preasy-vs-heroic-pgl-cs2-major-copenhagen-2024-europe-rmr-b
9928,HLTV Team profile,2369925,https://www.hltv.org/matches/2369925/gamerlegion-vs-pera-pgl-cs2-major-copenhagen-2024-europe-rmr-b
4494,HLTV Team profile,2369929,https://www.hltv.org/matches/2369929/mouz-vs-ecstatic-pgl-cs2-major-copenhagen-2024-europe-rmr-b
7020,HLTV Team profile,2369930,https://www.hltv.org/matches/2369930/spirit-vs-astralis-pgl-cs2-major-copenhagen-2024-europe-rmr-b
9565,HLTV Team profile,2369931,https://www.hltv.org/matches/2369931/vitality-vs-heroic-pgl-cs2-major-copenhagen-2024-europe-rmr-b
6665,HLTV Team profile,2369934,https://www.hltv.org/matches/2369934/astralis-vs-heroic-pgl-cs2-major-copenhagen-2024-europe-rmr-b
9928,HLTV Team profile,2369935,https://www.hltv.org/matches/2369935/gamerlegion-vs-ence-pgl-cs2-major-copenhagen-2024-europe-rmr-b
9565,HLTV Team profile,2369936,https://www.hltv.org/matches/2369936/vitality-vs-cloud9-pgl-cs2-major-copenhagen-2024-europe-rmr-b
7020,HLTV Team profile,2369938,https://www.hltv.org/matches/2369938/spirit-vs-mouz-pgl-cs2-major-copenhagen-2024-europe-rmr-b
6665,HLTV Team profile,2369941,https://www.hltv.org/matches/2369941/monte-vs-astralis-pgl-cs2-major-copenhagen-2024-europe-rmr-b
9565,HLTV Team profile,2369942,https://www.hltv.org/matches/2369942/vitality-vs-ence-pgl-cs2-major-copenhagen-2024-europe-rmr-b
9928,HLTV Team profile,2369943,https://www.hltv.org/matches/2369943/og-vs-gamerlegion-pgl-cs2-major-copenhagen-2024-europe-rmr-b
7020,HLTV Team profile,2369944,https://www.hltv.org/matches/2369944/spirit-vs-heroic-pgl-cs2-major-copenhagen-2024-europe-rmr-b
6665,HLTV Team profile,2369946,https://www.hltv.org/matches/2369946/ence-vs-astralis-pgl-cs2-major-copenhagen-2024-europe-rmr-b
9928,HLTV Team profile,2369948,https://www.hltv.org/matches/2369948/heroic-vs-gamerlegion-pgl-cs2-major-copenhagen-2024-europe-rmr-b
4773,HLTV Team profile,2370006,https://www.hltv.org/matches/2370006/mibr-vs-pain-esl-challenger-league-season-47-south-america
4773,HLTV Team profile,2370013,https://www.hltv.org/matches/2370013/pain-vs-mibr-esl-challenger-league-season-47-south-america
8297,HLTV Team profile,2370065,https://www.hltv.org/matches/2370065/furia-vs-imperial-iem-dallas-2024-south-america-closed-qualifier
8297,HLTV Team profile,2370067,https://www.hltv.org/matches/2370067/furia-vs-9z-iem-dallas-2024-south-america-closed-qualifier
8297,HLTV Team profile,2370070,https://www.hltv.org/matches/2370070/furia-vs-9z-iem-dallas-2024-south-america-closed-qualifier
5973,HLTV Team profile,2370075,https://www.hltv.org/matches/2370075/liquid-vs-ex-catevil-iem-dallas-2024-north-america-open-qualifier-1
5973,HLTV Team profile,2370079,https://www.hltv.org/matches/2370079/liquid-vs-might-iem-dallas-2024-north-america-open-qualifier-1
5973,HLTV Team profile,2370081,https://www.hltv.org/matches/2370081/liquid-vs-party-astronauts-iem-dallas-2024-north-america-open-qualifier-1
6665,HLTV Team profile,2370082,https://www.hltv.org/matches/2370082/9-pandas-vs-astralis-pgl-cs2-major-copenhagen-2024-europe-last-chance-qualifier
9928,HLTV Team profile,2370084,https://www.hltv.org/matches/2370084/fnatic-vs-gamerlegion-pgl-cs2-major-copenhagen-2024-europe-last-chance-qualifier
9928,HLTV Team profile,2370085,https://www.hltv.org/matches/2370085/guild-eagles-vs-gamerlegion-pgl-cs2-major-copenhagen-2024-europe-last-chance-qualifier
9928,HLTV Team profile,2370086,https://www.hltv.org/matches/2370086/9-pandas-vs-gamerlegion-pgl-cs2-major-copenhagen-2024-europe-last-chance-qualifier
12376,HLTV Team profile,2370106,https://www.hltv.org/matches/2370106/m80-vs-mythic-esl-challenger-league-season-47-north-america
6248,HLTV Team profile,2370109,https://www.hltv.org/matches/2370109/the-mongolz-vs-mag-pgl-cs2-major-copenhagen-2024-asia-rmr
6248,HLTV Team profile,2370113,https://www.hltv.org/matches/2370113/the-mongolz-vs-grayhound-pgl-cs2-major-copenhagen-2024-asia-rmr
6248,HLTV Team profile,2370119,https://www.hltv.org/matches/2370119/the-mongolz-vs-lynn-vision-pgl-cs2-major-copenhagen-2024-asia-rmr
5973,HLTV Team profile,2370160,https://www.hltv.org/matches/2370160/liquid-vs-nouns-iem-dallas-2024-north-america-closed-qualifier
5973,HLTV Team profile,2370162,https://www.hltv.org/matches/2370162/liquid-vs-wildcard-iem-dallas-2024-north-america-closed-qualifier
5973,HLTV Team profile,2370163,https://www.hltv.org/matches/2370163/boss-vs-liquid-iem-dallas-2024-north-america-closed-qualifier
5973,HLTV Team profile,2370164,https://www.hltv.org/matches/2370164/nouns-vs-liquid-iem-dallas-2024-north-america-closed-qualifier
8297,HLTV Team profile,2370183,https://www.hltv.org/matches/2370183/furia-vs-nouns-pgl-cs2-major-copenhagen-2024-americas-rmr
5973,HLTV Team profile,2370189,https://www.hltv.org/matches/2370189/bestia-vs-liquid-pgl-cs2-major-copenhagen-2024-americas-rmr
8297,HLTV Team profile,2370193,https://www.hltv.org/matches/2370193/furia-vs-liquid-pgl-cs2-major-copenhagen-2024-americas-rmr
5973,HLTV Team profile,2370199,https://www.hltv.org/matches/2370199/boss-vs-liquid-pgl-cs2-major-copenhagen-2024-americas-rmr
8297,HLTV Team profile,2370203,https://www.hltv.org/matches/2370203/furia-vs-complexity-pgl-cs2-major-copenhagen-2024-americas-rmr
5973,HLTV Team profile,2370207,https://www.hltv.org/matches/2370207/complexity-vs-liquid-pgl-cs2-major-copenhagen-2024-americas-rmr
4411,HLTV Team profile,2370241,https://www.hltv.org/matches/2370241/heroic-vs-ninjas-in-pyjamas-blast-premier-spring-showdown-2024
11283,HLTV Team profile,2370242,https://www.hltv.org/matches/2370242/falcons-vs-metizport-blast-premier-spring-showdown-2024
5973,HLTV Team profile,2370243,https://www.hltv.org/matches/2370243/liquid-vs-saw-blast-premier-spring-showdown-2024
7020,HLTV Team profile,2370246,https://www.hltv.org/matches/2370246/spirit-vs-elevate-blast-premier-spring-showdown-2024
9928,HLTV Team profile,2370247,https://www.hltv.org/matches/2370247/gamerlegion-vs-big-blast-premier-spring-showdown-2024
7175,HLTV Team profile,2370248,https://www.hltv.org/matches/2370248/heroic-vs-og-blast-premier-spring-showdown-2024
7020,HLTV Team profile,2370250,https://www.hltv.org/matches/2370250/spirit-vs-big-blast-premier-spring-showdown-2024
7020,HLTV Team profile,2370253,https://www.hltv.org/matches/2370253/metizport-vs-spirit-blast-premier-spring-showdown-2024
12376,HLTV Team profile,2370320,https://www.hltv.org/matches/2370320/m80-vs-nrg-esl-challenger-league-season-47-north-america
12376,HLTV Team profile,2370325,https://www.hltv.org/matches/2370325/nrg-vs-m80-esl-challenger-league-season-47-north-america
7175,HLTV Team profile,2370414,https://www.hltv.org/matches/2370414/heroic-vs-preasy-iem-dallas-2024-europe-closed-qualifier
7175,HLTV Team profile,2370417,https://www.hltv.org/matches/2370417/ence-vs-heroic-iem-dallas-2024-europe-closed-qualifier
7175,HLTV Team profile,2370422,https://www.hltv.org/matches/2370422/heroic-vs-virtuspro-iem-dallas-2024-europe-closed-qualifier
7175,HLTV Team profile,2370424,https://www.hltv.org/matches/2370424/heroic-vs-metizport-iem-dallas-2024-europe-closed-qualifier
6248,HLTV Team profile,2370596,https://www.hltv.org/matches/2370596/eternal-fire-vs-the-mongolz-pgl-cs2-major-copenhagen-2024-opening-stage
9928,HLTV Team profile,2370599,https://www.hltv.org/matches/2370599/gamerlegion-vs-amkal-pgl-cs2-major-copenhagen-2024-opening-stage
7175,HLTV Team profile,2370600,https://www.hltv.org/matches/2370600/heroic-vs-lynn-vision-pgl-cs2-major-copenhagen-2024-opening-stage
8297,HLTV Team profile,2370601,https://www.hltv.org/matches/2370601/furia-vs-legacy-pgl-cs2-major-copenhagen-2024-opening-stage
6248,HLTV Team profile,2370604,https://www.hltv.org/matches/2370604/ecstatic-vs-the-mongolz-pgl-cs2-major-copenhagen-2024-opening-stage
7175,HLTV Team profile,2370605,https://www.hltv.org/matches/2370605/heroic-vs-imperial-pgl-cs2-major-copenhagen-2024-opening-stage
9928,HLTV Team profile,2370609,https://www.hltv.org/matches/2370609/gamerlegion-vs-saw-pgl-cs2-major-copenhagen-2024-opening-stage
8297,HLTV Team profile,2370610,https://www.hltv.org/matches/2370610/furia-vs-lynn-vision-pgl-cs2-major-copenhagen-2024-opening-stage
9928,HLTV Team profile,2370613,https://www.hltv.org/matches/2370613/gamerlegion-vs-legacy-pgl-cs2-major-copenhagen-2024-opening-stage
7175,HLTV Team profile,2370615,https://www.hltv.org/matches/2370615/heroic-vs-eternal-fire-pgl-cs2-major-copenhagen-2024-opening-stage
6248,HLTV Team profile,2370616,https://www.hltv.org/matches/2370616/the-mongolz-vs-amkal-pgl-cs2-major-copenhagen-2024-opening-stage
8297,HLTV Team profile,2370618,https://www.hltv.org/matches/2370618/koi-vs-furia-pgl-cs2-major-copenhagen-2024-opening-stage
9928,HLTV Team profile,2370619,https://www.hltv.org/matches/2370619/eternal-fire-vs-gamerlegion-pgl-cs2-major-copenhagen-2024-opening-stage
6248,HLTV Team profile,2370620,https://www.hltv.org/matches/2370620/lynn-vision-vs-the-mongolz-pgl-cs2-major-copenhagen-2024-opening-stage
8297,HLTV Team profile,2370624,https://www.hltv.org/matches/2370624/ence-vs-furia-pgl-cs2-major-copenhagen-2024-opening-stage
6248,HLTV Team profile,2370625,https://www.hltv.org/matches/2370625/legacy-vs-the-mongolz-pgl-cs2-major-copenhagen-2024-opening-stage
9928,HLTV Team profile,2370626,https://www.hltv.org/matches/2370626/imperial-vs-gamerlegion-pgl-cs2-major-copenhagen-2024-opening-stage
8297,HLTV Team profile,2370627,https://www.hltv.org/matches/2370627/saw-vs-furia-pgl-cs2-major-copenhagen-2024-opening-stage
4494,HLTV Team profile,2370628,https://www.hltv.org/matches/2370628/mouz-vs-ecstatic-pgl-cs2-major-copenhagen-2024
4608,HLTV Team profile,2370629,https://www.hltv.org/matches/2370629/natus-vincere-vs-the-mongolz-pgl-cs2-major-copenhagen-2024
9565,HLTV Team profile,2370630,https://www.hltv.org/matches/2370630/vitality-vs-eternal-fire-pgl-cs2-major-copenhagen-2024
6667,HLTV Team profile,2370632,https://www.hltv.org/matches/2370632/faze-vs-heroic-pgl-cs2-major-copenhagen-2024
7020,HLTV Team profile,2370634,https://www.hltv.org/matches/2370634/spirit-vs-cloud9-pgl-cs2-major-copenhagen-2024
8297,HLTV Team profile,2370635,https://www.hltv.org/matches/2370635/g2-vs-furia-pgl-cs2-major-copenhagen-2024
4494,HLTV Team profile,2370636,https://www.hltv.org/matches/2370636/mouz-vs-eternal-fire-pgl-cs2-major-copenhagen-2024
9565,HLTV Team profile,2370637,https://www.hltv.org/matches/2370637/vitality-vs-the-mongolz-pgl-cs2-major-copenhagen-2024
7175,HLTV Team profile,2370638,https://www.hltv.org/matches/2370638/complexity-vs-heroic-pgl-cs2-major-copenhagen-2024
4608,HLTV Team profile,2370640,https://www.hltv.org/matches/2370640/natus-vincere-vs-g2-pgl-cs2-major-copenhagen-2024
7020,HLTV Team profile,2370642,https://www.hltv.org/matches/2370642/spirit-vs-imperial-pgl-cs2-major-copenhagen-2024
8297,HLTV Team profile,2370643,https://www.hltv.org/matches/2370643/faze-vs-furia-pgl-cs2-major-copenhagen-2024
5995,HLTV Team profile,2370644,https://www.hltv.org/matches/2370644/g2-vs-cloud9-pgl-cs2-major-copenhagen-2024
7175,HLTV Team profile,2370645,https://www.hltv.org/matches/2370645/heroic-vs-virtuspro-pgl-cs2-major-copenhagen-2024
6667,HLTV Team profile,2370646,https://www.hltv.org/matches/2370646/eternal-fire-vs-faze-pgl-cs2-major-copenhagen-2024
9565,HLTV Team profile,2370647,https://www.hltv.org/matches/2370647/imperial-vs-vitality-pgl-cs2-major-copenhagen-2024
4494,HLTV Team profile,2370648,https://www.hltv.org/matches/2370648/mouz-vs-complexity-pgl-cs2-major-copenhagen-2024
6248,HLTV Team profile,2370649,https://www.hltv.org/matches/2370649/pain-vs-the-mongolz-pgl-cs2-major-copenhagen-2024
4608,HLTV Team profile,2370650,https://www.hltv.org/matches/2370650/spirit-vs-natus-vincere-pgl-cs2-major-copenhagen-2024
8297,HLTV Team profile,2370651,https://www.hltv.org/matches/2370651/ecstatic-vs-furia-pgl-cs2-major-copenhagen-2024
6667,HLTV Team profile,2370653,https://www.hltv.org/matches/2370653/imperial-vs-faze-pgl-cs2-major-copenhagen-2024
9565,HLTV Team profile,2370654,https://www.hltv.org/matches/2370654/complexity-vs-vitality-pgl-cs2-major-copenhagen-2024
5995,HLTV Team profile,2370655,https://www.hltv.org/matches/2370655/ecstatic-vs-g2-pgl-cs2-major-copenhagen-2024
4608,HLTV Team profile,2370656,https://www.hltv.org/matches/2370656/cloud9-vs-natus-vincere-pgl-cs2-major-copenhagen-2024
7175,HLTV Team profile,2370657,https://www.hltv.org/matches/2370657/heroic-vs-pain-pgl-cs2-major-copenhagen-2024
6667,HLTV Team profile,2370658,https://www.hltv.org/matches/2370658/complexity-vs-faze-pgl-cs2-major-copenhagen-2024
5995,HLTV Team profile,2370659,https://www.hltv.org/matches/2370659/virtuspro-vs-g2-pgl-cs2-major-copenhagen-2024
4608,HLTV Team profile,2370660,https://www.hltv.org/matches/2370660/natus-vincere-vs-pain-pgl-cs2-major-copenhagen-2024
9565,HLTV Team profile,2370721,https://www.hltv.org/matches/2370721/cloud9-vs-vitality-pgl-cs2-major-copenhagen-2024
7020,HLTV Team profile,2370722,https://www.hltv.org/matches/2370722/spirit-vs-faze-pgl-cs2-major-copenhagen-2024
4608,HLTV Team profile,2370723,https://www.hltv.org/matches/2370723/eternal-fire-vs-natus-vincere-pgl-cs2-major-copenhagen-2024
4494,HLTV Team profile,2370724,https://www.hltv.org/matches/2370724/mouz-vs-g2-pgl-cs2-major-copenhagen-2024
9565,HLTV Team profile,2370725,https://www.hltv.org/matches/2370725/vitality-vs-faze-pgl-cs2-major-copenhagen-2024
4608,HLTV Team profile,2370726,https://www.hltv.org/matches/2370726/natus-vincere-vs-g2-pgl-cs2-major-copenhagen-2024
4608,HLTV Team profile,2370727,https://www.hltv.org/matches/2370727/faze-vs-natus-vincere-pgl-cs2-major-copenhagen-2024
8297,HLTV Team profile,2370773,https://www.hltv.org/matches/2370773/furia-vs-9z-global-esports-tour-rio-2024
9215,HLTV Team profile,2370774,https://www.hltv.org/matches/2370774/mibr-vs-og-global-esports-tour-rio-2024
9215,HLTV Team profile,2370776,https://www.hltv.org/matches/2370776/pain-vs-mibr-global-esports-tour-rio-2024
8297,HLTV Team profile,2370778,https://www.hltv.org/matches/2370778/metizport-vs-furia-global-esports-tour-rio-2024
8297,HLTV Team profile,2370779,https://www.hltv.org/matches/2370779/mibr-vs-furia-global-esports-tour-rio-2024
9215,HLTV Team profile,2370782,https://www.hltv.org/matches/2370782/mibr-vs-og-global-esports-tour-rio-2024
9215,HLTV Team profile,2370783,https://www.hltv.org/matches/2370783/pain-vs-mibr-global-esports-tour-rio-2024
6248,HLTV Team profile,2370785,https://www.hltv.org/matches/2370785/the-mongolz-vs-lyg-esl-challenger-jnkping-2024-asia-closed-qualifier
6248,HLTV Team profile,2370788,https://www.hltv.org/matches/2370788/atox-vs-the-mongolz-esl-challenger-jnkping-2024-asia-closed-qualifier
6248,HLTV Team profile,2370789,https://www.hltv.org/matches/2370789/the-mongolz-vs-lyg-esl-challenger-jnkping-2024-asia-closed-qualifier
6248,HLTV Team profile,2370790,https://www.hltv.org/matches/2370790/lynn-vision-vs-the-mongolz-esl-challenger-jnkping-2024-asia-closed-qualifier
12376,HLTV Team profile,2370848,https://www.hltv.org/matches/2370848/m80-vs-take-flyte-esl-challenger-league-season-47-north-america
12376,HLTV Team profile,2370854,https://www.hltv.org/matches/2370854/take-flyte-vs-m80-esl-challenger-league-season-47-north-america
5995,HLTV Team profile,2370903,https://www.hltv.org/matches/2370903/g2-vs-9z-iem-chengdu-2024
5973,HLTV Team profile,2370904,https://www.hltv.org/matches/2370904/liquid-vs-heroic-iem-chengdu-2024
8297,HLTV Team profile,2370905,https://www.hltv.org/matches/2370905/furia-vs-lynn-vision-iem-chengdu-2024
4494,HLTV Team profile,2370906,https://www.hltv.org/matches/2370906/tyloo-vs-mouz-iem-chengdu-2024
12774,HLTV Team profile,2370907,https://www.hltv.org/matches/2370907/cloud9-vs-flyquest-iem-chengdu-2024
6667,HLTV Team profile,2370909,https://www.hltv.org/matches/2370909/faze-vs-nemiga-iem-chengdu-2024
6665,HLTV Team profile,2370910,https://www.hltv.org/matches/2370910/steel-helmet-vs-astralis-iem-chengdu-2024
5995,HLTV Team profile,2370911,https://www.hltv.org/matches/2370911/g2-vs-liquid-iem-chengdu-2024
7175,HLTV Team profile,2370912,https://www.hltv.org/matches/2370912/9z-vs-heroic-iem-chengdu-2024
8297,HLTV Team profile,2370913,https://www.hltv.org/matches/2370913/furia-vs-mouz-iem-chengdu-2024
8297,HLTV Team profile,2370915,https://www.hltv.org/matches/2370915/heroic-vs-furia-iem-chengdu-2024
5995,HLTV Team profile,2370916,https://www.hltv.org/matches/2370916/g2-vs-lynn-vision-iem-chengdu-2024
5995,HLTV Team profile,2370917,https://www.hltv.org/matches/2370917/g2-vs-heroic-iem-chengdu-2024
4494,HLTV Team profile,2370918,https://www.hltv.org/matches/2370918/liquid-vs-mouz-iem-chengdu-2024
6667,HLTV Team profile,2370919,https://www.hltv.org/matches/2370919/astralis-vs-faze-iem-chengdu-2024
12774,HLTV Team profile,2370921,https://www.hltv.org/matches/2370921/flyquest-vs-virtuspro-iem-chengdu-2024
12774,HLTV Team profile,2370923,https://www.hltv.org/matches/2370923/flyquest-vs-nemiga-iem-chengdu-2024
6667,HLTV Team profile,2370924,https://www.hltv.org/matches/2370924/cloud9-vs-faze-iem-chengdu-2024
6665,HLTV Team profile,2370925,https://www.hltv.org/matches/2370925/virtuspro-vs-astralis-iem-chengdu-2024
6667,HLTV Team profile,2370926,https://www.hltv.org/matches/2370926/faze-vs-flyquest-iem-chengdu-2024
5995,HLTV Team profile,2370927,https://www.hltv.org/matches/2370927/virtuspro-vs-g2-iem-chengdu-2024
6667,HLTV Team profile,2370928,https://www.hltv.org/matches/2370928/liquid-vs-faze-iem-chengdu-2024
4494,HLTV Team profile,2370929,https://www.hltv.org/matches/2370929/mouz-vs-g2-iem-chengdu-2024
6667,HLTV Team profile,2370930,https://www.hltv.org/matches/2370930/astralis-vs-faze-iem-chengdu-2024
4494,HLTV Team profile,2370931,https://www.hltv.org/matches/2370931/mouz-vs-faze-iem-chengdu-2024
4411,HLTV Team profile,2370935,https://www.hltv.org/matches/2370935/ninjas-in-pyjamas-vs-verdant-esl-challenger-jnkping-2024-europe-open-qualifier
4411,HLTV Team profile,2370941,https://www.hltv.org/matches/2370941/ninjas-in-pyjamas-vs-500-esl-challenger-jnkping-2024-europe-open-qualifier
9928,HLTV Team profile,2370949,https://www.hltv.org/matches/2370949/gamerlegion-vs-gun5-thunderpick-world-championship-2024-eu-closed-qualifier-1
4411,HLTV Team profile,2370955,https://www.hltv.org/matches/2370955/ninjas-in-pyjamas-vs-sampi-thunderpick-world-championship-2024-eu-closed-qualifier-1
9928,HLTV Team profile,2370965,https://www.hltv.org/matches/2370965/gamerlegion-vs-mouz-nxt-thunderpick-world-championship-2024-eu-closed-qualifier-1
9928,HLTV Team profile,2370974,https://www.hltv.org/matches/2370974/gamerlegion-vs-big-thunderpick-world-championship-2024-eu-closed-qualifier-1
4411,HLTV Team profile,2370981,https://www.hltv.org/matches/2370981/monte-vs-ninjas-in-pyjamas-esl-challenger-jnkping-2024-europe-closed-qualifier
9928,HLTV Team profile,2370982,https://www.hltv.org/matches/2370982/blessed-vs-gamerlegion-esl-challenger-jnkping-2024-europe-closed-qualifier
4411,HLTV Team profile,2370984,https://www.hltv.org/matches/2370984/ninjas-in-pyjamas-vs-blessed-esl-challenger-jnkping-2024-europe-closed-qualifier
9928,HLTV Team profile,2370986,https://www.hltv.org/matches/2370986/monte-vs-gamerlegion-esl-challenger-jnkping-2024-europe-closed-qualifier
4411,HLTV Team profile,2370989,https://www.hltv.org/matches/2370989/aurora-vs-ninjas-in-pyjamas-esl-challenger-jnkping-2024-europe-closed-qualifier
4411,HLTV Team profile,2370991,https://www.hltv.org/matches/2370991/ninjas-in-pyjamas-vs-metizport-esl-challenger-jnkping-2024-europe-closed-qualifier
4411,HLTV Team profile,2370992,https://www.hltv.org/matches/2370992/aurora-vs-ninjas-in-pyjamas-esl-challenger-jnkping-2024-europe-closed-qualifier
4411,HLTV Team profile,2370996,https://www.hltv.org/matches/2370996/ninjas-in-pyjamas-vs-gods-reign-skyesports-masters-2024
4411,HLTV Team profile,2371000,https://www.hltv.org/matches/2371000/betboom-vs-ninjas-in-pyjamas-skyesports-masters-2024
4411,HLTV Team profile,2371001,https://www.hltv.org/matches/2371001/og-vs-ninjas-in-pyjamas-skyesports-masters-2024
12774,HLTV Team profile,2371073,https://www.hltv.org/matches/2371073/flyquest-vs-vexx-esl-challenger-league-season-47-oceania
12774,HLTV Team profile,2371078,https://www.hltv.org/matches/2371078/vexx-vs-flyquest-esl-challenger-league-season-47-oceania
9215,HLTV Team profile,2371079,https://www.hltv.org/matches/2371079/mibr-vs-w7m-esl-challenger-league-season-47-south-america
9215,HLTV Team profile,2371086,https://www.hltv.org/matches/2371086/w7m-vs-mibr-esl-challenger-league-season-47-south-america
9215,HLTV Team profile,2371153,https://www.hltv.org/matches/2371153/pain-vs-mibr-betboom-dacha-belgrade-2024-south-america-closed-qualifier
9215,HLTV Team profile,2371156,https://www.hltv.org/matches/2371156/mibr-vs-red-canids-betboom-dacha-belgrade-2024-south-america-closed-qualifier
9215,HLTV Team profile,2371157,https://www.hltv.org/matches/2371157/imperial-vs-mibr-betboom-dacha-belgrade-2024-south-america-closed-qualifier
9215,HLTV Team profile,2371160,https://www.hltv.org/matches/2371160/mibr-vs-pain-betboom-dacha-belgrade-2024-south-america-closed-qualifier
9215,HLTV Team profile,2371181,https://www.hltv.org/matches/2371181/mibr-vs-bounty-hunters-res-regional-series-3-latam
9215,HLTV Team profile,2371183,https://www.hltv.org/matches/2371183/w7m-vs-mibr-res-regional-series-3-latam
9215,HLTV Team profile,2371196,https://www.hltv.org/matches/2371196/mibr-vs-case-res-regional-series-3-latam
9215,HLTV Team profile,2371200,https://www.hltv.org/matches/2371200/galorys-vs-mibr-res-regional-series-3-latam
9215,HLTV Team profile,2371201,https://www.hltv.org/matches/2371201/imperial-vs-mibr-res-regional-series-3-latam
9215,HLTV Team profile,2371323,https://www.hltv.org/matches/2371323/mibr-vs-adalyamigos-esl-challenger-league-season-47-south-america
9215,HLTV Team profile,2371329,https://www.hltv.org/matches/2371329/adalyamigos-vs-mibr-esl-challenger-league-season-47-south-america
9215,HLTV Team profile,2371335,https://www.hltv.org/matches/2371335/mibr-vs-galorys-esl-challenger-league-season-47-south-america
9215,HLTV Team profile,2371341,https://www.hltv.org/matches/2371341/galorys-vs-mibr-esl-challenger-league-season-47-south-america
11861,HLTV Team profile,2371416,https://www.hltv.org/matches/2371416/party-astronauts-vs-aurora-esl-challenger-melbourne-2024
9215,HLTV Team profile,2371417,https://www.hltv.org/matches/2371417/mibr-vs-kzg-esl-challenger-melbourne-2024
11861,HLTV Team profile,2371419,https://www.hltv.org/matches/2371419/apeks-vs-aurora-esl-challenger-melbourne-2024
9215,HLTV Team profile,2371420,https://www.hltv.org/matches/2371420/mibr-vs-rebels-esl-challenger-melbourne-2024
9215,HLTV Team profile,2371423,https://www.hltv.org/matches/2371423/mibr-vs-rooster-esl-challenger-melbourne-2024
11861,HLTV Team profile,2371424,https://www.hltv.org/matches/2371424/aurora-vs-party-astronauts-esl-challenger-melbourne-2024
9215,HLTV Team profile,2371425,https://www.hltv.org/matches/2371425/apeks-vs-mibr-esl-challenger-melbourne-2024
11861,HLTV Team profile,2371426,https://www.hltv.org/matches/2371426/rebels-vs-aurora-esl-challenger-melbourne-2024
11861,HLTV Team profile,2371427,https://www.hltv.org/matches/2371427/mibr-vs-aurora-esl-challenger-melbourne-2024
4914,HLTV Team profile,2371475,https://www.hltv.org/matches/2371475/3dmax-vs-saw-esl-pro-league-season-19
6665,HLTV Team profile,2371476,https://www.hltv.org/matches/2371476/astralis-vs-eternal-fire-esl-pro-league-season-19
6667,HLTV Team profile,2371477,https://www.hltv.org/matches/2371477/faze-vs-imperial-esl-pro-league-season-19
6667,HLTV Team profile,2371480,https://www.hltv.org/matches/2371480/astralis-vs-faze-esl-pro-league-season-19
4914,HLTV Team profile,2371481,https://www.hltv.org/matches/2371481/3dmax-vs-fnatic-esl-pro-league-season-19
6667,HLTV Team profile,2371483,https://www.hltv.org/matches/2371483/virtuspro-vs-faze-esl-pro-league-season-19
4914,HLTV Team profile,2371484,https://www.hltv.org/matches/2371484/3dmax-vs-astralis-esl-pro-league-season-19
6667,HLTV Team profile,2371485,https://www.hltv.org/matches/2371485/faze-vs-eternal-fire-esl-pro-league-season-19
9565,HLTV Team profile,2371490,https://www.hltv.org/matches/2371490/vitality-vs-sharks-esl-pro-league-season-19
12376,HLTV Team profile,2371491,https://www.hltv.org/matches/2371491/m80-vs-betboom-esl-pro-league-season-19
11283,HLTV Team profile,2371492,https://www.hltv.org/matches/2371492/falcons-vs-the-mongolz-esl-pro-league-season-19
5995,HLTV Team profile,2371493,https://www.hltv.org/matches/2371493/tyloo-vs-g2-esl-pro-league-season-19
12376,HLTV Team profile,2371494,https://www.hltv.org/matches/2371494/sharks-vs-m80-esl-pro-league-season-19
11283,HLTV Team profile,2371495,https://www.hltv.org/matches/2371495/tyloo-vs-falcons-esl-pro-league-season-19
9565,HLTV Team profile,2371496,https://www.hltv.org/matches/2371496/vitality-vs-betboom-esl-pro-league-season-19
6248,HLTV Team profile,2371497,https://www.hltv.org/matches/2371497/g2-vs-the-mongolz-esl-pro-league-season-19
5995,HLTV Team profile,2371498,https://www.hltv.org/matches/2371498/g2-vs-m80-esl-pro-league-season-19
11283,HLTV Team profile,2371499,https://www.hltv.org/matches/2371499/falcons-vs-betboom-esl-pro-league-season-19
9565,HLTV Team profile,2371500,https://www.hltv.org/matches/2371500/the-mongolz-vs-vitality-esl-pro-league-season-19
12376,HLTV Team profile,2371501,https://www.hltv.org/matches/2371501/betboom-vs-m80-esl-pro-league-season-19
11283,HLTV Team profile,2371503,https://www.hltv.org/matches/2371503/falcons-vs-g2-esl-pro-league-season-19
12376,HLTV Team profile,2371504,https://www.hltv.org/matches/2371504/tyloo-vs-m80-esl-pro-league-season-19
5995,HLTV Team profile,2371505,https://www.hltv.org/matches/2371505/g2-vs-m80-esl-pro-league-season-19
9928,HLTV Team profile,2371506,https://www.hltv.org/matches/2371506/ence-vs-gamerlegion-esl-pro-league-season-19
4494,HLTV Team profile,2371507,https://www.hltv.org/matches/2371507/mouz-vs-bad-news-kangaroos-esl-pro-league-season-19
8297,HLTV Team profile,2371508,https://www.hltv.org/matches/2371508/furia-vs-liquid-esl-pro-league-season-19
8297,HLTV Team profile,2371511,https://www.hltv.org/matches/2371511/forze-vs-furia-esl-pro-league-season-19
4494,HLTV Team profile,2371512,https://www.hltv.org/matches/2371512/mouz-vs-gamerlegion-esl-pro-league-season-19
5973,HLTV Team profile,2371513,https://www.hltv.org/matches/2371513/monte-vs-liquid-esl-pro-league-season-19
9928,HLTV Team profile,2371515,https://www.hltv.org/matches/2371515/gamerlegion-vs-forze-esl-pro-league-season-19
4494,HLTV Team profile,2371516,https://www.hltv.org/matches/2371516/mouz-vs-liquid-esl-pro-league-season-19
9928,HLTV Team profile,2371517,https://www.hltv.org/matches/2371517/ence-vs-gamerlegion-esl-pro-league-season-19
8297,HLTV Team profile,2371518,https://www.hltv.org/matches/2371518/bad-news-kangaroos-vs-furia-esl-pro-league-season-19
8297,HLTV Team profile,2371520,https://www.hltv.org/matches/2371520/furia-vs-ence-esl-pro-league-season-19
8297,HLTV Team profile,2371521,https://www.hltv.org/matches/2371521/monte-vs-furia-esl-pro-league-season-19
4411,HLTV Team profile,2371523,https://www.hltv.org/matches/2371523/ninjas-in-pyjamas-vs-heroic-esl-pro-league-season-19
4608,HLTV Team profile,2371525,https://www.hltv.org/matches/2371525/flyquest-vs-natus-vincere-esl-pro-league-season-19
4411,HLTV Team profile,2371526,https://www.hltv.org/matches/2371526/pera-vs-ninjas-in-pyjamas-esl-pro-league-season-19
12774,HLTV Team profile,2371527,https://www.hltv.org/matches/2371527/flyquest-vs-boss-esl-pro-league-season-19
7175,HLTV Team profile,2371528,https://www.hltv.org/matches/2371528/complexity-vs-heroic-esl-pro-league-season-19
4608,HLTV Team profile,2371529,https://www.hltv.org/matches/2371529/natus-vincere-vs-big-esl-pro-league-season-19
7175,HLTV Team profile,2371531,https://www.hltv.org/matches/2371531/flyquest-vs-heroic-esl-pro-league-season-19
4608,HLTV Team profile,2371532,https://www.hltv.org/matches/2371532/natus-vincere-vs-complexity-esl-pro-league-season-19
7175,HLTV Team profile,2371533,https://www.hltv.org/matches/2371533/heroic-vs-big-esl-pro-league-season-19
4411,HLTV Team profile,2371534,https://www.hltv.org/matches/2371534/boss-vs-ninjas-in-pyjamas-esl-pro-league-season-19
12774,HLTV Team profile,2371535,https://www.hltv.org/matches/2371535/flyquest-vs-pera-esl-pro-league-season-19
4411,HLTV Team profile,2371536,https://www.hltv.org/matches/2371536/ninjas-in-pyjamas-vs-heroic-esl-pro-league-season-19
4411,HLTV Team profile,2371537,https://www.hltv.org/matches/2371537/flyquest-vs-ninjas-in-pyjamas-esl-pro-league-season-19
5995,HLTV Team profile,2371538,https://www.hltv.org/matches/2371538/big-vs-g2-esl-pro-league-season-19
9928,HLTV Team profile,2371539,https://www.hltv.org/matches/2371539/gamerlegion-vs-virtuspro-esl-pro-league-season-19
12394,HLTV Team profile,2371540,https://www.hltv.org/matches/2371540/betboom-vs-flyquest-esl-pro-league-season-19
6667,HLTV Team profile,2371541,https://www.hltv.org/matches/2371541/faze-vs-monte-esl-pro-league-season-19
5995,HLTV Team profile,2371542,https://www.hltv.org/matches/2371542/3dmax-vs-g2-esl-pro-league-season-19
6248,HLTV Team profile,2371543,https://www.hltv.org/matches/2371543/the-mongolz-vs-virtuspro-esl-pro-league-season-19
5973,HLTV Team profile,2371544,https://www.hltv.org/matches/2371544/liquid-vs-flyquest-esl-pro-league-season-19
4608,HLTV Team profile,2371545,https://www.hltv.org/matches/2371545/natus-vincere-vs-faze-esl-pro-league-season-19
4494,HLTV Team profile,2371546,https://www.hltv.org/matches/2371546/mouz-vs-g2-esl-pro-league-season-19
5973,HLTV Team profile,2371548,https://www.hltv.org/matches/2371548/astralis-vs-liquid-esl-pro-league-season-19
9565,HLTV Team profile,2371549,https://www.hltv.org/matches/2371549/vitality-vs-faze-esl-pro-league-season-19
4494,HLTV Team profile,2371550,https://www.hltv.org/matches/2371550/complexity-vs-mouz-esl-pro-league-season-19
9565,HLTV Team profile,2371551,https://www.hltv.org/matches/2371551/astralis-vs-vitality-esl-pro-league-season-19
9565,HLTV Team profile,2371552,https://www.hltv.org/matches/2371552/vitality-vs-mouz-esl-pro-league-season-19
12774,HLTV Team profile,2371563,https://www.hltv.org/matches/2371563/flyquest-vs-canon-event-esl-challenger-league-season-47-oceania
12774,HLTV Team profile,2371566,https://www.hltv.org/matches/2371566/canon-event-vs-flyquest-esl-challenger-league-season-47-oceania
9215,HLTV Team profile,2371572,https://www.hltv.org/matches/2371572/mibr-vs-bounty-hunters-esports-world-cup-2024-south-america-open-qualifier
9215,HLTV Team profile,2371581,https://www.hltv.org/matches/2371581/mibr-vs-case-esports-world-cup-2024-south-america-open-qualifier
9215,HLTV Team profile,2371584,https://www.hltv.org/matches/2371584/mibr-vs-red-canids-esports-world-cup-2024-south-america-open-qualifier
5973,HLTV Team profile,2371585,https://www.hltv.org/matches/2371585/liquid-vs-straykids-esports-world-cup-2024-north-america-open-qualifier
5973,HLTV Team profile,2371589,https://www.hltv.org/matches/2371589/liquid-vs-g3-esports-world-cup-2024-north-america-open-qualifier
4914,HLTV Team profile,2371594,https://www.hltv.org/matches/2371594/3dmax-vs-guild-eagles-yalla-compass-spring-2024
6248,HLTV Team profile,2371614,https://www.hltv.org/matches/2371614/the-mongolz-vs-rare-atom-esports-world-cup-2024-asia-closed-qualifier
6248,HLTV Team profile,2371616,https://www.hltv.org/matches/2371616/tyloo-vs-the-mongolz-esports-world-cup-2024-asia-closed-qualifier
6248,HLTV Team profile,2371619,https://www.hltv.org/matches/2371619/the-mongolz-vs-rare-atom-esports-world-cup-2024-asia-closed-qualifier
9215,HLTV Team profile,2371621,https://www.hltv.org/matches/2371621/mibr-vs-pain-esports-world-cup-2024-south-america-closed-qualifier
9215,HLTV Team profile,2371622,https://www.hltv.org/matches/2371622/imperial-vs-mibr-esports-world-cup-2024-south-america-closed-qualifier
9215,HLTV Team profile,2371625,https://www.hltv.org/matches/2371625/mibr-vs-pain-esports-world-cup-2024-south-america-closed-qualifier
12376,HLTV Team profile,2371626,https://www.hltv.org/matches/2371626/m80-vs-elevate-esports-world-cup-2024-north-america-closed-qualifier
5973,HLTV Team profile,2371627,https://www.hltv.org/matches/2371627/liquid-vs-legacy-esports-world-cup-2024-north-america-closed-qualifier
5973,HLTV Team profile,2371628,https://www.hltv.org/matches/2371628/m80-vs-liquid-esports-world-cup-2024-north-america-closed-qualifier
12376,HLTV Team profile,2371630,https://www.hltv.org/matches/2371630/m80-vs-legacy-esports-world-cup-2024-north-america-closed-qualifier
5973,HLTV Team profile,2371631,https://www.hltv.org/matches/2371631/liquid-vs-m80-esports-world-cup-2024-north-america-closed-qualifier
4411,HLTV Team profile,2371632,https://www.hltv.org/matches/2371632/brazylijski-luz-vs-ninjas-in-pyjamas-esports-world-cup-2024-europe-open-qualifier
11861,HLTV Team profile,2371638,https://www.hltv.org/matches/2371638/ruby-vs-aurora-esports-world-cup-2024-europe-open-qualifier
9928,HLTV Team profile,2371639,https://www.hltv.org/matches/2371639/gamerlegion-vs-sashi-esports-world-cup-2024-europe-open-qualifier
12394,HLTV Team profile,2371640,https://www.hltv.org/matches/2371640/brazylijski-luz-vs-betboom-esports-world-cup-2024-europe-open-qualifier
12394,HLTV Team profile,2371644,https://www.hltv.org/matches/2371644/betboom-vs-apeks-esports-world-cup-2024-europe-open-qualifier
12774,HLTV Team profile,2371652,https://www.hltv.org/matches/2371652/flyquest-vs-mindfreak-esports-world-cup-2024-oceania-closed-qualifier
12774,HLTV Team profile,2371654,https://www.hltv.org/matches/2371654/flyquest-vs-rooster-esports-world-cup-2024-oceania-closed-qualifier
12774,HLTV Team profile,2371657,https://www.hltv.org/matches/2371657/flyquest-vs-bad-news-kangaroos-esports-world-cup-2024-oceania-closed-qualifier
12394,HLTV Team profile,2371659,https://www.hltv.org/matches/2371659/betboom-vs-eternal-fire-esports-world-cup-2024-europe-closed-qualifier
12394,HLTV Team profile,2371661,https://www.hltv.org/matches/2371661/betboom-vs-cloud9-esports-world-cup-2024-europe-closed-qualifier
4914,HLTV Team profile,2371674,https://www.hltv.org/matches/2371674/3dmax-vs-parivision-yalla-compass-spring-2024
4914,HLTV Team profile,2371676,https://www.hltv.org/matches/2371676/betboom-vs-3dmax-yalla-compass-spring-2024
4914,HLTV Team profile,2371680,https://www.hltv.org/matches/2371680/3dmax-vs-sashi-yalla-compass-spring-2024
11241,HLTV Team profile,2371691,https://www.hltv.org/matches/2371691/mouz-nxt-vs-b8-elisa-invitational-spring-2024
11241,HLTV Team profile,2371695,https://www.hltv.org/matches/2371695/sampi-vs-b8-elisa-invitational-spring-2024
11241,HLTV Team profile,2371700,https://www.hltv.org/matches/2371700/b8-vs-rebels-elisa-invitational-spring-2024
11241,HLTV Team profile,2371701,https://www.hltv.org/matches/2371701/b8-vs-sashi-elisa-invitational-spring-2024
12394,HLTV Team profile,2371737,https://www.hltv.org/matches/2371737/betboom-vs-eyeballers-cct-season-2-europe-series-1
12394,HLTV Team profile,2371743,https://www.hltv.org/matches/2371743/betboom-vs-insilio-cct-season-2-europe-series-1
12394,HLTV Team profile,2371748,https://www.hltv.org/matches/2371748/betboom-vs-9-pandas-cct-season-2-europe-series-1
12394,HLTV Team profile,2371749,https://www.hltv.org/matches/2371749/amkal-vs-betboom-cct-season-2-europe-series-1
12394,HLTV Team profile,2371896,https://www.hltv.org/matches/2371896/betboom-vs-enterprise-cct-season-2-europe-series-2
11861,HLTV Team profile,2371898,https://www.hltv.org/matches/2371898/aurora-vs-mouz-nxt-cct-season-2-europe-series-2
11241,HLTV Team profile,2371899,https://www.hltv.org/matches/2371899/b8-vs-bleed-cct-season-2-europe-series-2
12394,HLTV Team profile,2371900,https://www.hltv.org/matches/2371900/metizport-vs-betboom-cct-season-2-europe-series-2
11241,HLTV Team profile,2371903,https://www.hltv.org/matches/2371903/mouz-nxt-vs-b8-cct-season-2-europe-series-2
12394,HLTV Team profile,2371904,https://www.hltv.org/matches/2371904/9-pandas-vs-betboom-cct-season-2-europe-series-2
11241,HLTV Team profile,2371905,https://www.hltv.org/matches/2371905/b8-vs-betboom-cct-season-2-europe-series-2
4773,HLTV Team profile,2371939,https://www.hltv.org/matches/2371939/pain-vs-bestia-res-regional-series-4-latam
4773,HLTV Team profile,2371941,https://www.hltv.org/matches/2371941/pain-vs-9z-res-regional-series-4-latam
12376,HLTV Team profile,2371973,https://www.hltv.org/matches/2371973/m80-vs-limitless-esl-challenger-league-season-47-north-america
12376,HLTV Team profile,2371974,https://www.hltv.org/matches/2371974/limitless-vs-m80-esl-challenger-league-season-47-north-america
12376,HLTV Team profile,2371977,https://www.hltv.org/matches/2371977/m80-vs-carpe-diem-esl-challenger-league-season-47-north-america
12376,HLTV Team profile,2371979,https://www.hltv.org/matches/2371979/carpe-diem-vs-m80-esl-challenger-league-season-47-north-america
12376,HLTV Team profile,2371986,https://www.hltv.org/matches/2371986/m80-vs-lag-esl-challenger-league-season-47-north-america
12376,HLTV Team profile,2371990,https://www.hltv.org/matches/2371990/lag-vs-m80-esl-challenger-league-season-47-north-america
4494,HLTV Team profile,2371992,https://www.hltv.org/matches/2371992/mouz-vs-betboom-betboom-dacha-belgrade-2024
11283,HLTV Team profile,2371993,https://www.hltv.org/matches/2371993/virtuspro-vs-falcons-betboom-dacha-belgrade-2024
11283,HLTV Team profile,2371994,https://www.hltv.org/matches/2371994/betboom-vs-falcons-betboom-dacha-belgrade-2024
4494,HLTV Team profile,2371995,https://www.hltv.org/matches/2371995/mouz-vs-virtuspro-betboom-dacha-belgrade-2024
11283,HLTV Team profile,2371996,https://www.hltv.org/matches/2371996/falcons-vs-virtuspro-betboom-dacha-belgrade-2024
7020,HLTV Team profile,2371997,https://www.hltv.org/matches/2371997/spirit-vs-aurora-betboom-dacha-belgrade-2024
7175,HLTV Team profile,2371998,https://www.hltv.org/matches/2371998/heroic-vs-mibr-betboom-dacha-belgrade-2024
7020,HLTV Team profile,2371999,https://www.hltv.org/matches/2371999/spirit-vs-heroic-betboom-dacha-belgrade-2024
11861,HLTV Team profile,2372000,https://www.hltv.org/matches/2372000/aurora-vs-mibr-betboom-dacha-belgrade-2024
7175,HLTV Team profile,2372001,https://www.hltv.org/matches/2372001/heroic-vs-mibr-betboom-dacha-belgrade-2024
11283,HLTV Team profile,2372002,https://www.hltv.org/matches/2372002/spirit-vs-falcons-betboom-dacha-belgrade-2024
4494,HLTV Team profile,2372003,https://www.hltv.org/matches/2372003/mouz-vs-heroic-betboom-dacha-belgrade-2024
7020,HLTV Team profile,2372004,https://www.hltv.org/matches/2372004/spirit-vs-mouz-betboom-dacha-belgrade-2024
11241,HLTV Team profile,2372040,https://www.hltv.org/matches/2372040/b8-vs-verdant-cct-season-2-europe-series-3
11861,HLTV Team profile,2372070,https://www.hltv.org/matches/2372070/saw-vs-aurora-cct-global-finals-2024
11861,HLTV Team profile,2372072,https://www.hltv.org/matches/2372072/aurora-vs-parivision-cct-global-finals-2024
11861,HLTV Team profile,2372074,https://www.hltv.org/matches/2372074/saw-vs-aurora-cct-global-finals-2024
9928,HLTV Team profile,2372076,https://www.hltv.org/matches/2372076/gaimin-gladiators-vs-gamerlegion-cct-global-finals-2024
9928,HLTV Team profile,2372078,https://www.hltv.org/matches/2372078/fnatic-vs-gamerlegion-cct-global-finals-2024
4773,HLTV Team profile,2372080,https://www.hltv.org/matches/2372080/pain-vs-amkal-cct-global-finals-2024
5973,HLTV Team profile,2372081,https://www.hltv.org/matches/2372081/liquid-vs-og-cct-global-finals-2024
4773,HLTV Team profile,2372082,https://www.hltv.org/matches/2372082/pain-vs-og-cct-global-finals-2024
5973,HLTV Team profile,2372083,https://www.hltv.org/matches/2372083/amkal-vs-liquid-cct-global-finals-2024
4773,HLTV Team profile,2372084,https://www.hltv.org/matches/2372084/pain-vs-amkal-cct-global-finals-2024
6665,HLTV Team profile,2372085,https://www.hltv.org/matches/2372085/astralis-vs-big-cct-global-finals-2024
12394,HLTV Team profile,2372086,https://www.hltv.org/matches/2372086/mibr-vs-betboom-cct-global-finals-2024
9215,HLTV Team profile,2372087,https://www.hltv.org/matches/2372087/big-vs-mibr-cct-global-finals-2024
6665,HLTV Team profile,2372088,https://www.hltv.org/matches/2372088/astralis-vs-betboom-cct-global-finals-2024
12394,HLTV Team profile,2372089,https://www.hltv.org/matches/2372089/mibr-vs-betboom-cct-global-finals-2024
5973,HLTV Team profile,2372090,https://www.hltv.org/matches/2372090/liquid-vs-ence-cct-global-finals-2024
11861,HLTV Team profile,2372091,https://www.hltv.org/matches/2372091/aurora-vs-astralis-cct-global-finals-2024
12394,HLTV Team profile,2372092,https://www.hltv.org/matches/2372092/eternal-fire-vs-betboom-cct-global-finals-2024
9928,HLTV Team profile,2372093,https://www.hltv.org/matches/2372093/gamerlegion-vs-amkal-cct-global-finals-2024
5973,HLTV Team profile,2372094,https://www.hltv.org/matches/2372094/liquid-vs-astralis-cct-global-finals-2024
9928,HLTV Team profile,2372095,https://www.hltv.org/matches/2372095/eternal-fire-vs-gamerlegion-cct-global-finals-2024
5973,HLTV Team profile,2372096,https://www.hltv.org/matches/2372096/liquid-vs-eternal-fire-cct-global-finals-2024
12376,HLTV Team profile,2372099,https://www.hltv.org/matches/2372099/m80-vs-regain-na-revival-cup-2024
12376,HLTV Team profile,2372102,https://www.hltv.org/matches/2372102/m80-vs-nouns-na-revival-cup-2024
11241,HLTV Team profile,2372112,https://www.hltv.org/matches/2372112/b8-vs-dms-cct-season-2-europe-series-3
12376,HLTV Team profile,2372131,https://www.hltv.org/matches/2372131/m80-vs-elevate-esl-challenger-league-season-47-north-america
12376,HLTV Team profile,2372136,https://www.hltv.org/matches/2372136/elevate-vs-m80-esl-challenger-league-season-47-north-america
12376,HLTV Team profile,2372155,https://www.hltv.org/matches/2372155/m80-vs-fluffy-aimers-esl-challenger-league-season-47-north-america
12376,HLTV Team profile,2372156,https://www.hltv.org/matches/2372156/fluffy-aimers-vs-m80-esl-challenger-league-season-47-north-america
12774,HLTV Team profile,2372157,https://www.hltv.org/matches/2372157/flyquest-vs-vantage-esl-challenger-league-season-47-oceania
12774,HLTV Team profile,2372161,https://www.hltv.org/matches/2372161/vantage-vs-flyquest-esl-challenger-league-season-47-oceania
4773,HLTV Team profile,2372177,https://www.hltv.org/matches/2372177/imperial-vs-pain-esl-challenger-league-season-47-south-america
4773,HLTV Team profile,2372183,https://www.hltv.org/matches/2372183/pain-vs-imperial-esl-challenger-league-season-47-south-america
4914,HLTV Team profile,2372188,https://www.hltv.org/matches/2372188/3dmax-vs-zero-tenacity-res-regional-series-4-europe
11241,HLTV Team profile,2372190,https://www.hltv.org/matches/2372190/b8-vs-parivision-res-regional-series-4-europe
4411,HLTV Team profile,2372194,https://www.hltv.org/matches/2372194/ninjas-in-pyjamas-vs-sangal-res-regional-series-4-europe
4914,HLTV Team profile,2372196,https://www.hltv.org/matches/2372196/3dmax-vs-b8-res-regional-series-4-europe
4411,HLTV Team profile,2372202,https://www.hltv.org/matches/2372202/metizport-vs-ninjas-in-pyjamas-res-regional-series-4-europe
11241,HLTV Team profile,2372204,https://www.hltv.org/matches/2372204/b8-vs-zero-tenacity-res-regional-series-4-europe
4411,HLTV Team profile,2372206,https://www.hltv.org/matches/2372206/sangal-vs-ninjas-in-pyjamas-res-regional-series-4-europe
11241,HLTV Team profile,2372248,https://www.hltv.org/matches/2372248/b8-vs-mouz-nxt-cct-season-2-europe-series-3
11241,HLTV Team profile,2372253,https://www.hltv.org/matches/2372253/b8-vs-eyeballers-cct-season-2-europe-series-3
4914,HLTV Team profile,2372260,https://www.hltv.org/matches/2372260/3dmax-vs-zero-tenacity-cct-season-2-europe-series-3
12394,HLTV Team profile,2372262,https://www.hltv.org/matches/2372262/betboom-vs-dms-cct-season-2-europe-series-3
8297,HLTV Team profile,2372264,https://www.hltv.org/matches/2372264/furia-vs-passion-ua-cct-season-2-europe-series-3
11241,HLTV Team profile,2372265,https://www.hltv.org/matches/2372265/alliance-vs-b8-cct-season-2-europe-series-3
4914,HLTV Team profile,2372266,https://www.hltv.org/matches/2372266/3dmax-vs-mouz-nxt-cct-season-2-europe-series-3
11241,HLTV Team profile,2372267,https://www.hltv.org/matches/2372267/b8-vs-betboom-cct-season-2-europe-series-3
8297,HLTV Team profile,2372268,https://www.hltv.org/matches/2372268/furia-vs-1win-cct-season-2-europe-series-3
11241,HLTV Team profile,2372270,https://www.hltv.org/matches/2372270/mouz-nxt-vs-b8-cct-season-2-europe-series-3
6248,HLTV Team profile,2372275,https://www.hltv.org/matches/2372275/the-mongolz-vs-chinggis-warriors-mesa-pro-series-finals-2024
6248,HLTV Team profile,2372277,https://www.hltv.org/matches/2372277/the-mongolz-vs-atox-mesa-pro-series-finals-2024
12376,HLTV Team profile,2372281,https://www.hltv.org/matches/2372281/m80-vs-e-xolos-lazer-thunderpick-world-championship-2024-na-closed-qualifier-1
12376,HLTV Team profile,2372287,https://www.hltv.org/matches/2372287/m80-vs-mythic-thunderpick-world-championship-2024-na-closed-qualifier-1
12376,HLTV Team profile,2372290,https://www.hltv.org/matches/2372290/m80-vs-wildcard-thunderpick-world-championship-2024-na-closed-qualifier-1
12376,HLTV Team profile,2372292,https://www.hltv.org/matches/2372292/m80-vs-nouns-thunderpick-world-championship-2024-na-closed-qualifier-1
11241,HLTV Team profile,2372307,https://www.hltv.org/matches/2372307/b8-vs-rhyno-cct-season-2-europe-series-4
12774,HLTV Team profile,2372314,https://www.hltv.org/matches/2372314/flyquest-vs-mindfreak-esl-challenger-league-season-47-oceania
12774,HLTV Team profile,2372318,https://www.hltv.org/matches/2372318/mindfreak-vs-flyquest-esl-challenger-league-season-47-oceania
4494,HLTV Team profile,2372322,https://www.hltv.org/matches/2372322/mouz-vs-9z-iem-dallas-2024
5973,HLTV Team profile,2372323,https://www.hltv.org/matches/2372323/complexity-vs-liquid-iem-dallas-2024
11283,HLTV Team profile,2372324,https://www.hltv.org/matches/2372324/g2-vs-falcons-iem-dallas-2024
9565,HLTV Team profile,2372325,https://www.hltv.org/matches/2372325/vitality-vs-monte-iem-dallas-2024
6667,HLTV Team profile,2372326,https://www.hltv.org/matches/2372326/faze-vs-m80-iem-dallas-2024
7175,HLTV Team profile,2372327,https://www.hltv.org/matches/2372327/virtuspro-vs-heroic-iem-dallas-2024
7020,HLTV Team profile,2372328,https://www.hltv.org/matches/2372328/spirit-vs-flyquest-iem-dallas-2024
4608,HLTV Team profile,2372329,https://www.hltv.org/matches/2372329/natus-vincere-vs-big-iem-dallas-2024
9565,HLTV Team profile,2372330,https://www.hltv.org/matches/2372330/g2-vs-vitality-iem-dallas-2024
11283,HLTV Team profile,2372331,https://www.hltv.org/matches/2372331/falcons-vs-monte-iem-dallas-2024
5973,HLTV Team profile,2372332,https://www.hltv.org/matches/2372332/liquid-vs-9z-iem-dallas-2024
4494,HLTV Team profile,2372333,https://www.hltv.org/matches/2372333/complexity-vs-mouz-iem-dallas-2024
6667,HLTV Team profile,2372334,https://www.hltv.org/matches/2372334/faze-vs-virtuspro-iem-dallas-2024
12376,HLTV Team profile,2372335,https://www.hltv.org/matches/2372335/m80-vs-heroic-iem-dallas-2024
4608,HLTV Team profile,2372336,https://www.hltv.org/matches/2372336/natus-vincere-vs-spirit-iem-dallas-2024
12774,HLTV Team profile,2372337,https://www.hltv.org/matches/2372337/big-vs-flyquest-iem-dallas-2024
4494,HLTV Team profile,2372338,https://www.hltv.org/matches/2372338/g2-vs-mouz-iem-dallas-2024
11283,HLTV Team profile,2372339,https://www.hltv.org/matches/2372339/liquid-vs-falcons-iem-dallas-2024
4608,HLTV Team profile,2372340,https://www.hltv.org/matches/2372340/natus-vincere-vs-heroic-iem-dallas-2024
5995,HLTV Team profile,2372342,https://www.hltv.org/matches/2372342/g2-vs-liquid-iem-dallas-2024
9565,HLTV Team profile,2372343,https://www.hltv.org/matches/2372343/9z-vs-vitality-iem-dallas-2024
7020,HLTV Team profile,2372344,https://www.hltv.org/matches/2372344/faze-vs-spirit-iem-dallas-2024
7175,HLTV Team profile,2372345,https://www.hltv.org/matches/2372345/heroic-vs-big-iem-dallas-2024
6667,HLTV Team profile,2372346,https://www.hltv.org/matches/2372346/faze-vs-g2-iem-dallas-2024
9565,HLTV Team profile,2372347,https://www.hltv.org/matches/2372347/vitality-vs-heroic-iem-dallas-2024
5995,HLTV Team profile,2372348,https://www.hltv.org/matches/2372348/9z-vs-g2-iem-dallas-2024
9565,HLTV Team profile,2372349,https://www.hltv.org/matches/2372349/spirit-vs-vitality-iem-dallas-2024
9565,HLTV Team profile,2372350,https://www.hltv.org/matches/2372350/g2-vs-vitality-iem-dallas-2024
12376,HLTV Team profile,2372408,https://www.hltv.org/matches/2372408/might-vs-m80-esl-challenger-league-season-47-north-america
12376,HLTV Team profile,2372413,https://www.hltv.org/matches/2372413/m80-vs-might-esl-challenger-league-season-47-north-america
12376,HLTV Team profile,2372418,https://www.hltv.org/matches/2372418/m80-vs-party-astronauts-esl-challenger-league-season-47-north-america
12376,HLTV Team profile,2372423,https://www.hltv.org/matches/2372423/party-astronauts-vs-m80-esl-challenger-league-season-47-north-america
4773,HLTV Team profile,2372435,https://www.hltv.org/matches/2372435/pain-vs-2game-esl-challenger-league-season-47-south-america
4773,HLTV Team profile,2372442,https://www.hltv.org/matches/2372442/2game-vs-pain-esl-challenger-league-season-47-south-america
11241,HLTV Team profile,2372461,https://www.hltv.org/matches/2372461/b8-vs-dms-cct-season-2-europe-series-4
11861,HLTV Team profile,2372464,https://www.hltv.org/matches/2372464/aurora-vs-lynn-vision-mesa-nomadic-masters-spring-2024
6248,HLTV Team profile,2372465,https://www.hltv.org/matches/2372465/the-mongolz-vs-gaimin-gladiators-mesa-nomadic-masters-spring-2024
11861,HLTV Team profile,2372468,https://www.hltv.org/matches/2372468/aurora-vs-the-mongolz-mesa-nomadic-masters-spring-2024
11861,HLTV Team profile,2372473,https://www.hltv.org/matches/2372473/aurora-vs-chinggis-warriors-mesa-nomadic-masters-spring-2024
6248,HLTV Team profile,2372474,https://www.hltv.org/matches/2372474/the-mongolz-vs-bleed-mesa-nomadic-masters-spring-2024
11861,HLTV Team profile,2372475,https://www.hltv.org/matches/2372475/lynn-vision-vs-aurora-mesa-nomadic-masters-spring-2024
11861,HLTV Team profile,2372476,https://www.hltv.org/matches/2372476/bleed-vs-aurora-mesa-nomadic-masters-spring-2024
6248,HLTV Team profile,2372477,https://www.hltv.org/matches/2372477/the-mongolz-vs-bleed-mesa-nomadic-masters-spring-2024
11241,HLTV Team profile,2372492,https://www.hltv.org/matches/2372492/b8-vs-ruby-cct-season-2-europe-series-4
8297,HLTV Team profile,2372503,https://www.hltv.org/matches/2372503/furia-vs-ruby-cct-season-2-europe-series-4
11241,HLTV Team profile,2372504,https://www.hltv.org/matches/2372504/b8-vs-sinners-cct-season-2-europe-series-4
4914,HLTV Team profile,2372505,https://www.hltv.org/matches/2372505/3dmax-vs-sampi-cct-season-2-europe-series-4
9928,HLTV Team profile,2372508,https://www.hltv.org/matches/2372508/gamerlegion-vs-gun5-cct-season-2-europe-series-4
8297,HLTV Team profile,2372510,https://www.hltv.org/matches/2372510/furia-vs-zero-tenacity-cct-season-2-europe-series-4
4914,HLTV Team profile,2372512,https://www.hltv.org/matches/2372512/3dmax-vs-vpprodigy-cct-season-2-europe-series-4
8297,HLTV Team profile,2372515,https://www.hltv.org/matches/2372515/furia-vs-mouz-nxt-cct-season-2-europe-series-4
8297,HLTV Team profile,2372516,https://www.hltv.org/matches/2372516/gun5-vs-furia-cct-season-2-europe-series-4
12774,HLTV Team profile,2372522,https://www.hltv.org/matches/2372522/flyquest-vs-rooster-esl-challenger-league-season-47-oceania
12774,HLTV Team profile,2372524,https://www.hltv.org/matches/2372524/mindfreak-vs-flyquest-esl-challenger-league-season-47-oceania
12774,HLTV Team profile,2372525,https://www.hltv.org/matches/2372525/rooster-vs-flyquest-esl-challenger-league-season-47-oceania
11861,HLTV Team profile,2372536,https://www.hltv.org/matches/2372536/aurora-vs-3dmax-esl-challenger-league-season-47-europe
4914,HLTV Team profile,2372540,https://www.hltv.org/matches/2372540/koi-vs-3dmax-esl-challenger-league-season-47-europe
11861,HLTV Team profile,2372564,https://www.hltv.org/matches/2372564/aurora-vs-parivision-esl-challenger-league-season-47-europe
11861,HLTV Team profile,2372567,https://www.hltv.org/matches/2372567/rush-b-vs-aurora-esl-challenger-league-season-47-europe
4914,HLTV Team profile,2372568,https://www.hltv.org/matches/2372568/3dmax-vs-sangal-esl-challenger-league-season-47-europe
11861,HLTV Team profile,2372569,https://www.hltv.org/matches/2372569/aurora-vs-sangal-esl-challenger-league-season-47-europe
12376,HLTV Team profile,2372576,https://www.hltv.org/matches/2372576/m80-vs-nouns-esl-challenger-league-season-47-north-america
12376,HLTV Team profile,2372580,https://www.hltv.org/matches/2372580/m80-vs-wildcard-esl-challenger-league-season-47-north-america
6673,HLTV Team profile,2372581,https://www.hltv.org/matches/2372581/nrg-vs-party-astronauts-esl-challenger-league-season-47-north-america
12376,HLTV Team profile,2372585,https://www.hltv.org/matches/2372585/m80-vs-wildcard-esl-challenger-league-season-47-north-america
9215,HLTV Team profile,2372586,https://www.hltv.org/matches/2372586/mibr-vs-galorys-esl-challenger-league-season-47-south-america
4773,HLTV Team profile,2372587,https://www.hltv.org/matches/2372587/oddik-vs-pain-esl-challenger-league-season-47-south-america
9215,HLTV Team profile,2372590,https://www.hltv.org/matches/2372590/bestia-vs-mibr-esl-challenger-league-season-47-south-america
4773,HLTV Team profile,2372591,https://www.hltv.org/matches/2372591/fluxo-vs-pain-esl-challenger-league-season-47-south-america
9215,HLTV Team profile,2372593,https://www.hltv.org/matches/2372593/9z-vs-mibr-esl-challenger-league-season-47-south-america
4773,HLTV Team profile,2372594,https://www.hltv.org/matches/2372594/sharks-vs-pain-esl-challenger-league-season-47-south-america
11241,HLTV Team profile,2372631,https://www.hltv.org/matches/2372631/b8-vs-verdant-res-european-masters-2-fall-2024-blast-premier-qualifier
11861,HLTV Team profile,2372632,https://www.hltv.org/matches/2372632/aurora-vs-pera-res-european-masters-2-fall-2024-blast-premier-qualifier
11861,HLTV Team profile,2372633,https://www.hltv.org/matches/2372633/verdant-vs-aurora-res-european-masters-2-fall-2024-blast-premier-qualifier
11241,HLTV Team profile,2372634,https://www.hltv.org/matches/2372634/b8-vs-pera-res-european-masters-2-fall-2024-blast-premier-qualifier
11241,HLTV Team profile,2372635,https://www.hltv.org/matches/2372635/verdant-vs-b8-res-european-masters-2-fall-2024-blast-premier-qualifier
11241,HLTV Team profile,2372641,https://www.hltv.org/matches/2372641/amkal-vs-b8-res-european-masters-2-fall-2024-blast-premier-qualifier
11861,HLTV Team profile,2372642,https://www.hltv.org/matches/2372642/aurora-vs-monte-res-european-masters-2-fall-2024-blast-premier-qualifier
11581,HLTV Team profile,2372676,https://www.hltv.org/matches/2372676/leon-vs-hotu-esea-advanced-season-49-europe
11581,HLTV Team profile,2372684,https://www.hltv.org/matches/2372684/spirit-academy-vs-hotu-esea-advanced-season-49-europe
6665,HLTV Team profile,2372699,https://www.hltv.org/matches/2372699/astralis-vs-heroic-yalla-compass-2024
6248,HLTV Team profile,2372701,https://www.hltv.org/matches/2372701/sashi-vs-the-mongolz-yalla-compass-2024
8297,HLTV Team profile,2372702,https://www.hltv.org/matches/2372702/furia-vs-big-yalla-compass-2024
4411,HLTV Team profile,2372703,https://www.hltv.org/matches/2372703/ninjas-in-pyjamas-vs-ence-yalla-compass-2024
12394,HLTV Team profile,2372704,https://www.hltv.org/matches/2372704/fnatic-vs-betboom-yalla-compass-2024
6665,HLTV Team profile,2372705,https://www.hltv.org/matches/2372705/astralis-vs-sashi-yalla-compass-2024
6248,HLTV Team profile,2372707,https://www.hltv.org/matches/2372707/the-mongolz-vs-ence-yalla-compass-2024
8297,HLTV Team profile,2372708,https://www.hltv.org/matches/2372708/furia-vs-betboom-yalla-compass-2024
4411,HLTV Team profile,2372709,https://www.hltv.org/matches/2372709/ninjas-in-pyjamas-vs-heroic-yalla-compass-2024
12394,HLTV Team profile,2372712,https://www.hltv.org/matches/2372712/big-vs-betboom-yalla-compass-2024
6248,HLTV Team profile,2372713,https://www.hltv.org/matches/2372713/the-mongolz-vs-heroic-yalla-compass-2024
6665,HLTV Team profile,2372714,https://www.hltv.org/matches/2372714/ninjas-in-pyjamas-vs-astralis-yalla-compass-2024
6665,HLTV Team profile,2372715,https://www.hltv.org/matches/2372715/astralis-vs-ence-yalla-compass-2024
7175,HLTV Team profile,2372716,https://www.hltv.org/matches/2372716/sashi-vs-heroic-yalla-compass-2024
6248,HLTV Team profile,2372717,https://www.hltv.org/matches/2372717/ninjas-in-pyjamas-vs-the-mongolz-yalla-compass-2024
6248,HLTV Team profile,2372718,https://www.hltv.org/matches/2372718/astralis-vs-the-mongolz-yalla-compass-2024
7175,HLTV Team profile,2372719,https://www.hltv.org/matches/2372719/heroic-vs-ence-yalla-compass-2024
4411,HLTV Team profile,2372720,https://www.hltv.org/matches/2372720/ninjas-in-pyjamas-vs-sashi-yalla-compass-2024
8297,HLTV Team profile,2372721,https://www.hltv.org/matches/2372721/furia-vs-eternal-fire-yalla-compass-2024
12394,HLTV Team profile,2372723,https://www.hltv.org/matches/2372723/complexity-vs-betboom-yalla-compass-2024
8297,HLTV Team profile,2372725,https://www.hltv.org/matches/2372725/fnatic-vs-furia-yalla-compass-2024
8297,HLTV Team profile,2372726,https://www.hltv.org/matches/2372726/complexity-vs-furia-yalla-compass-2024
12394,HLTV Team profile,2372727,https://www.hltv.org/matches/2372727/eternal-fire-vs-betboom-yalla-compass-2024
6665,HLTV Team profile,2372729,https://www.hltv.org/matches/2372729/betboom-vs-astralis-yalla-compass-2024
4411,HLTV Team profile,2372730,https://www.hltv.org/matches/2372730/ninjas-in-pyjamas-vs-fnatic-yalla-compass-2024
6248,HLTV Team profile,2372731,https://www.hltv.org/matches/2372731/the-mongolz-vs-astralis-yalla-compass-2024
8297,HLTV Team profile,2372732,https://www.hltv.org/matches/2372732/furia-vs-ninjas-in-pyjamas-yalla-compass-2024
6248,HLTV Team profile,2372733,https://www.hltv.org/matches/2372733/the-mongolz-vs-ninjas-in-pyjamas-yalla-compass-2024
6667,HLTV Team profile,2372734,https://www.hltv.org/matches/2372734/faze-vs-saw-blast-premier-spring-final-2024
4608,HLTV Team profile,2372735,https://www.hltv.org/matches/2372735/natus-vincere-vs-astralis-blast-premier-spring-final-2024
4608,HLTV Team profile,2372736,https://www.hltv.org/matches/2372736/faze-vs-natus-vincere-blast-premier-spring-final-2024
6665,HLTV Team profile,2372737,https://www.hltv.org/matches/2372737/saw-vs-astralis-blast-premier-spring-final-2024
9565,HLTV Team profile,2372738,https://www.hltv.org/matches/2372738/vitality-vs-virtuspro-blast-premier-spring-final-2024
7020,HLTV Team profile,2372739,https://www.hltv.org/matches/2372739/spirit-vs-g2-blast-premier-spring-final-2024
9565,HLTV Team profile,2372740,https://www.hltv.org/matches/2372740/vitality-vs-g2-blast-premier-spring-final-2024
7020,HLTV Team profile,2372741,https://www.hltv.org/matches/2372741/virtuspro-vs-spirit-blast-premier-spring-final-2024
9565,HLTV Team profile,2372742,https://www.hltv.org/matches/2372742/faze-vs-vitality-blast-premier-spring-final-2024
6665,HLTV Team profile,2372743,https://www.hltv.org/matches/2372743/astralis-vs-virtuspro-blast-premier-spring-final-2024
9565,HLTV Team profile,2372744,https://www.hltv.org/matches/2372744/spirit-vs-vitality-blast-premier-spring-final-2024
4608,HLTV Team profile,2372745,https://www.hltv.org/matches/2372745/natus-vincere-vs-virtuspro-blast-premier-spring-final-2024
4608,HLTV Team profile,2372746,https://www.hltv.org/matches/2372746/spirit-vs-natus-vincere-blast-premier-spring-final-2024
11581,HLTV Team profile,2372758,https://www.hltv.org/matches/2372758/hotu-vs-cybershoke-esea-advanced-season-49-europe
4773,HLTV Team profile,2372776,https://www.hltv.org/matches/2372776/pain-vs-bestia-fireleague-2024-global-finals
4411,HLTV Team profile,2372777,https://www.hltv.org/matches/2372777/ninjas-in-pyjamas-vs-9z-fireleague-2024-global-finals
4773,HLTV Team profile,2372780,https://www.hltv.org/matches/2372780/pain-vs-ninjas-in-pyjamas-fireleague-2024-global-finals
4773,HLTV Team profile,2372784,https://www.hltv.org/matches/2372784/pain-vs-9z-fireleague-2024-global-finals
4411,HLTV Team profile,2372787,https://www.hltv.org/matches/2372787/ninjas-in-pyjamas-vs-fnatic-fireleague-2024-global-finals
6673,HLTV Team profile,2372803,https://www.hltv.org/matches/2372803/party-astronauts-vs-nrg-thunderpick-world-championship-2024-na-closed-qualifier-2
9215,HLTV Team profile,2372874,https://www.hltv.org/matches/2372874/mibr-vs-bounty-hunters-cct-season-2-south-america-series-1
4773,HLTV Team profile,2372875,https://www.hltv.org/matches/2372875/pain-vs-dusty-roots-cct-season-2-south-america-series-1
4773,HLTV Team profile,2372880,https://www.hltv.org/matches/2372880/sharks-vs-pain-cct-season-2-south-america-series-1
4773,HLTV Team profile,2372883,https://www.hltv.org/matches/2372883/imperial-vs-pain-cct-season-2-south-america-series-1
4773,HLTV Team profile,2372885,https://www.hltv.org/matches/2372885/pain-vs-bestia-cct-season-2-south-america-series-1
11241,HLTV Team profile,2372903,https://www.hltv.org/matches/2372903/b8-vs-mouz-nxt-cct-season-2-europe-series-5
9928,HLTV Team profile,2372906,https://www.hltv.org/matches/2372906/gamerlegion-vs-illuminar-cct-season-2-europe-series-5
4914,HLTV Team profile,2372907,https://www.hltv.org/matches/2372907/3dmax-vs-passion-ua-cct-season-2-europe-series-5
12467,HLTV Team profile,2372908,https://www.hltv.org/matches/2372908/parivision-vs-permitta-cct-season-2-europe-series-5
11241,HLTV Team profile,2372912,https://www.hltv.org/matches/2372912/illuminar-vs-b8-cct-season-2-europe-series-5
4914,HLTV Team profile,2372914,https://www.hltv.org/matches/2372914/3dmax-vs-gun5-cct-season-2-europe-series-5
11241,HLTV Team profile,2372915,https://www.hltv.org/matches/2372915/b8-vs-monte-cct-season-2-europe-series-5
4914,HLTV Team profile,2372916,https://www.hltv.org/matches/2372916/permitta-vs-3dmax-cct-season-2-europe-series-5
4914,HLTV Team profile,2372917,https://www.hltv.org/matches/2372917/b8-vs-3dmax-cct-season-2-europe-series-5
4914,HLTV Team profile,2372934,https://www.hltv.org/matches/2372934/3dmax-vs-nexus-regional-clash-arena-europe-2024
9928,HLTV Team profile,2372935,https://www.hltv.org/matches/2372935/gamerlegion-vs-eclot-regional-clash-arena-europe-2024
4914,HLTV Team profile,2372940,https://www.hltv.org/matches/2372940/gaimin-gladiators-vs-3dmax-regional-clash-arena-europe-2024
9928,HLTV Team profile,2372942,https://www.hltv.org/matches/2372942/mouz-nxt-vs-gamerlegion-regional-clash-arena-europe-2024
4773,HLTV Team profile,2372953,https://www.hltv.org/matches/2372953/pain-vs-galorys-regional-clash-arena-south-america-2024
4773,HLTV Team profile,2372960,https://www.hltv.org/matches/2372960/corinthians-vs-pain-regional-clash-arena-south-america-2024
4914,HLTV Team profile,2372968,https://www.hltv.org/matches/2372968/3dmax-vs-illuminar-regional-clash-arena-europe-2024
9928,HLTV Team profile,2372969,https://www.hltv.org/matches/2372969/5w-vs-gamerlegion-regional-clash-arena-europe-2024
4773,HLTV Team profile,2372977,https://www.hltv.org/matches/2372977/hype-vs-pain-regional-clash-arena-south-america-2024
12376,HLTV Team profile,2372987,https://www.hltv.org/matches/2372987/m80-vs-fluffy-aimers-ace-north-american-masters-fall-2024-blast-premier-qualifier
12376,HLTV Team profile,2372988,https://www.hltv.org/matches/2372988/wildcard-vs-m80-ace-north-american-masters-fall-2024-blast-premier-qualifier
6673,HLTV Team profile,2372990,https://www.hltv.org/matches/2372990/wildcard-vs-nrg-ace-north-american-masters-fall-2024-blast-premier-qualifier
6673,HLTV Team profile,2372996,https://www.hltv.org/matches/2372996/party-astronauts-vs-nrg-ace-north-american-masters-fall-2024-blast-premier-qualifier
12376,HLTV Team profile,2372997,https://www.hltv.org/matches/2372997/m80-vs-legacy-ace-north-american-masters-fall-2024-blast-premier-qualifier
6673,HLTV Team profile,2372998,https://www.hltv.org/matches/2372998/nrg-vs-m80-ace-north-american-masters-fall-2024-blast-premier-qualifier
4914,HLTV Team profile,2373004,https://www.hltv.org/matches/2373004/3dmax-vs-9ine-regional-clash-arena-europe-2024
4914,HLTV Team profile,2373008,https://www.hltv.org/matches/2373008/eyeballers-vs-3dmax-regional-clash-arena-europe-2024
4914,HLTV Team profile,2373010,https://www.hltv.org/matches/2373010/9ine-vs-3dmax-regional-clash-arena-europe-2024
9928,HLTV Team profile,2373012,https://www.hltv.org/matches/2373012/gamerlegion-vs-endpoint-regional-clash-arena-europe-2024
4914,HLTV Team profile,2373013,https://www.hltv.org/matches/2373013/enterprise-vs-3dmax-regional-clash-arena-europe-2024
9928,HLTV Team profile,2373014,https://www.hltv.org/matches/2373014/5w-vs-gamerlegion-regional-clash-arena-europe-2024
4914,HLTV Team profile,2373015,https://www.hltv.org/matches/2373015/5w-vs-3dmax-regional-clash-arena-europe-2024
4773,HLTV Team profile,2373026,https://www.hltv.org/matches/2373026/pain-vs-kr-regional-clash-arena-south-america-2024
4773,HLTV Team profile,2373029,https://www.hltv.org/matches/2373029/oddik-vs-pain-regional-clash-arena-south-america-2024
4773,HLTV Team profile,2373031,https://www.hltv.org/matches/2373031/pain-vs-fluxo-regional-clash-arena-south-america-2024
6248,HLTV Team profile,2373066,https://www.hltv.org/matches/2373066/the-mongolz-vs-party-astronauts-esl-challenger-jnkping-2024
11283,HLTV Team profile,2373067,https://www.hltv.org/matches/2373067/aurora-vs-falcons-esl-challenger-jnkping-2024
9215,HLTV Team profile,2373069,https://www.hltv.org/matches/2373069/ence-vs-mibr-esl-challenger-jnkping-2024
11861,HLTV Team profile,2373070,https://www.hltv.org/matches/2373070/the-mongolz-vs-aurora-esl-challenger-jnkping-2024
9215,HLTV Team profile,2373072,https://www.hltv.org/matches/2373072/mibr-vs-alliance-esl-challenger-jnkping-2024
11283,HLTV Team profile,2373073,https://www.hltv.org/matches/2373073/party-astronauts-vs-falcons-esl-challenger-jnkping-2024
9215,HLTV Team profile,2373074,https://www.hltv.org/matches/2373074/complexity-vs-mibr-esl-challenger-jnkping-2024
11283,HLTV Team profile,2373075,https://www.hltv.org/matches/2373075/the-mongolz-vs-falcons-esl-challenger-jnkping-2024
11283,HLTV Team profile,2373076,https://www.hltv.org/matches/2373076/ence-vs-falcons-esl-challenger-jnkping-2024
11861,HLTV Team profile,2373077,https://www.hltv.org/matches/2373077/aurora-vs-complexity-esl-challenger-jnkping-2024
11283,HLTV Team profile,2373078,https://www.hltv.org/matches/2373078/complexity-vs-falcons-esl-challenger-jnkping-2024
4914,HLTV Team profile,2373092,https://www.hltv.org/matches/2373092/3dmax-vs-rush-b-esl-pro-league-season-20-europe-closed-qualifier
11861,HLTV Team profile,2373093,https://www.hltv.org/matches/2373093/aurora-vs-sinners-esl-pro-league-season-20-europe-closed-qualifier
11861,HLTV Team profile,2373096,https://www.hltv.org/matches/2373096/3dmax-vs-aurora-esl-pro-league-season-20-europe-closed-qualifier
4914,HLTV Team profile,2373100,https://www.hltv.org/matches/2373100/3dmax-vs-sinners-esl-pro-league-season-20-europe-closed-qualifier
11861,HLTV Team profile,2373101,https://www.hltv.org/matches/2373101/rush-b-vs-aurora-esl-pro-league-season-20-europe-closed-qualifier
4914,HLTV Team profile,2373102,https://www.hltv.org/matches/2373102/monte-vs-3dmax-esl-pro-league-season-20-europe-closed-qualifier
11861,HLTV Team profile,2373104,https://www.hltv.org/matches/2373104/parivision-vs-aurora-esl-pro-league-season-20-europe-closed-qualifier
4914,HLTV Team profile,2373107,https://www.hltv.org/matches/2373107/9-pandas-vs-3dmax-esl-pro-league-season-20-europe-closed-qualifier
11861,HLTV Team profile,2373109,https://www.hltv.org/matches/2373109/saw-vs-aurora-esl-pro-league-season-20-europe-closed-qualifier
11861,HLTV Team profile,2373110,https://www.hltv.org/matches/2373110/monte-vs-aurora-esl-pro-league-season-20-europe-closed-qualifier
12467,HLTV Team profile,2373112,https://www.hltv.org/matches/2373112/parivision-vs-3dmax-esl-pro-league-season-20-europe-closed-qualifier
11861,HLTV Team profile,2373115,https://www.hltv.org/matches/2373115/9-pandas-vs-aurora-esl-pro-league-season-20-europe-closed-qualifier
12467,HLTV Team profile,2373116,https://www.hltv.org/matches/2373116/parivision-vs-rush-b-esl-pro-league-season-20-europe-closed-qualifier
4914,HLTV Team profile,2373117,https://www.hltv.org/matches/2373117/saw-vs-3dmax-esl-pro-league-season-20-europe-closed-qualifier
4914,HLTV Team profile,2373119,https://www.hltv.org/matches/2373119/buhawi-vs-3dmax-esl-pro-league-season-20-europe-closed-qualifier
4914,HLTV Team profile,2373120,https://www.hltv.org/matches/2373120/sinners-vs-3dmax-esl-pro-league-season-20-europe-closed-qualifier
11581,HLTV Team profile,2373135,https://www.hltv.org/matches/2373135/vpprodigy-vs-hotu-regional-clash-arena-cis-2024
11241,HLTV Team profile,2373170,https://www.hltv.org/matches/2373170/bleed-vs-b8-skyesports-championship-2024-europe-closed-qualifier
4914,HLTV Team profile,2373171,https://www.hltv.org/matches/2373171/3dmax-vs-vpprodigy-skyesports-championship-2024-europe-closed-qualifier
4914,HLTV Team profile,2373174,https://www.hltv.org/matches/2373174/3dmax-vs-sashi-skyesports-championship-2024-europe-closed-qualifier
4914,HLTV Team profile,2373175,https://www.hltv.org/matches/2373175/bleed-vs-3dmax-skyesports-championship-2024-europe-closed-qualifier
12878,HLTV Team profile,2373221,https://www.hltv.org/matches/2373221/sinners-vs-bcgame-cct-season-2-europe-series-6
12878,HLTV Team profile,2373230,https://www.hltv.org/matches/2373230/metizport-vs-bcgame-cct-season-2-europe-series-6
4494,HLTV Team profile,2373269,https://www.hltv.org/matches/2373269/mouz-vs-sashi-esports-world-cup-2024
7020,HLTV Team profile,2373270,https://www.hltv.org/matches/2373270/spirit-vs-mibr-esports-world-cup-2024
8297,HLTV Team profile,2373271,https://www.hltv.org/matches/2373271/natus-vincere-vs-furia-esports-world-cup-2024
9565,HLTV Team profile,2373273,https://www.hltv.org/matches/2373273/vitality-vs-m80-esports-world-cup-2024
6667,HLTV Team profile,2373274,https://www.hltv.org/matches/2373274/faze-vs-flyquest-esports-world-cup-2024
6248,HLTV Team profile,2373275,https://www.hltv.org/matches/2373275/g2-vs-the-mongolz-esports-world-cup-2024
8297,HLTV Team profile,2373277,https://www.hltv.org/matches/2373277/flyquest-vs-furia-esports-world-cup-2024
6248,HLTV Team profile,2373278,https://www.hltv.org/matches/2373278/the-mongolz-vs-mibr-esports-world-cup-2024
12376,HLTV Team profile,2373279,https://www.hltv.org/matches/2373279/m80-vs-complexity-esports-world-cup-2024
8297,HLTV Team profile,2373280,https://www.hltv.org/matches/2373280/sashi-vs-furia-esports-world-cup-2024
6248,HLTV Team profile,2373281,https://www.hltv.org/matches/2373281/the-mongolz-vs-m80-esports-world-cup-2024
8297,HLTV Team profile,2373282,https://www.hltv.org/matches/2373282/furia-vs-the-mongolz-esports-world-cup-2024
4608,HLTV Team profile,2373283,https://www.hltv.org/matches/2373283/natus-vincere-vs-faze-esports-world-cup-2024
8297,HLTV Team profile,2373284,https://www.hltv.org/matches/2373284/mouz-vs-furia-esports-world-cup-2024
7020,HLTV Team profile,2373285,https://www.hltv.org/matches/2373285/spirit-vs-g2-esports-world-cup-2024
9565,HLTV Team profile,2373286,https://www.hltv.org/matches/2373286/vitality-vs-virtuspro-esports-world-cup-2024
5995,HLTV Team profile,2373287,https://www.hltv.org/matches/2373287/g2-vs-virtuspro-esports-world-cup-2024
4608,HLTV Team profile,2373288,https://www.hltv.org/matches/2373288/mouz-vs-natus-vincere-esports-world-cup-2024
4608,HLTV Team profile,2373289,https://www.hltv.org/matches/2373289/g2-vs-natus-vincere-esports-world-cup-2024
12878,HLTV Team profile,2373297,https://www.hltv.org/matches/2373297/aurora-young-blud-vs-bcgame-cct-season-2-europe-series-6
12878,HLTV Team profile,2373301,https://www.hltv.org/matches/2373301/passion-ua-vs-bcgame-cct-season-2-europe-series-6
12878,HLTV Team profile,2373305,https://www.hltv.org/matches/2373305/gun5-vs-bcgame-cct-season-2-europe-series-6
12878,HLTV Team profile,2373308,https://www.hltv.org/matches/2373308/saw-vs-bcgame-cct-season-2-europe-series-6
11241,HLTV Team profile,2373310,https://www.hltv.org/matches/2373310/b8-vs-sinners-cct-season-2-europe-series-6
11241,HLTV Team profile,2373315,https://www.hltv.org/matches/2373315/b8-vs-sangal-cct-season-2-europe-series-6
4773,HLTV Team profile,2373328,https://www.hltv.org/matches/2373328/pain-vs-vikings-kr-ace-south-american-masters-fall-2024-blast-premier-qualifier
12468,HLTV Team profile,2373374,https://www.hltv.org/matches/2373374/legacy-vs-oddik-cbcs-season-5
4914,HLTV Team profile,2373463,https://www.hltv.org/matches/2373463/3dmax-vs-latvia-iesf-world-championship-2024-europe-closed-qualifier-1
6248,HLTV Team profile,2373494,https://www.hltv.org/matches/2373494/the-mongolz-vs-steel-helmet-5e-arena-asia-cup-fall-2024-blast-premier-qualifier
6248,HLTV Team profile,2373498,https://www.hltv.org/matches/2373498/the-mongolz-vs-rare-atom-5e-arena-asia-cup-fall-2024-blast-premier-qualifier
6248,HLTV Team profile,2373500,https://www.hltv.org/matches/2373500/the-mongolz-vs-catevil-5e-arena-asia-cup-fall-2024-blast-premier-qualifier
11241,HLTV Team profile,2373556,https://www.hltv.org/matches/2373556/b8-vs-9ine-res-regional-series-6-europe
4411,HLTV Team profile,2373561,https://www.hltv.org/matches/2373561/ninjas-in-pyjamas-vs-nexus-res-regional-series-6-europe
11241,HLTV Team profile,2373564,https://www.hltv.org/matches/2373564/sangal-vs-b8-res-regional-series-6-europe
4411,HLTV Team profile,2373569,https://www.hltv.org/matches/2373569/mouz-nxt-vs-ninjas-in-pyjamas-res-regional-series-6-europe
11241,HLTV Team profile,2373570,https://www.hltv.org/matches/2373570/rebels-vs-b8-res-regional-series-6-europe
4411,HLTV Team profile,2373576,https://www.hltv.org/matches/2373576/ninjas-in-pyjamas-vs-passion-ua-res-regional-series-6-europe
11241,HLTV Team profile,2373577,https://www.hltv.org/matches/2373577/zero-tenacity-vs-b8-res-regional-series-6-europe
6248,HLTV Team profile,2373581,https://www.hltv.org/matches/2373581/the-mongolz-vs-true-rippers-skyesports-championship-2024
12467,HLTV Team profile,2373583,https://www.hltv.org/matches/2373583/aurora-vs-parivision-skyesports-championship-2024
4914,HLTV Team profile,2373586,https://www.hltv.org/matches/2373586/3dmax-vs-amkal-skyesports-championship-2024
12467,HLTV Team profile,2373587,https://www.hltv.org/matches/2373587/the-mongolz-vs-parivision-skyesports-championship-2024
11861,HLTV Team profile,2373591,https://www.hltv.org/matches/2373591/aurora-vs-ence-skyesports-championship-2024
6248,HLTV Team profile,2373593,https://www.hltv.org/matches/2373593/the-mongolz-vs-bleed-skyesports-championship-2024
12467,HLTV Team profile,2373595,https://www.hltv.org/matches/2373595/parivision-vs-ence-skyesports-championship-2024
4914,HLTV Team profile,2373596,https://www.hltv.org/matches/2373596/dms-vs-3dmax-skyesports-championship-2024
11861,HLTV Team profile,2373597,https://www.hltv.org/matches/2373597/true-rippers-vs-aurora-skyesports-championship-2024
6248,HLTV Team profile,2373599,https://www.hltv.org/matches/2373599/the-mongolz-vs-ence-skyesports-championship-2024
4914,HLTV Team profile,2373600,https://www.hltv.org/matches/2373600/eternal-fire-vs-3dmax-skyesports-championship-2024
11861,HLTV Team profile,2373601,https://www.hltv.org/matches/2373601/bleed-vs-aurora-skyesports-championship-2024
12467,HLTV Team profile,2373603,https://www.hltv.org/matches/2373603/parivision-vs-true-rippers-skyesports-championship-2024
11861,HLTV Team profile,2373605,https://www.hltv.org/matches/2373605/the-mongolz-vs-aurora-skyesports-championship-2024
4914,HLTV Team profile,2373608,https://www.hltv.org/matches/2373608/3dmax-vs-revenant-skyesports-championship-2024
12467,HLTV Team profile,2373609,https://www.hltv.org/matches/2373609/bleed-vs-parivision-skyesports-championship-2024
6248,HLTV Team profile,2373611,https://www.hltv.org/matches/2373611/the-mongolz-vs-amkal-skyesports-championship-2024
4914,HLTV Team profile,2373612,https://www.hltv.org/matches/2373612/3dmax-vs-ence-skyesports-championship-2024
6248,HLTV Team profile,2373613,https://www.hltv.org/matches/2373613/eternal-fire-vs-the-mongolz-skyesports-championship-2024
11861,HLTV Team profile,2373614,https://www.hltv.org/matches/2373614/aurora-vs-3dmax-skyesports-championship-2024
6248,HLTV Team profile,2373615,https://www.hltv.org/matches/2373615/the-mongolz-vs-3dmax-skyesports-championship-2024
6673,HLTV Team profile,2373622,https://www.hltv.org/matches/2373622/nrg-vs-limitless-esl-challenger-league-season-48-north-america
6673,HLTV Team profile,2373626,https://www.hltv.org/matches/2373626/limitless-vs-nrg-esl-challenger-league-season-48-north-america
6673,HLTV Team profile,2373631,https://www.hltv.org/matches/2373631/nrg-vs-fluffy-aimers-esl-challenger-league-season-48-north-america
6673,HLTV Team profile,2373637,https://www.hltv.org/matches/2373637/fluffy-aimers-vs-nrg-esl-challenger-league-season-48-north-america
11861,HLTV Team profile,2373659,https://www.hltv.org/matches/2373659/aurora-vs-pera-esl-challenger-league-season-48-europe
4773,HLTV Team profile,2373665,https://www.hltv.org/matches/2373665/pain-vs-solid-esl-challenger-league-season-48-south-america
9215,HLTV Team profile,2373669,https://www.hltv.org/matches/2373669/oddik-vs-mibr-esl-challenger-league-season-48-south-america
4773,HLTV Team profile,2373673,https://www.hltv.org/matches/2373673/solid-vs-pain-esl-challenger-league-season-48-south-america
9215,HLTV Team profile,2373677,https://www.hltv.org/matches/2373677/mibr-vs-oddik-esl-challenger-league-season-48-south-america
4773,HLTV Team profile,2373681,https://www.hltv.org/matches/2373681/galorys-vs-pain-esl-challenger-league-season-48-south-america
9215,HLTV Team profile,2373682,https://www.hltv.org/matches/2373682/mibr-vs-fluxo-esl-challenger-league-season-48-south-america
4773,HLTV Team profile,2373689,https://www.hltv.org/matches/2373689/pain-vs-galorys-esl-challenger-league-season-48-south-america
9215,HLTV Team profile,2373690,https://www.hltv.org/matches/2373690/fluxo-vs-mibr-esl-challenger-league-season-48-south-america
4914,HLTV Team profile,2373695,https://www.hltv.org/matches/2373695/3dmax-vs-tsm-esl-challenger-league-season-48-europe
4914,HLTV Team profile,2373698,https://www.hltv.org/matches/2373698/3dmax-vs-9-pandas-esl-challenger-league-season-48-europe
12467,HLTV Team profile,2373700,https://www.hltv.org/matches/2373700/parivision-vs-betera-esl-challenger-league-season-48-europe
6673,HLTV Team profile,2373704,https://www.hltv.org/matches/2373704/nrg-vs-mythic-esl-challenger-league-season-48-north-america
6673,HLTV Team profile,2373709,https://www.hltv.org/matches/2373709/mythic-vs-nrg-esl-challenger-league-season-48-north-america
6673,HLTV Team profile,2373714,https://www.hltv.org/matches/2373714/nrg-vs-e-xolos-lazer-esl-challenger-league-season-48-north-america
6673,HLTV Team profile,2373719,https://www.hltv.org/matches/2373719/e-xolos-lazer-vs-nrg-esl-challenger-league-season-48-north-america
4773,HLTV Team profile,2373728,https://www.hltv.org/matches/2373728/pain-vs-case-esl-challenger-league-season-48-south-america
4773,HLTV Team profile,2373735,https://www.hltv.org/matches/2373735/case-vs-pain-esl-challenger-league-season-48-south-america
4773,HLTV Team profile,2373737,https://www.hltv.org/matches/2373737/dusty-roots-vs-pain-esl-challenger-league-season-48-south-america
4773,HLTV Team profile,2373744,https://www.hltv.org/matches/2373744/pain-vs-dusty-roots-esl-challenger-league-season-48-south-america
11861,HLTV Team profile,2373751,https://www.hltv.org/matches/2373751/aurora-vs-b8-esl-challenger-league-season-48-europe
4773,HLTV Team profile,2373756,https://www.hltv.org/matches/2373756/pain-vs-w7m-thunderpick-world-championship-2024-sa-closed-qualifier-2
4773,HLTV Team profile,2373765,https://www.hltv.org/matches/2373765/pain-vs-bounty-hunters-thunderpick-world-championship-2024-sa-closed-qualifier-2
4773,HLTV Team profile,2373769,https://www.hltv.org/matches/2373769/pain-vs-fluxo-thunderpick-world-championship-2024-sa-closed-qualifier-2
7020,HLTV Team profile,2373771,https://www.hltv.org/matches/2373771/spirit-vs-og-blast-premier-fall-groups-2024
7175,HLTV Team profile,2373772,https://www.hltv.org/matches/2373772/complexity-vs-heroic-blast-premier-fall-groups-2024
9565,HLTV Team profile,2373773,https://www.hltv.org/matches/2373773/vitality-vs-gamerlegion-blast-premier-fall-groups-2024
11283,HLTV Team profile,2373774,https://www.hltv.org/matches/2373774/astralis-vs-falcons-blast-premier-fall-groups-2024
6667,HLTV Team profile,2373775,https://www.hltv.org/matches/2373775/faze-vs-cloud9-blast-premier-fall-groups-2024
5995,HLTV Team profile,2373776,https://www.hltv.org/matches/2373776/g2-vs-ninjas-in-pyjamas-blast-premier-fall-groups-2024
4608,HLTV Team profile,2373777,https://www.hltv.org/matches/2373777/natus-vincere-vs-big-blast-premier-fall-groups-2024
5973,HLTV Team profile,2373778,https://www.hltv.org/matches/2373778/virtuspro-vs-liquid-blast-premier-fall-groups-2024
7020,HLTV Team profile,2373779,https://www.hltv.org/matches/2373779/spirit-vs-heroic-blast-premier-fall-groups-2024
9565,HLTV Team profile,2373781,https://www.hltv.org/matches/2373781/vitality-vs-astralis-blast-premier-fall-groups-2024
11283,HLTV Team profile,2373782,https://www.hltv.org/matches/2373782/gamerlegion-vs-falcons-blast-premier-fall-groups-2024
6667,HLTV Team profile,2373783,https://www.hltv.org/matches/2373783/faze-vs-g2-blast-premier-fall-groups-2024
4608,HLTV Team profile,2373784,https://www.hltv.org/matches/2373784/natus-vincere-vs-liquid-blast-premier-fall-groups-2024
4411,HLTV Team profile,2373785,https://www.hltv.org/matches/2373785/cloud9-vs-ninjas-in-pyjamas-blast-premier-fall-groups-2024
7175,HLTV Team profile,2373787,https://www.hltv.org/matches/2373787/heroic-vs-complexity-blast-premier-fall-groups-2024
11283,HLTV Team profile,2373788,https://www.hltv.org/matches/2373788/astralis-vs-falcons-blast-premier-fall-groups-2024
6667,HLTV Team profile,2373789,https://www.hltv.org/matches/2373789/faze-vs-ninjas-in-pyjamas-blast-premier-fall-groups-2024
4608,HLTV Team profile,2373790,https://www.hltv.org/matches/2373790/natus-vincere-vs-big-blast-premier-fall-groups-2024
7020,HLTV Team profile,2373791,https://www.hltv.org/matches/2373791/spirit-vs-complexity-blast-premier-fall-groups-2024
9565,HLTV Team profile,2373792,https://www.hltv.org/matches/2373792/vitality-vs-astralis-blast-premier-fall-groups-2024
5995,HLTV Team profile,2373793,https://www.hltv.org/matches/2373793/g2-vs-ninjas-in-pyjamas-blast-premier-fall-groups-2024
4608,HLTV Team profile,2373794,https://www.hltv.org/matches/2373794/liquid-vs-natus-vincere-blast-premier-fall-groups-2024
6665,HLTV Team profile,2373795,https://www.hltv.org/matches/2373795/astralis-vs-ninjas-in-pyjamas-blast-premier-fall-groups-2024
4608,HLTV Team profile,2373796,https://www.hltv.org/matches/2373796/complexity-vs-natus-vincere-blast-premier-fall-groups-2024
12878,HLTV Team profile,2373823,https://www.hltv.org/matches/2373823/1win-vs-bcgame-cct-season-2-europe-series-7
4773,HLTV Team profile,2373832,https://www.hltv.org/matches/2373832/pain-vs-fluxo-ace-south-american-masters-fall-2024-blast-premier-qualifier
4773,HLTV Team profile,2373836,https://www.hltv.org/matches/2373836/imperial-vs-pain-ace-south-american-masters-fall-2024-blast-premier-qualifier
4773,HLTV Team profile,2373837,https://www.hltv.org/matches/2373837/fluxo-vs-pain-ace-south-american-masters-fall-2024-blast-premier-qualifier
6673,HLTV Team profile,2373846,https://www.hltv.org/matches/2373846/boss-vs-nrg-prizepicks-na-revival-series-1
6673,HLTV Team profile,2373850,https://www.hltv.org/matches/2373850/nrg-vs-nouns-prizepicks-na-revival-series-1
6673,HLTV Team profile,2373852,https://www.hltv.org/matches/2373852/nrg-vs-wildcard-prizepicks-na-revival-series-1
9215,HLTV Team profile,2373883,https://www.hltv.org/matches/2373883/mibr-vs-galorys-cct-season-2-south-america-series-2
4773,HLTV Team profile,2373887,https://www.hltv.org/matches/2373887/pain-vs-dusty-roots-cct-season-2-south-america-series-2
12468,HLTV Team profile,2373890,https://www.hltv.org/matches/2373890/legacy-vs-case-cct-season-2-south-america-series-2
4773,HLTV Team profile,2373891,https://www.hltv.org/matches/2373891/pain-vs-sharks-cct-season-2-south-america-series-2
9215,HLTV Team profile,2373893,https://www.hltv.org/matches/2373893/mibr-vs-oddik-cct-season-2-south-america-series-2
12468,HLTV Team profile,2373894,https://www.hltv.org/matches/2373894/intense-vs-legacy-cct-season-2-south-america-series-2
9215,HLTV Team profile,2373895,https://www.hltv.org/matches/2373895/mibr-vs-fluxo-cct-season-2-south-america-series-2
12468,HLTV Team profile,2373896,https://www.hltv.org/matches/2373896/pain-vs-legacy-cct-season-2-south-america-series-2
4773,HLTV Team profile,2373897,https://www.hltv.org/matches/2373897/mibr-vs-pain-cct-season-2-south-america-series-2
4914,HLTV Team profile,2373906,https://www.hltv.org/matches/2373906/3dmax-vs-gun5-esl-challenger-league-season-48-europe
12467,HLTV Team profile,2373908,https://www.hltv.org/matches/2373908/tsm-vs-parivision-esl-challenger-league-season-48-europe
11861,HLTV Team profile,2373912,https://www.hltv.org/matches/2373912/aurora-vs-nemiga-esl-challenger-league-season-48-europe
12376,HLTV Team profile,2373923,https://www.hltv.org/matches/2373923/m80-vs-take-flyte-esl-challenger-league-season-48-north-america
12376,HLTV Team profile,2373927,https://www.hltv.org/matches/2373927/take-flyte-vs-m80-esl-challenger-league-season-48-north-america
12878,HLTV Team profile,2373958,https://www.hltv.org/matches/2373958/gun5-vs-bcgame-cct-season-2-europe-series-7
11283,HLTV Team profile,2373995,https://www.hltv.org/matches/2373995/eternal-fire-vs-falcons-iem-cologne-2024-play-in
7175,HLTV Team profile,2373996,https://www.hltv.org/matches/2373996/heroic-vs-mibr-iem-cologne-2024-play-in
4914,HLTV Team profile,2373997,https://www.hltv.org/matches/2373997/3dmax-vs-9z-iem-cologne-2024-play-in
8297,HLTV Team profile,2373998,https://www.hltv.org/matches/2373998/furia-vs-imperial-iem-cologne-2024-play-in
5973,HLTV Team profile,2373999,https://www.hltv.org/matches/2373999/pain-vs-liquid-iem-cologne-2024-play-in
12774,HLTV Team profile,2374000,https://www.hltv.org/matches/2374000/flyquest-vs-big-iem-cologne-2024-play-in
6248,HLTV Team profile,2374001,https://www.hltv.org/matches/2374001/the-mongolz-vs-saw-iem-cologne-2024-play-in
9215,HLTV Team profile,2374002,https://www.hltv.org/matches/2374002/mibr-vs-galorys-esl-challenger-league-season-48-south-america
9215,HLTV Team profile,2374003,https://www.hltv.org/matches/2374003/galorys-vs-mibr-esl-challenger-league-season-48-south-america
12878,HLTV Team profile,2374018,https://www.hltv.org/matches/2374018/permitta-vs-bcgame-cct-season-2-europe-series-7
12878,HLTV Team profile,2374024,https://www.hltv.org/matches/2374024/eyeballers-vs-bcgame-cct-season-2-europe-series-7
12878,HLTV Team profile,2374030,https://www.hltv.org/matches/2374030/sampi-vs-bcgame-cct-season-2-europe-series-7
12467,HLTV Team profile,2374032,https://www.hltv.org/matches/2374032/parivision-vs-cybershoke-cct-season-2-europe-series-7
11241,HLTV Team profile,2374038,https://www.hltv.org/matches/2374038/b8-vs-bcgame-cct-season-2-europe-series-7
12467,HLTV Team profile,2374041,https://www.hltv.org/matches/2374041/ence-vs-parivision-cct-season-2-europe-series-7
11241,HLTV Team profile,2374043,https://www.hltv.org/matches/2374043/b8-vs-permitta-cct-season-2-europe-series-7
12467,HLTV Team profile,2374044,https://www.hltv.org/matches/2374044/parivision-vs-aurora-young-blud-cct-season-2-europe-series-7
12467,HLTV Team profile,2374046,https://www.hltv.org/matches/2374046/parivision-vs-sangal-cct-season-2-europe-series-7
12467,HLTV Team profile,2374075,https://www.hltv.org/matches/2374075/permitta-vs-parivision-yalla-compass-summer-2024-contenders
12467,HLTV Team profile,2374085,https://www.hltv.org/matches/2374085/parivision-vs-sinners-yalla-compass-summer-2024-contenders
12426,HLTV Team profile,2374086,https://www.hltv.org/matches/2374086/passion-ua-vs-eclot-yalla-compass-summer-2024-contenders
11241,HLTV Team profile,2374110,https://www.hltv.org/matches/2374110/b8-vs-9ine-hellcase-cup-10
11241,HLTV Team profile,2374118,https://www.hltv.org/matches/2374118/b8-vs-talon-hellcase-cup-10
11241,HLTV Team profile,2374121,https://www.hltv.org/matches/2374121/b8-vs-nemiga-hellcase-cup-10
4773,HLTV Team profile,2374125,https://www.hltv.org/matches/2374125/pain-vs-red-canids-iem-rio-2024-south-america-closed-qualifier
9215,HLTV Team profile,2374126,https://www.hltv.org/matches/2374126/imperial-vs-mibr-iem-rio-2024-south-america-closed-qualifier
4773,HLTV Team profile,2374127,https://www.hltv.org/matches/2374127/imperial-vs-pain-iem-rio-2024-south-america-closed-qualifier
9215,HLTV Team profile,2374128,https://www.hltv.org/matches/2374128/mibr-vs-red-canids-iem-rio-2024-south-america-closed-qualifier
9215,HLTV Team profile,2374129,https://www.hltv.org/matches/2374129/mibr-vs-imperial-iem-rio-2024-south-america-closed-qualifier
4773,HLTV Team profile,2374130,https://www.hltv.org/matches/2374130/pain-vs-imperial-iem-rio-2024-south-america-closed-qualifier
11241,HLTV Team profile,2374131,https://www.hltv.org/matches/2374131/b8-vs-arcred-esl-challenger-league-season-48-europe
4914,HLTV Team profile,2374133,https://www.hltv.org/matches/2374133/3dmax-vs-betera-esl-challenger-league-season-48-europe
11241,HLTV Team profile,2374141,https://www.hltv.org/matches/2374141/b8-vs-pera-esl-challenger-league-season-48-europe
11861,HLTV Team profile,2374143,https://www.hltv.org/matches/2374143/aurora-vs-arcred-esl-challenger-league-season-48-europe
12467,HLTV Team profile,2374144,https://www.hltv.org/matches/2374144/9-pandas-vs-parivision-esl-challenger-league-season-48-europe
11241,HLTV Team profile,2374145,https://www.hltv.org/matches/2374145/b8-vs-space-esl-challenger-league-season-48-europe
12467,HLTV Team profile,2374146,https://www.hltv.org/matches/2374146/gun5-vs-parivision-esl-challenger-league-season-48-europe
12376,HLTV Team profile,2374148,https://www.hltv.org/matches/2374148/m80-vs-e-xolos-lazer-esl-challenger-league-season-48-north-america
6673,HLTV Team profile,2374150,https://www.hltv.org/matches/2374150/party-astronauts-vs-nrg-esl-challenger-league-season-48-north-america
12376,HLTV Team profile,2374152,https://www.hltv.org/matches/2374152/e-xolos-lazer-vs-m80-esl-challenger-league-season-48-north-america
6673,HLTV Team profile,2374154,https://www.hltv.org/matches/2374154/nrg-vs-party-astronauts-esl-challenger-league-season-48-north-america
12376,HLTV Team profile,2374156,https://www.hltv.org/matches/2374156/m80-vs-limitless-esl-challenger-league-season-48-north-america
6673,HLTV Team profile,2374157,https://www.hltv.org/matches/2374157/nrg-vs-boss-esl-challenger-league-season-48-north-america
12376,HLTV Team profile,2374162,https://www.hltv.org/matches/2374162/limitless-vs-m80-esl-challenger-league-season-48-north-america
6673,HLTV Team profile,2374163,https://www.hltv.org/matches/2374163/boss-vs-nrg-esl-challenger-league-season-48-north-america
4773,HLTV Team profile,2374168,https://www.hltv.org/matches/2374168/pain-vs-smoke-esl-challenger-league-season-48-south-america
9215,HLTV Team profile,2374170,https://www.hltv.org/matches/2374170/dusty-roots-vs-mibr-esl-challenger-league-season-48-south-america
4773,HLTV Team profile,2374172,https://www.hltv.org/matches/2374172/smoke-vs-pain-esl-challenger-league-season-48-south-america
9215,HLTV Team profile,2374174,https://www.hltv.org/matches/2374174/mibr-vs-dusty-roots-esl-challenger-league-season-48-south-america
4914,HLTV Team profile,2374207,https://www.hltv.org/matches/2374207/3dmax-vs-cloud9-betboom-dacha-belgrade-season-2-europe-closed-qualifier
4914,HLTV Team profile,2374209,https://www.hltv.org/matches/2374209/bleed-vs-3dmax-betboom-dacha-belgrade-season-2-europe-closed-qualifier
4914,HLTV Team profile,2374214,https://www.hltv.org/matches/2374214/fnatic-vs-3dmax-betboom-dacha-belgrade-season-2-europe-closed-qualifier
4914,HLTV Team profile,2374216,https://www.hltv.org/matches/2374216/johnny-speeds-vs-3dmax-betboom-dacha-belgrade-season-2-europe-closed-qualifier
12468,HLTV Team profile,2374221,https://www.hltv.org/matches/2374221/legacy-vs-solid-betboom-dacha-belgrade-season-2-south-america-closed-qualifier
12468,HLTV Team profile,2374223,https://www.hltv.org/matches/2374223/legacy-vs-smoke-betboom-dacha-belgrade-season-2-south-america-closed-qualifier
9215,HLTV Team profile,2374228,https://www.hltv.org/matches/2374228/mibr-vs-9z-academy-betboom-dacha-belgrade-season-2-south-america-closed-qualifier
9215,HLTV Team profile,2374231,https://www.hltv.org/matches/2374231/mibr-vs-sharks-betboom-dacha-belgrade-season-2-south-america-closed-qualifier
4773,HLTV Team profile,2374233,https://www.hltv.org/matches/2374233/pain-vs-case-betboom-dacha-belgrade-season-2-south-america-closed-qualifier
4773,HLTV Team profile,2374236,https://www.hltv.org/matches/2374236/pain-vs-oddik-betboom-dacha-belgrade-season-2-south-america-closed-qualifier
12468,HLTV Team profile,2374238,https://www.hltv.org/matches/2374238/legacy-vs-fluxo-betboom-dacha-belgrade-season-2-south-america-closed-qualifier
9215,HLTV Team profile,2374240,https://www.hltv.org/matches/2374240/mibr-vs-oddik-betboom-dacha-belgrade-season-2-south-america-closed-qualifier
4773,HLTV Team profile,2374241,https://www.hltv.org/matches/2374241/pain-vs-sharks-betboom-dacha-belgrade-season-2-south-america-closed-qualifier
12468,HLTV Team profile,2374242,https://www.hltv.org/matches/2374242/solid-vs-legacy-betboom-dacha-belgrade-season-2-south-america-closed-qualifier
4773,HLTV Team profile,2374243,https://www.hltv.org/matches/2374243/pain-vs-oddik-betboom-dacha-belgrade-season-2-south-america-closed-qualifier
12468,HLTV Team profile,2374244,https://www.hltv.org/matches/2374244/legacy-vs-pain-betboom-dacha-belgrade-season-2-south-america-closed-qualifier
9215,HLTV Team profile,2374264,https://www.hltv.org/matches/2374264/9z-vs-mibr-iem-cologne-2024-play-in
8297,HLTV Team profile,2374265,https://www.hltv.org/matches/2374265/furia-vs-liquid-iem-cologne-2024-play-in
11283,HLTV Team profile,2374267,https://www.hltv.org/matches/2374267/alternate-attax-vs-falcons-iem-cologne-2024-play-in
4914,HLTV Team profile,2374268,https://www.hltv.org/matches/2374268/3dmax-vs-heroic-iem-cologne-2024-play-in
4773,HLTV Team profile,2374269,https://www.hltv.org/matches/2374269/imperial-vs-pain-iem-cologne-2024-play-in
6248,HLTV Team profile,2374270,https://www.hltv.org/matches/2374270/the-mongolz-vs-flyquest-iem-cologne-2024-play-in
11283,HLTV Team profile,2374271,https://www.hltv.org/matches/2374271/big-vs-falcons-iem-cologne-2024-play-in
8297,HLTV Team profile,2374272,https://www.hltv.org/matches/2374272/furia-vs-heroic-iem-cologne-2024-play-in
4773,HLTV Team profile,2374273,https://www.hltv.org/matches/2374273/mibr-vs-pain-iem-cologne-2024-play-in
6248,HLTV Team profile,2374274,https://www.hltv.org/matches/2374274/the-mongolz-vs-eternal-fire-iem-cologne-2024-play-in
12878,HLTV Team profile,2374294,https://www.hltv.org/matches/2374294/bcgame-vs-space-betera-vibe-city-2024
12878,HLTV Team profile,2374296,https://www.hltv.org/matches/2374296/arcred-vs-bcgame-betera-vibe-city-2024
12878,HLTV Team profile,2374297,https://www.hltv.org/matches/2374297/rush-b-vs-bcgame-betera-vibe-city-2024
4608,HLTV Team profile,2374298,https://www.hltv.org/matches/2374298/natus-vincere-vs-pain-iem-cologne-2024
5995,HLTV Team profile,2374299,https://www.hltv.org/matches/2374299/g2-vs-saw-iem-cologne-2024
7020,HLTV Team profile,2374300,https://www.hltv.org/matches/2374300/spirit-vs-the-mongolz-iem-cologne-2024
6665,HLTV Team profile,2374301,https://www.hltv.org/matches/2374301/astralis-vs-9z-iem-cologne-2024
6667,HLTV Team profile,2374302,https://www.hltv.org/matches/2374302/faze-vs-liquid-iem-cologne-2024
11283,HLTV Team profile,2374304,https://www.hltv.org/matches/2374304/mouz-vs-falcons-iem-cologne-2024
9565,HLTV Team profile,2374305,https://www.hltv.org/matches/2374305/vitality-vs-furia-iem-cologne-2024
4608,HLTV Team profile,2374306,https://www.hltv.org/matches/2374306/astralis-vs-natus-vincere-iem-cologne-2024
6248,HLTV Team profile,2374307,https://www.hltv.org/matches/2374307/saw-vs-the-mongolz-iem-cologne-2024
4773,HLTV Team profile,2374308,https://www.hltv.org/matches/2374308/9z-vs-pain-iem-cologne-2024
7020,HLTV Team profile,2374309,https://www.hltv.org/matches/2374309/g2-vs-spirit-iem-cologne-2024
6248,HLTV Team profile,2374310,https://www.hltv.org/matches/2374310/the-mongolz-vs-pain-iem-cologne-2024
5995,HLTV Team profile,2374311,https://www.hltv.org/matches/2374311/astralis-vs-g2-iem-cologne-2024
4608,HLTV Team profile,2374312,https://www.hltv.org/matches/2374312/natus-vincere-vs-saw-iem-cologne-2024
5995,HLTV Team profile,2374313,https://www.hltv.org/matches/2374313/g2-vs-pain-iem-cologne-2024
4494,HLTV Team profile,2374314,https://www.hltv.org/matches/2374314/complexity-vs-mouz-iem-cologne-2024
9565,HLTV Team profile,2374315,https://www.hltv.org/matches/2374315/faze-vs-vitality-iem-cologne-2024
11283,HLTV Team profile,2374316,https://www.hltv.org/matches/2374316/virtuspro-vs-falcons-iem-cologne-2024
8297,HLTV Team profile,2374317,https://www.hltv.org/matches/2374317/liquid-vs-furia-iem-cologne-2024
11283,HLTV Team profile,2374318,https://www.hltv.org/matches/2374318/falcons-vs-faze-iem-cologne-2024
5973,HLTV Team profile,2374319,https://www.hltv.org/matches/2374319/liquid-vs-complexity-iem-cologne-2024
9565,HLTV Team profile,2374320,https://www.hltv.org/matches/2374320/mouz-vs-vitality-iem-cologne-2024
6667,HLTV Team profile,2374321,https://www.hltv.org/matches/2374321/liquid-vs-faze-iem-cologne-2024
4494,HLTV Team profile,2374322,https://www.hltv.org/matches/2374322/mouz-vs-g2-iem-cologne-2024
6667,HLTV Team profile,2374323,https://www.hltv.org/matches/2374323/saw-vs-faze-iem-cologne-2024
4608,HLTV Team profile,2374324,https://www.hltv.org/matches/2374324/natus-vincere-vs-mouz-iem-cologne-2024
9565,HLTV Team profile,2374325,https://www.hltv.org/matches/2374325/vitality-vs-saw-iem-cologne-2024
9565,HLTV Team profile,2374326,https://www.hltv.org/matches/2374326/vitality-vs-natus-vincere-iem-cologne-2024
6673,HLTV Team profile,2374329,https://www.hltv.org/matches/2374329/nrg-vs-boss-prizepicks-na-revival-series-2
6673,HLTV Team profile,2374332,https://www.hltv.org/matches/2374332/wildcard-vs-nrg-prizepicks-na-revival-series-2
6673,HLTV Team profile,2374334,https://www.hltv.org/matches/2374334/nrg-vs-elevate-prizepicks-na-revival-series-2
12467,HLTV Team profile,2374400,https://www.hltv.org/matches/2374400/3dmax-vs-parivision-esl-challenger-league-season-48-europe
11861,HLTV Team profile,2374406,https://www.hltv.org/matches/2374406/aurora-vs-space-esl-challenger-league-season-48-europe
11241,HLTV Team profile,2374407,https://www.hltv.org/matches/2374407/b8-vs-nemiga-esl-challenger-league-season-48-europe
12376,HLTV Team profile,2374410,https://www.hltv.org/matches/2374410/m80-vs-fluffy-aimers-esl-challenger-league-season-48-north-america
6673,HLTV Team profile,2374412,https://www.hltv.org/matches/2374412/nrg-vs-revenge-nation-esl-challenger-league-season-48-north-america
12376,HLTV Team profile,2374415,https://www.hltv.org/matches/2374415/fluffy-aimers-vs-m80-esl-challenger-league-season-48-north-america
6673,HLTV Team profile,2374417,https://www.hltv.org/matches/2374417/revenge-nation-vs-nrg-esl-challenger-league-season-48-north-america
12376,HLTV Team profile,2374420,https://www.hltv.org/matches/2374420/m80-vs-lag-esl-challenger-league-season-48-north-america
12376,HLTV Team profile,2374423,https://www.hltv.org/matches/2374423/lag-vs-m80-esl-challenger-league-season-48-north-america
4773,HLTV Team profile,2374434,https://www.hltv.org/matches/2374434/mibr-vs-pain-esl-challenger-league-season-48-south-america
4773,HLTV Team profile,2374438,https://www.hltv.org/matches/2374438/pain-vs-mibr-esl-challenger-league-season-48-south-america
6673,HLTV Team profile,2374480,https://www.hltv.org/matches/2374480/nrg-vs-akimbo-cct-season-2-north-america-series-2
12376,HLTV Team profile,2374482,https://www.hltv.org/matches/2374482/m80-vs-incontrol-cct-season-2-north-america-series-2
12376,HLTV Team profile,2374490,https://www.hltv.org/matches/2374490/m80-vs-undefined-cct-season-2-north-america-series-2
6673,HLTV Team profile,2374491,https://www.hltv.org/matches/2374491/wildcard-vs-nrg-cct-season-2-north-america-series-2
12376,HLTV Team profile,2374492,https://www.hltv.org/matches/2374492/m80-vs-wildcard-cct-season-2-north-america-series-2
11241,HLTV Team profile,2374544,https://www.hltv.org/matches/2374544/b8-vs-endpoint-cct-season-2-europe-series-8
9928,HLTV Team profile,2374545,https://www.hltv.org/matches/2374545/gamerlegion-vs-aurora-young-blud-cct-season-2-europe-series-8
4914,HLTV Team profile,2374546,https://www.hltv.org/matches/2374546/3dmax-vs-sinners-cct-season-2-europe-series-8
12394,HLTV Team profile,2374548,https://www.hltv.org/matches/2374548/betboom-vs-dms-cct-season-2-europe-series-8
9928,HLTV Team profile,2374550,https://www.hltv.org/matches/2374550/zero-tenacity-vs-gamerlegion-cct-season-2-europe-series-8
12394,HLTV Team profile,2374553,https://www.hltv.org/matches/2374553/betboom-vs-young-ninjas-cct-season-2-europe-series-8
9928,HLTV Team profile,2374554,https://www.hltv.org/matches/2374554/sinners-vs-gamerlegion-cct-season-2-europe-series-8
12394,HLTV Team profile,2374555,https://www.hltv.org/matches/2374555/betboom-vs-endpoint-cct-season-2-europe-series-8
12394,HLTV Team profile,2374556,https://www.hltv.org/matches/2374556/sinners-vs-betboom-cct-season-2-europe-series-8
12467,HLTV Team profile,2374572,https://www.hltv.org/matches/2374572/metizport-vs-parivision-yalla-compass-summer-2024-contenders
12426,HLTV Team profile,2374573,https://www.hltv.org/matches/2374573/passion-ua-vs-eyeballers-yalla-compass-summer-2024-contenders
9928,HLTV Team profile,2374583,https://www.hltv.org/matches/2374583/gamerlegion-vs-sinners-yalla-compass-summer-2024
12426,HLTV Team profile,2374585,https://www.hltv.org/matches/2374585/monte-vs-passion-ua-yalla-compass-summer-2024
11241,HLTV Team profile,2374586,https://www.hltv.org/matches/2374586/b8-vs-9ine-yalla-compass-summer-2024
12467,HLTV Team profile,2374589,https://www.hltv.org/matches/2374589/amkal-vs-parivision-yalla-compass-summer-2024
12376,HLTV Team profile,2374601,https://www.hltv.org/matches/2374601/m80-vs-mythic-esl-challenger-league-season-48-north-america
12376,HLTV Team profile,2374604,https://www.hltv.org/matches/2374604/mythic-vs-m80-esl-challenger-league-season-48-north-america
4773,HLTV Team profile,2374610,https://www.hltv.org/matches/2374610/pain-vs-kr-esl-challenger-league-season-48-south-america
4773,HLTV Team profile,2374614,https://www.hltv.org/matches/2374614/kr-vs-pain-esl-challenger-league-season-48-south-america
12774,HLTV Team profile,2374618,https://www.hltv.org/matches/2374618/flyquest-vs-dxa-esl-challenger-league-season-48-oceania
12774,HLTV Team profile,2374623,https://www.hltv.org/matches/2374623/dxa-vs-flyquest-esl-challenger-league-season-48-oceania
11861,HLTV Team profile,2374629,https://www.hltv.org/matches/2374629/tsm-vs-aurora-esl-challenger-league-season-48-europe
4914,HLTV Team profile,2374631,https://www.hltv.org/matches/2374631/nemiga-vs-3dmax-esl-challenger-league-season-48-europe
12467,HLTV Team profile,2374632,https://www.hltv.org/matches/2374632/monte-vs-parivision-esl-challenger-league-season-48-europe
11241,HLTV Team profile,2374635,https://www.hltv.org/matches/2374635/b8-vs-sinners-esl-challenger-league-season-48-europe
9215,HLTV Team profile,2374667,https://www.hltv.org/matches/2374667/mibr-vs-bestia-esl-challenger-league-season-48-south-america
9215,HLTV Team profile,2374671,https://www.hltv.org/matches/2374671/bestia-vs-mibr-esl-challenger-league-season-48-south-america
9215,HLTV Team profile,2374675,https://www.hltv.org/matches/2374675/sharks-vs-mibr-esl-challenger-league-season-48-south-america
9215,HLTV Team profile,2374679,https://www.hltv.org/matches/2374679/mibr-vs-sharks-esl-challenger-league-season-48-south-america
4773,HLTV Team profile,2374682,https://www.hltv.org/matches/2374682/bestia-vs-pain-esl-challenger-league-season-48-south-america
4773,HLTV Team profile,2374686,https://www.hltv.org/matches/2374686/pain-vs-bestia-esl-challenger-league-season-48-south-america
11861,HLTV Team profile,2374690,https://www.hltv.org/matches/2374690/sashi-vs-aurora-esl-challenger-league-season-48-europe
4914,HLTV Team profile,2374691,https://www.hltv.org/matches/2374691/zero-tenacity-vs-3dmax-esl-challenger-league-season-48-europe
12467,HLTV Team profile,2374692,https://www.hltv.org/matches/2374692/parivision-vs-rush-b-esl-challenger-league-season-48-europe
11241,HLTV Team profile,2374695,https://www.hltv.org/matches/2374695/koi-vs-b8-esl-challenger-league-season-48-europe
6667,HLTV Team profile,2374712,https://www.hltv.org/matches/2374712/faze-vs-rare-atom-blast-premier-fall-showdown-2024
7175,HLTV Team profile,2374713,https://www.hltv.org/matches/2374713/heroic-vs-og-blast-premier-fall-showdown-2024
4411,HLTV Team profile,2374714,https://www.hltv.org/matches/2374714/ninjas-in-pyjamas-vs-amkal-blast-premier-fall-showdown-2024
11283,HLTV Team profile,2374715,https://www.hltv.org/matches/2374715/falcons-vs-m80-blast-premier-fall-showdown-2024
9928,HLTV Team profile,2374718,https://www.hltv.org/matches/2374718/big-vs-gamerlegion-blast-premier-fall-showdown-2024
4773,HLTV Team profile,2374719,https://www.hltv.org/matches/2374719/cloud9-vs-pain-blast-premier-fall-showdown-2024
11283,HLTV Team profile,2374721,https://www.hltv.org/matches/2374721/complexity-vs-falcons-blast-premier-fall-showdown-2024
6667,HLTV Team profile,2374722,https://www.hltv.org/matches/2374722/faze-vs-pain-blast-premier-fall-showdown-2024
6667,HLTV Team profile,2374724,https://www.hltv.org/matches/2374724/og-vs-faze-blast-premier-fall-showdown-2024
11283,HLTV Team profile,2374725,https://www.hltv.org/matches/2374725/falcons-vs-virtuspro-blast-premier-fall-showdown-2024
11241,HLTV Team profile,2374727,https://www.hltv.org/matches/2374727/b8-vs-bleed-iem-rio-2024-europe-open-qualifier-1
12467,HLTV Team profile,2374728,https://www.hltv.org/matches/2374728/parivision-vs-9ine-iem-rio-2024-europe-open-qualifier-1
11581,HLTV Team profile,2374733,https://www.hltv.org/matches/2374733/hotu-vs-koi-iem-rio-2024-europe-open-qualifier-1
11241,HLTV Team profile,2374734,https://www.hltv.org/matches/2374734/b8-vs-spirit-academy-iem-rio-2024-europe-open-qualifier-1
12467,HLTV Team profile,2374735,https://www.hltv.org/matches/2374735/parivision-vs-og-iem-rio-2024-europe-open-qualifier-1
11581,HLTV Team profile,2374737,https://www.hltv.org/matches/2374737/quazar-vs-hotu-iem-rio-2024-europe-open-qualifier-1
11241,HLTV Team profile,2374738,https://www.hltv.org/matches/2374738/og-vs-b8-iem-rio-2024-europe-open-qualifier-1
6673,HLTV Team profile,2374740,https://www.hltv.org/matches/2374740/nrg-vs-incontrol-iem-rio-2024-north-america-open-qualifier-1
6673,HLTV Team profile,2374744,https://www.hltv.org/matches/2374744/lag-vs-nrg-iem-rio-2024-north-america-open-qualifier-1
6673,HLTV Team profile,2374746,https://www.hltv.org/matches/2374746/nrg-vs-party-astronauts-iem-rio-2024-north-america-open-qualifier-1
11241,HLTV Team profile,2374765,https://www.hltv.org/matches/2374765/b8-vs-revenant-cct-season-2-europe-series-9
12467,HLTV Team profile,2374767,https://www.hltv.org/matches/2374767/parivision-vs-monte-gen-cct-season-2-europe-series-9
12426,HLTV Team profile,2374770,https://www.hltv.org/matches/2374770/passion-ua-vs-endpoint-cct-season-2-europe-series-9
11241,HLTV Team profile,2374775,https://www.hltv.org/matches/2374775/b8-vs-endpoint-cct-season-2-europe-series-9
11241,HLTV Team profile,2374777,https://www.hltv.org/matches/2374777/b8-vs-sinners-cct-season-2-europe-series-9
11241,HLTV Team profile,2374778,https://www.hltv.org/matches/2374778/alternate-attax-vs-b8-cct-season-2-europe-series-9
11241,HLTV Team profile,2374782,https://www.hltv.org/matches/2374782/b8-vs-sinners-perfect-world-shanghai-major-2024-eu-rmr-closed-qualifier-a
9928,HLTV Team profile,2374783,https://www.hltv.org/matches/2374783/gamerlegion-vs-rhyno-perfect-world-shanghai-major-2024-eu-rmr-closed-qualifier-a
12878,HLTV Team profile,2374784,https://www.hltv.org/matches/2374784/eclot-vs-bcgame-perfect-world-shanghai-major-2024-eu-rmr-closed-qualifier-a
12467,HLTV Team profile,2374785,https://www.hltv.org/matches/2374785/parivision-vs-enterprise-perfect-world-shanghai-major-2024-eu-rmr-closed-qualifier-a
12878,HLTV Team profile,2374787,https://www.hltv.org/matches/2374787/sangal-vs-bcgame-perfect-world-shanghai-major-2024-eu-rmr-closed-qualifier-a
12467,HLTV Team profile,2374789,https://www.hltv.org/matches/2374789/parivision-vs-sinners-perfect-world-shanghai-major-2024-eu-rmr-closed-qualifier-a
9928,HLTV Team profile,2374791,https://www.hltv.org/matches/2374791/gamerlegion-vs-tsm-perfect-world-shanghai-major-2024-eu-rmr-closed-qualifier-a
11241,HLTV Team profile,2374794,https://www.hltv.org/matches/2374794/b8-vs-enterprise-perfect-world-shanghai-major-2024-eu-rmr-closed-qualifier-a
12426,HLTV Team profile,2374795,https://www.hltv.org/matches/2374795/big-vs-passion-ua-perfect-world-shanghai-major-2024-eu-rmr-closed-qualifier-b
12426,HLTV Team profile,2374804,https://www.hltv.org/matches/2374804/passion-ua-vs-cloud9-perfect-world-shanghai-major-2024-eu-rmr-closed-qualifier-b
12468,HLTV Team profile,2374819,https://www.hltv.org/matches/2374819/legacy-vs-lag-perfect-world-shanghai-major-2024-na-rmr-closed-qualifier
6673,HLTV Team profile,2374821,https://www.hltv.org/matches/2374821/nrg-vs-akimbo-perfect-world-shanghai-major-2024-na-rmr-closed-qualifier
11241,HLTV Team profile,2374832,https://www.hltv.org/matches/2374832/b8-vs-lazer-cats-esl-challenger-atlanta-2024-europe-open-qualifier
9928,HLTV Team profile,2374835,https://www.hltv.org/matches/2374835/gamerlegion-vs-1win-esl-challenger-atlanta-2024-europe-open-qualifier
11241,HLTV Team profile,2374838,https://www.hltv.org/matches/2374838/genone-vs-b8-esl-challenger-atlanta-2024-europe-open-qualifier
9928,HLTV Team profile,2374840,https://www.hltv.org/matches/2374840/gamerlegion-vs-sinners-esl-challenger-atlanta-2024-europe-open-qualifier
6673,HLTV Team profile,2374841,https://www.hltv.org/matches/2374841/nrg-vs-detonate-esl-challenger-atlanta-2024-north-america-open-qualifier
6673,HLTV Team profile,2374845,https://www.hltv.org/matches/2374845/nrg-vs-lag-esl-challenger-atlanta-2024-north-america-open-qualifier
12467,HLTV Team profile,2374847,https://www.hltv.org/matches/2374847/parivision-vs-9-pandas-esl-challenger-league-season-48-europe
11241,HLTV Team profile,2374849,https://www.hltv.org/matches/2374849/rush-b-vs-b8-esl-challenger-league-season-48-europe
12468,HLTV Team profile,2374850,https://www.hltv.org/matches/2374850/legacy-vs-wildcard-esl-challenger-league-season-48-north-america
12468,HLTV Team profile,2374853,https://www.hltv.org/matches/2374853/wildcard-vs-legacy-esl-challenger-league-season-48-north-america
12468,HLTV Team profile,2374856,https://www.hltv.org/matches/2374856/legacy-vs-mythic-esl-challenger-league-season-48-north-america
12468,HLTV Team profile,2374857,https://www.hltv.org/matches/2374857/mythic-vs-legacy-esl-challenger-league-season-48-north-america
12774,HLTV Team profile,2374863,https://www.hltv.org/matches/2374863/flyquest-vs-kzg-esl-challenger-league-season-48-oceania
12774,HLTV Team profile,2374866,https://www.hltv.org/matches/2374866/kzg-vs-flyquest-esl-challenger-league-season-48-oceania
9215,HLTV Team profile,2374873,https://www.hltv.org/matches/2374873/mibr-vs-hype-esl-challenger-league-season-48-south-america
9215,HLTV Team profile,2374877,https://www.hltv.org/matches/2374877/hype-vs-mibr-esl-challenger-league-season-48-south-america
12467,HLTV Team profile,2374917,https://www.hltv.org/matches/2374917/ninjas-in-pyjamas-vs-parivision-iem-rio-2024-europe-open-qualifier-2
11241,HLTV Team profile,2374922,https://www.hltv.org/matches/2374922/b8-vs-amkal-iem-rio-2024-europe-open-qualifier-2
4411,HLTV Team profile,2374925,https://www.hltv.org/matches/2374925/ninjas-in-pyjamas-vs-cloud9-iem-rio-2024-europe-open-qualifier-2
11241,HLTV Team profile,2374927,https://www.hltv.org/matches/2374927/sashi-vs-b8-iem-rio-2024-europe-open-qualifier-2
11241,HLTV Team profile,2374930,https://www.hltv.org/matches/2374930/monte-vs-b8-iem-rio-2024-europe-open-qualifier-2
11861,HLTV Team profile,2374941,https://www.hltv.org/matches/2374941/eternal-fire-vs-aurora-betboom-dacha-belgrade-season-2-play-in
8297,HLTV Team profile,2374942,https://www.hltv.org/matches/2374942/furia-vs-9-pandas-betboom-dacha-belgrade-season-2-play-in
11283,HLTV Team profile,2374943,https://www.hltv.org/matches/2374943/falcons-vs-9z-betboom-dacha-belgrade-season-2-play-in
4773,HLTV Team profile,2374944,https://www.hltv.org/matches/2374944/pain-vs-betboom-betboom-dacha-belgrade-season-2-play-in
11283,HLTV Team profile,2374945,https://www.hltv.org/matches/2374945/pain-vs-falcons-betboom-dacha-belgrade-season-2-play-in
11283,HLTV Team profile,2374946,https://www.hltv.org/matches/2374946/falcons-vs-betboom-betboom-dacha-belgrade-season-2-play-in
4773,HLTV Team profile,2374947,https://www.hltv.org/matches/2374947/9z-vs-pain-betboom-dacha-belgrade-season-2-play-in
11283,HLTV Team profile,2374948,https://www.hltv.org/matches/2374948/falcons-vs-9z-betboom-dacha-belgrade-season-2-play-in
8297,HLTV Team profile,2374950,https://www.hltv.org/matches/2374950/aurora-vs-furia-betboom-dacha-belgrade-season-2-play-in
8297,HLTV Team profile,2374951,https://www.hltv.org/matches/2374951/furia-vs-9-pandas-betboom-dacha-belgrade-season-2-play-in
8297,HLTV Team profile,2374952,https://www.hltv.org/matches/2374952/eternal-fire-vs-furia-betboom-dacha-belgrade-season-2-play-in
9928,HLTV Team profile,2374961,https://www.hltv.org/matches/2374961/bcgame-vs-gamerlegion-perfect-world-shanghai-major-2024-eu-rmr-closed-qualifier-a
12467,HLTV Team profile,2374962,https://www.hltv.org/matches/2374962/b8-vs-parivision-perfect-world-shanghai-major-2024-eu-rmr-closed-qualifier-a
12426,HLTV Team profile,2374968,https://www.hltv.org/matches/2374968/passion-ua-vs-arcred-perfect-world-shanghai-major-2024-eu-rmr-closed-qualifier-b
12878,HLTV Team profile,2374975,https://www.hltv.org/matches/2374975/bcgame-vs-tsm-perfect-world-shanghai-major-2024-eu-rmr-closed-qualifier-a
11241,HLTV Team profile,2374977,https://www.hltv.org/matches/2374977/rhyno-vs-b8-perfect-world-shanghai-major-2024-eu-rmr-closed-qualifier-a
12467,HLTV Team profile,2374980,https://www.hltv.org/matches/2374980/parivision-vs-gamerlegion-perfect-world-shanghai-major-2024-eu-rmr-closed-qualifier-a
12426,HLTV Team profile,2374984,https://www.hltv.org/matches/2374984/passion-ua-vs-og-perfect-world-shanghai-major-2024-eu-rmr-closed-qualifier-b
9928,HLTV Team profile,2374987,https://www.hltv.org/matches/2374987/bleed-vs-gamerlegion-perfect-world-shanghai-major-2024-eu-rmr-closed-qualifier-a
11241,HLTV Team profile,2374989,https://www.hltv.org/matches/2374989/monte-vs-b8-perfect-world-shanghai-major-2024-eu-rmr-closed-qualifier-a
4494,HLTV Team profile,2375011,https://www.hltv.org/matches/2375011/mouz-vs-eternal-fire-betboom-dacha-belgrade-season-2
4773,HLTV Team profile,2375012,https://www.hltv.org/matches/2375012/heroic-vs-pain-betboom-dacha-belgrade-season-2
8297,HLTV Team profile,2375013,https://www.hltv.org/matches/2375013/virtuspro-vs-furia-betboom-dacha-belgrade-season-2
11283,HLTV Team profile,2375014,https://www.hltv.org/matches/2375014/spirit-vs-falcons-betboom-dacha-belgrade-season-2
7175,HLTV Team profile,2375015,https://www.hltv.org/matches/2375015/heroic-vs-eternal-fire-betboom-dacha-belgrade-season-2
11283,HLTV Team profile,2375016,https://www.hltv.org/matches/2375016/falcons-vs-virtuspro-betboom-dacha-belgrade-season-2
4494,HLTV Team profile,2375017,https://www.hltv.org/matches/2375017/pain-vs-mouz-betboom-dacha-belgrade-season-2
8297,HLTV Team profile,2375018,https://www.hltv.org/matches/2375018/spirit-vs-furia-betboom-dacha-belgrade-season-2
8297,HLTV Team profile,2375019,https://www.hltv.org/matches/2375019/eternal-fire-vs-furia-betboom-dacha-belgrade-season-2
4773,HLTV Team profile,2375020,https://www.hltv.org/matches/2375020/virtuspro-vs-pain-betboom-dacha-belgrade-season-2
7020,HLTV Team profile,2375021,https://www.hltv.org/matches/2375021/spirit-vs-mouz-betboom-dacha-belgrade-season-2
4773,HLTV Team profile,2375022,https://www.hltv.org/matches/2375022/eternal-fire-vs-pain-betboom-dacha-belgrade-season-2
4494,HLTV Team profile,2375023,https://www.hltv.org/matches/2375023/mouz-vs-eternal-fire-betboom-dacha-belgrade-season-2
7020,HLTV Team profile,2375024,https://www.hltv.org/matches/2375024/spirit-vs-eternal-fire-betboom-dacha-belgrade-season-2
9215,HLTV Team profile,2375051,https://www.hltv.org/matches/2375051/insanity-vs-mibr-esl-challenger-league-season-48-south-america
9215,HLTV Team profile,2375052,https://www.hltv.org/matches/2375052/mibr-vs-insanity-esl-challenger-league-season-48-south-america
5973,HLTV Team profile,2375053,https://www.hltv.org/matches/2375053/liquid-vs-fluffy-aimers-iem-rio-2024-north-america-closed-qualifier
12468,HLTV Team profile,2375054,https://www.hltv.org/matches/2375054/lag-vs-legacy-iem-rio-2024-north-america-closed-qualifier
5973,HLTV Team profile,2375055,https://www.hltv.org/matches/2375055/liquid-vs-legacy-iem-rio-2024-north-america-closed-qualifier
5973,HLTV Team profile,2375057,https://www.hltv.org/matches/2375057/fluffy-aimers-vs-liquid-iem-rio-2024-north-america-closed-qualifier
5973,HLTV Team profile,2375058,https://www.hltv.org/matches/2375058/legacy-vs-liquid-iem-rio-2024-north-america-closed-qualifier
11283,HLTV Team profile,2375059,https://www.hltv.org/matches/2375059/falcons-vs-og-iem-rio-2024-europe-closed-qualifier
4914,HLTV Team profile,2375060,https://www.hltv.org/matches/2375060/fnatic-vs-3dmax-iem-rio-2024-europe-closed-qualifier
11241,HLTV Team profile,2375061,https://www.hltv.org/matches/2375061/eternal-fire-vs-b8-iem-rio-2024-europe-closed-qualifier
7175,HLTV Team profile,2375062,https://www.hltv.org/matches/2375062/cloud9-vs-heroic-iem-rio-2024-europe-closed-qualifier
11283,HLTV Team profile,2375063,https://www.hltv.org/matches/2375063/falcons-vs-3dmax-iem-rio-2024-europe-closed-qualifier
11241,HLTV Team profile,2375066,https://www.hltv.org/matches/2375066/b8-vs-heroic-iem-rio-2024-europe-closed-qualifier
4914,HLTV Team profile,2375068,https://www.hltv.org/matches/2375068/heroic-vs-3dmax-iem-rio-2024-europe-closed-qualifier
11283,HLTV Team profile,2375069,https://www.hltv.org/matches/2375069/eternal-fire-vs-falcons-iem-rio-2024-europe-closed-qualifier
7175,HLTV Team profile,2375070,https://www.hltv.org/matches/2375070/heroic-vs-fnatic-iem-rio-2024-europe-closed-qualifier
11283,HLTV Team profile,2375071,https://www.hltv.org/matches/2375071/falcons-vs-heroic-iem-rio-2024-europe-closed-qualifier
11861,HLTV Team profile,2375073,https://www.hltv.org/matches/2375073/gamerlegion-vs-aurora-esl-challenger-atlanta-2024-europe-closed-qualifier
4411,HLTV Team profile,2375075,https://www.hltv.org/matches/2375075/gun5-vs-ninjas-in-pyjamas-esl-challenger-atlanta-2024-europe-closed-qualifier
9928,HLTV Team profile,2375076,https://www.hltv.org/matches/2375076/gamerlegion-vs-saw-esl-challenger-atlanta-2024-europe-closed-qualifier
11861,HLTV Team profile,2375078,https://www.hltv.org/matches/2375078/aurora-vs-genone-esl-challenger-atlanta-2024-europe-closed-qualifier
4411,HLTV Team profile,2375079,https://www.hltv.org/matches/2375079/monte-vs-ninjas-in-pyjamas-esl-challenger-atlanta-2024-europe-closed-qualifier
11861,HLTV Team profile,2375080,https://www.hltv.org/matches/2375080/sashi-vs-aurora-esl-challenger-atlanta-2024-europe-closed-qualifier
9928,HLTV Team profile,2375081,https://www.hltv.org/matches/2375081/gamerlegion-vs-monte-esl-challenger-atlanta-2024-europe-closed-qualifier
11861,HLTV Team profile,2375083,https://www.hltv.org/matches/2375083/aurora-vs-monte-esl-challenger-atlanta-2024-europe-closed-qualifier
9928,HLTV Team profile,2375099,https://www.hltv.org/matches/2375099/gamerlegion-vs-eyeballers-thunderpick-world-championship-2024-eu-closed-qualifier-2
12394,HLTV Team profile,2375101,https://www.hltv.org/matches/2375101/betboom-vs-leon-thunderpick-world-championship-2024-eu-closed-qualifier-2
12426,HLTV Team profile,2375102,https://www.hltv.org/matches/2375102/passion-ua-vs-9ine-thunderpick-world-championship-2024-eu-closed-qualifier-2
12467,HLTV Team profile,2375103,https://www.hltv.org/matches/2375103/parivision-vs-gaimin-gladiators-thunderpick-world-championship-2024-eu-closed-qualifier-2
11241,HLTV Team profile,2375109,https://www.hltv.org/matches/2375109/b8-vs-revenant-thunderpick-world-championship-2024-eu-closed-qualifier-2
9928,HLTV Team profile,2375119,https://www.hltv.org/matches/2375119/gamerlegion-vs-cloud9-thunderpick-world-championship-2024-eu-closed-qualifier-2
12394,HLTV Team profile,2375120,https://www.hltv.org/matches/2375120/betboom-vs-monte-thunderpick-world-championship-2024-eu-closed-qualifier-2
11241,HLTV Team profile,2375122,https://www.hltv.org/matches/2375122/b8-vs-tsm-thunderpick-world-championship-2024-eu-closed-qualifier-2
12394,HLTV Team profile,2375126,https://www.hltv.org/matches/2375126/betboom-vs-gaimin-gladiators-thunderpick-world-championship-2024-eu-closed-qualifier-2
12394,HLTV Team profile,2375128,https://www.hltv.org/matches/2375128/betboom-vs-cloud9-thunderpick-world-championship-2024-eu-closed-qualifier-2
11241,HLTV Team profile,2375132,https://www.hltv.org/matches/2375132/sinners-vs-b8-esl-challenger-league-season-48-europe
12774,HLTV Team profile,2375166,https://www.hltv.org/matches/2375166/flyquest-vs-mantra-esl-challenger-league-season-48-oceania
12774,HLTV Team profile,2375167,https://www.hltv.org/matches/2375167/mantra-vs-flyquest-esl-challenger-league-season-48-oceania
12774,HLTV Team profile,2375168,https://www.hltv.org/matches/2375168/flyquest-vs-vantage-esl-challenger-league-season-48-oceania
12774,HLTV Team profile,2375169,https://www.hltv.org/matches/2375169/vantage-vs-flyquest-esl-challenger-league-season-48-oceania
12468,HLTV Team profile,2375178,https://www.hltv.org/matches/2375178/legacy-vs-boss-perfect-world-shanghai-major-2024-na-rmr-closed-qualifier
6673,HLTV Team profile,2375180,https://www.hltv.org/matches/2375180/nrg-vs-elevate-perfect-world-shanghai-major-2024-na-rmr-closed-qualifier
6673,HLTV Team profile,2375227,https://www.hltv.org/matches/2375227/nrg-vs-nouns-perfect-world-shanghai-major-2024-na-rmr-closed-qualifier
12468,HLTV Team profile,2375228,https://www.hltv.org/matches/2375228/legacy-vs-take-flyte-perfect-world-shanghai-major-2024-na-rmr-closed-qualifier
12468,HLTV Team profile,2375232,https://www.hltv.org/matches/2375232/nrg-vs-legacy-perfect-world-shanghai-major-2024-na-rmr-closed-qualifier
12468,HLTV Team profile,2375235,https://www.hltv.org/matches/2375235/legacy-vs-fluffy-aimers-perfect-world-shanghai-major-2024-na-rmr-closed-qualifier
11581,HLTV Team profile,2375312,https://www.hltv.org/matches/2375312/sinners-vs-hotu-winline-insight-season-5
11241,HLTV Team profile,2375332,https://www.hltv.org/matches/2375332/b8-vs-9ine-cct-season-2-europe-series-10
12394,HLTV Team profile,2375333,https://www.hltv.org/matches/2375333/betboom-vs-cybershoke-cct-season-2-europe-series-10
9928,HLTV Team profile,2375335,https://www.hltv.org/matches/2375335/gamerlegion-vs-endpoint-cct-season-2-europe-series-10
12426,HLTV Team profile,2375336,https://www.hltv.org/matches/2375336/passion-ua-vs-gaimin-gladiators-cct-season-2-europe-series-10
9928,HLTV Team profile,2375337,https://www.hltv.org/matches/2375337/gamerlegion-vs-monte-cct-season-2-europe-series-10
12426,HLTV Team profile,2375338,https://www.hltv.org/matches/2375338/cybershoke-vs-passion-ua-cct-season-2-europe-series-10
11241,HLTV Team profile,2375339,https://www.hltv.org/matches/2375339/b8-vs-bleed-cct-season-2-europe-series-10
9928,HLTV Team profile,2375341,https://www.hltv.org/matches/2375341/passion-ua-vs-gamerlegion-cct-season-2-europe-series-10
11241,HLTV Team profile,2375342,https://www.hltv.org/matches/2375342/b8-vs-zero-tenacity-cct-season-2-europe-series-10
11241,HLTV Team profile,2375343,https://www.hltv.org/matches/2375343/gamerlegion-vs-b8-cct-season-2-europe-series-10
6673,HLTV Team profile,2375345,https://www.hltv.org/matches/2375345/nrg-vs-nouns-esl-challenger-atlanta-2024-north-america-closed-qualifier
6673,HLTV Team profile,2375346,https://www.hltv.org/matches/2375346/wildcard-vs-nrg-esl-challenger-atlanta-2024-north-america-closed-qualifier
6673,HLTV Team profile,2375348,https://www.hltv.org/matches/2375348/nouns-vs-nrg-esl-challenger-atlanta-2024-north-america-closed-qualifier
6673,HLTV Team profile,2375349,https://www.hltv.org/matches/2375349/wildcard-vs-nrg-esl-challenger-atlanta-2024-north-america-closed-qualifier
12774,HLTV Team profile,2375350,https://www.hltv.org/matches/2375350/flyquest-vs-eternal-fire-esl-pro-league-season-20
4608,HLTV Team profile,2375351,https://www.hltv.org/matches/2375351/lynn-vision-vs-natus-vincere-esl-pro-league-season-20
6667,HLTV Team profile,2375352,https://www.hltv.org/matches/2375352/faze-vs-sangal-esl-pro-league-season-20
4411,HLTV Team profile,2375353,https://www.hltv.org/matches/2375353/heroic-vs-ninjas-in-pyjamas-esl-pro-league-season-20
9215,HLTV Team profile,2375354,https://www.hltv.org/matches/2375354/mibr-vs-9z-esl-pro-league-season-20
5995,HLTV Team profile,2375355,https://www.hltv.org/matches/2375355/koi-vs-g2-esl-pro-league-season-20
7020,HLTV Team profile,2375356,https://www.hltv.org/matches/2375356/spirit-vs-wildcard-esl-pro-league-season-20
6248,HLTV Team profile,2375357,https://www.hltv.org/matches/2375357/the-mongolz-vs-3dmax-esl-pro-league-season-20
6665,HLTV Team profile,2375358,https://www.hltv.org/matches/2375358/fnatic-vs-astralis-esl-pro-league-season-20
4494,HLTV Team profile,2375359,https://www.hltv.org/matches/2375359/mouz-vs-rooster-esl-pro-league-season-20
12376,HLTV Team profile,2375361,https://www.hltv.org/matches/2375361/complexity-vs-m80-esl-pro-league-season-20
5973,HLTV Team profile,2375362,https://www.hltv.org/matches/2375362/liquid-vs-ence-esl-pro-league-season-20
8297,HLTV Team profile,2375364,https://www.hltv.org/matches/2375364/furia-vs-falcons-esl-pro-league-season-20
9565,HLTV Team profile,2375365,https://www.hltv.org/matches/2375365/vitality-vs-atox-esl-pro-league-season-20
6667,HLTV Team profile,2375366,https://www.hltv.org/matches/2375366/flyquest-vs-faze-esl-pro-league-season-20
4608,HLTV Team profile,2375367,https://www.hltv.org/matches/2375367/natus-vincere-vs-ninjas-in-pyjamas-esl-pro-league-season-20
7175,HLTV Team profile,2375369,https://www.hltv.org/matches/2375369/lynn-vision-vs-heroic-esl-pro-league-season-20
7020,HLTV Team profile,2375370,https://www.hltv.org/matches/2375370/mibr-vs-spirit-esl-pro-league-season-20
6248,HLTV Team profile,2375371,https://www.hltv.org/matches/2375371/koi-vs-the-mongolz-esl-pro-league-season-20
5995,HLTV Team profile,2375373,https://www.hltv.org/matches/2375373/g2-vs-3dmax-esl-pro-league-season-20
6667,HLTV Team profile,2375374,https://www.hltv.org/matches/2375374/faze-vs-ninjas-in-pyjamas-esl-pro-league-season-20
7175,HLTV Team profile,2375375,https://www.hltv.org/matches/2375375/sangal-vs-heroic-esl-pro-league-season-20
4914,HLTV Team profile,2375376,https://www.hltv.org/matches/2375376/9z-vs-3dmax-esl-pro-league-season-20
7020,HLTV Team profile,2375377,https://www.hltv.org/matches/2375377/the-mongolz-vs-spirit-esl-pro-league-season-20
12774,HLTV Team profile,2375378,https://www.hltv.org/matches/2375378/flyquest-vs-lynn-vision-esl-pro-league-season-20
6667,HLTV Team profile,2375379,https://www.hltv.org/matches/2375379/sangal-vs-faze-esl-pro-league-season-20
7020,HLTV Team profile,2375381,https://www.hltv.org/matches/2375381/3dmax-vs-spirit-esl-pro-league-season-20
4411,HLTV Team profile,2375382,https://www.hltv.org/matches/2375382/heroic-vs-ninjas-in-pyjamas-esl-pro-league-season-20
6248,HLTV Team profile,2375383,https://www.hltv.org/matches/2375383/9z-vs-the-mongolz-esl-pro-league-season-20
12774,HLTV Team profile,2375384,https://www.hltv.org/matches/2375384/sangal-vs-flyquest-esl-pro-league-season-20
4914,HLTV Team profile,2375385,https://www.hltv.org/matches/2375385/wildcard-vs-3dmax-esl-pro-league-season-20
4608,HLTV Team profile,2375386,https://www.hltv.org/matches/2375386/eternal-fire-vs-natus-vincere-esl-pro-league-season-20
7175,HLTV Team profile,2375387,https://www.hltv.org/matches/2375387/sangal-vs-heroic-esl-pro-league-season-20
6248,HLTV Team profile,2375388,https://www.hltv.org/matches/2375388/the-mongolz-vs-3dmax-esl-pro-league-season-20
5995,HLTV Team profile,2375389,https://www.hltv.org/matches/2375389/mibr-vs-g2-esl-pro-league-season-20
12376,HLTV Team profile,2375391,https://www.hltv.org/matches/2375391/fnatic-vs-m80-esl-pro-league-season-20
4494,HLTV Team profile,2375392,https://www.hltv.org/matches/2375392/mouz-vs-imperial-esl-pro-league-season-20
6665,HLTV Team profile,2375393,https://www.hltv.org/matches/2375393/astralis-vs-complexity-esl-pro-league-season-20
9565,HLTV Team profile,2375394,https://www.hltv.org/matches/2375394/vitality-vs-furia-esl-pro-league-season-20
11283,HLTV Team profile,2375396,https://www.hltv.org/matches/2375396/atox-vs-falcons-esl-pro-league-season-20
5973,HLTV Team profile,2375397,https://www.hltv.org/matches/2375397/liquid-vs-virtuspro-esl-pro-league-season-20
4494,HLTV Team profile,2375399,https://www.hltv.org/matches/2375399/complexity-vs-mouz-esl-pro-league-season-20
11283,HLTV Team profile,2375400,https://www.hltv.org/matches/2375400/falcons-vs-virtuspro-esl-pro-league-season-20
8297,HLTV Team profile,2375401,https://www.hltv.org/matches/2375401/furia-vs-red-canids-esl-pro-league-season-20
6665,HLTV Team profile,2375402,https://www.hltv.org/matches/2375402/rooster-vs-astralis-esl-pro-league-season-20
8297,HLTV Team profile,2375405,https://www.hltv.org/matches/2375405/furia-vs-virtuspro-esl-pro-league-season-20
4494,HLTV Team profile,2375406,https://www.hltv.org/matches/2375406/fnatic-vs-mouz-esl-pro-league-season-20
11283,HLTV Team profile,2375407,https://www.hltv.org/matches/2375407/falcons-vs-red-canids-esl-pro-league-season-20
6665,HLTV Team profile,2375408,https://www.hltv.org/matches/2375408/complexity-vs-astralis-esl-pro-league-season-20
8297,HLTV Team profile,2375409,https://www.hltv.org/matches/2375409/atox-vs-furia-esl-pro-league-season-20
12376,HLTV Team profile,2375410,https://www.hltv.org/matches/2375410/imperial-vs-m80-esl-pro-league-season-20
4494,HLTV Team profile,2375411,https://www.hltv.org/matches/2375411/mouz-vs-complexity-esl-pro-league-season-20
8297,HLTV Team profile,2375412,https://www.hltv.org/matches/2375412/red-canids-vs-furia-esl-pro-league-season-20
9565,HLTV Team profile,2375413,https://www.hltv.org/matches/2375413/liquid-vs-vitality-esl-pro-league-season-20
7175,HLTV Team profile,2375414,https://www.hltv.org/matches/2375414/virtuspro-vs-heroic-esl-pro-league-season-20
6248,HLTV Team profile,2375415,https://www.hltv.org/matches/2375415/big-vs-the-mongolz-esl-pro-league-season-20
8297,HLTV Team profile,2375416,https://www.hltv.org/matches/2375416/spirit-vs-furia-esl-pro-league-season-20
6667,HLTV Team profile,2375417,https://www.hltv.org/matches/2375417/faze-vs-complexity-esl-pro-league-season-20
6248,HLTV Team profile,2375418,https://www.hltv.org/matches/2375418/eternal-fire-vs-the-mongolz-esl-pro-league-season-20
7175,HLTV Team profile,2375419,https://www.hltv.org/matches/2375419/mibr-vs-heroic-esl-pro-league-season-20
7020,HLTV Team profile,2375420,https://www.hltv.org/matches/2375420/imperial-vs-spirit-esl-pro-league-season-20
5973,HLTV Team profile,2375421,https://www.hltv.org/matches/2375421/liquid-vs-complexity-esl-pro-league-season-20
12376,HLTV Team profile,2375422,https://www.hltv.org/matches/2375422/m80-vs-mibr-esl-pro-league-season-20
9565,HLTV Team profile,2375423,https://www.hltv.org/matches/2375423/vitality-vs-eternal-fire-esl-pro-league-season-20
4608,HLTV Team profile,2375424,https://www.hltv.org/matches/2375424/natus-vincere-vs-spirit-esl-pro-league-season-20
5995,HLTV Team profile,2375425,https://www.hltv.org/matches/2375425/g2-vs-liquid-esl-pro-league-season-20
9215,HLTV Team profile,2375426,https://www.hltv.org/matches/2375426/mibr-vs-eternal-fire-esl-pro-league-season-20
4608,HLTV Team profile,2375427,https://www.hltv.org/matches/2375427/natus-vincere-vs-g2-esl-pro-league-season-20
4608,HLTV Team profile,2375428,https://www.hltv.org/matches/2375428/eternal-fire-vs-natus-vincere-esl-pro-league-season-20
11241,HLTV Team profile,2375438,https://www.hltv.org/matches/2375438/bleed-vs-b8-yalla-compass-summer-2024
12426,HLTV Team profile,2375440,https://www.hltv.org/matches/2375440/amkal-vs-passion-ua-yalla-compass-summer-2024
12467,HLTV Team profile,2375443,https://www.hltv.org/matches/2375443/monte-vs-parivision-yalla-compass-summer-2024
9928,HLTV Team profile,2375445,https://www.hltv.org/matches/2375445/gamerlegion-vs-into-the-breach-yalla-compass-summer-2024
4914,HLTV Team profile,2375453,https://www.hltv.org/matches/2375453/3dmax-vs-zero-tenacity-elisa-invitational-fall-2024
12468,HLTV Team profile,2375457,https://www.hltv.org/matches/2375457/legacy-vs-boss-esl-challenger-league-season-48-north-america
12468,HLTV Team profile,2375458,https://www.hltv.org/matches/2375458/boss-vs-legacy-esl-challenger-league-season-48-north-america
12468,HLTV Team profile,2375471,https://www.hltv.org/matches/2375471/legacy-vs-fluffy-aimers-esl-challenger-league-season-48-north-america
12468,HLTV Team profile,2375473,https://www.hltv.org/matches/2375473/fluffy-aimers-vs-legacy-esl-challenger-league-season-48-north-america
12468,HLTV Team profile,2375475,https://www.hltv.org/matches/2375475/legacy-vs-timbermen-esl-challenger-league-season-48-north-america
12468,HLTV Team profile,2375477,https://www.hltv.org/matches/2375477/timbermen-vs-legacy-esl-challenger-league-season-48-north-america
12426,HLTV Team profile,2375506,https://www.hltv.org/matches/2375506/passion-ua-vs-molo-esea-advanced-season-50-europe
12878,HLTV Team profile,2375508,https://www.hltv.org/matches/2375508/ruby-vs-bcgame-esea-advanced-season-50-europe
11581,HLTV Team profile,2375509,https://www.hltv.org/matches/2375509/enterprise-vs-hotu-esea-advanced-season-50-europe
11581,HLTV Team profile,2375517,https://www.hltv.org/matches/2375517/mouz-nxt-vs-hotu-esea-advanced-season-50-europe
11581,HLTV Team profile,2375527,https://www.hltv.org/matches/2375527/hotu-vs-rush-b-winline-insight-season-5
12426,HLTV Team profile,2375536,https://www.hltv.org/matches/2375536/bleed-vs-passion-ua-yalla-compass-summer-2024
9928,HLTV Team profile,2375539,https://www.hltv.org/matches/2375539/sashi-vs-gamerlegion-yalla-compass-summer-2024
12467,HLTV Team profile,2375541,https://www.hltv.org/matches/2375541/parivision-vs-9ine-yalla-compass-summer-2024
11241,HLTV Team profile,2375542,https://www.hltv.org/matches/2375542/b8-vs-amkal-yalla-compass-summer-2024
12467,HLTV Team profile,2375556,https://www.hltv.org/matches/2375556/parivision-vs-gun5-cct-season-2-europe-series-11
9928,HLTV Team profile,2375557,https://www.hltv.org/matches/2375557/gamerlegion-vs-monte-gen-cct-season-2-europe-series-11
12426,HLTV Team profile,2375560,https://www.hltv.org/matches/2375560/passion-ua-vs-ecstatic-cct-season-2-europe-series-11
9928,HLTV Team profile,2375563,https://www.hltv.org/matches/2375563/gamerlegion-vs-zero-tenacity-cct-season-2-europe-series-11
9928,HLTV Team profile,2375565,https://www.hltv.org/matches/2375565/gaimin-gladiators-vs-gamerlegion-cct-season-2-europe-series-11
9928,HLTV Team profile,2375567,https://www.hltv.org/matches/2375567/gamerlegion-vs-sinners-cct-season-2-europe-series-11
11581,HLTV Team profile,2375571,https://www.hltv.org/matches/2375571/spirit-academy-vs-hotu-esea-advanced-season-50-europe
12426,HLTV Team profile,2375575,https://www.hltv.org/matches/2375575/gl-academy-vs-passion-ua-esea-advanced-season-50-europe
12878,HLTV Team profile,2375577,https://www.hltv.org/matches/2375577/bcgame-vs-k27-esea-advanced-season-50-europe
11241,HLTV Team profile,2375579,https://www.hltv.org/matches/2375579/9-pandas-vs-b8-esl-challenger-league-season-48-europe
12426,HLTV Team profile,2375661,https://www.hltv.org/matches/2375661/passion-ua-vs-eyeballers-cct-season-2-europe-series-12
12426,HLTV Team profile,2375669,https://www.hltv.org/matches/2375669/passion-ua-vs-peep-esea-advanced-season-50-europe
11581,HLTV Team profile,2375736,https://www.hltv.org/matches/2375736/hotu-vs-passion-ua-esea-advanced-season-50-europe
11283,HLTV Team profile,2375765,https://www.hltv.org/matches/2375765/natus-vincere-vs-falcons-blast-premier-fall-final-2024
6667,HLTV Team profile,2375766,https://www.hltv.org/matches/2375766/g2-vs-faze-blast-premier-fall-final-2024
9565,HLTV Team profile,2375767,https://www.hltv.org/matches/2375767/vitality-vs-astralis-blast-premier-fall-final-2024
7020,HLTV Team profile,2375768,https://www.hltv.org/matches/2375768/spirit-vs-liquid-blast-premier-fall-final-2024
11283,HLTV Team profile,2375769,https://www.hltv.org/matches/2375769/falcons-vs-faze-blast-premier-fall-final-2024
4608,HLTV Team profile,2375770,https://www.hltv.org/matches/2375770/natus-vincere-vs-g2-blast-premier-fall-final-2024
7020,HLTV Team profile,2375771,https://www.hltv.org/matches/2375771/astralis-vs-spirit-blast-premier-fall-final-2024
9565,HLTV Team profile,2375772,https://www.hltv.org/matches/2375772/vitality-vs-liquid-blast-premier-fall-final-2024
7020,HLTV Team profile,2375773,https://www.hltv.org/matches/2375773/g2-vs-spirit-blast-premier-fall-final-2024
6667,HLTV Team profile,2375774,https://www.hltv.org/matches/2375774/faze-vs-liquid-blast-premier-fall-final-2024
9565,HLTV Team profile,2375775,https://www.hltv.org/matches/2375775/vitality-vs-g2-blast-premier-fall-final-2024
4608,HLTV Team profile,2375776,https://www.hltv.org/matches/2375776/natus-vincere-vs-faze-blast-premier-fall-final-2024
4608,HLTV Team profile,2375777,https://www.hltv.org/matches/2375777/g2-vs-natus-vincere-blast-premier-fall-final-2024
4773,HLTV Team profile,2375778,https://www.hltv.org/matches/2375778/pain-vs-insanity-cbcs-masters-2024
9215,HLTV Team profile,2375780,https://www.hltv.org/matches/2375780/mibr-vs-sharks-cbcs-masters-2024
4773,HLTV Team profile,2375782,https://www.hltv.org/matches/2375782/pain-vs-red-canids-cbcs-masters-2024
9215,HLTV Team profile,2375786,https://www.hltv.org/matches/2375786/mibr-vs-bestia-cbcs-masters-2024
4773,HLTV Team profile,2375788,https://www.hltv.org/matches/2375788/pain-vs-bestia-cbcs-masters-2024-finals
11581,HLTV Team profile,2375796,https://www.hltv.org/matches/2375796/ex-enterprise-vs-hotu-winline-insight-season-5
11581,HLTV Team profile,2375803,https://www.hltv.org/matches/2375803/hotu-vs-favbet-esea-advanced-season-50-europe
12426,HLTV Team profile,2375830,https://www.hltv.org/matches/2375830/passion-ua-vs-favbet-cct-season-2-europe-series-12
12426,HLTV Team profile,2375839,https://www.hltv.org/matches/2375839/passion-ua-vs-monte-gen-cct-season-2-europe-series-12
12426,HLTV Team profile,2375864,https://www.hltv.org/matches/2375864/tnl-vs-passion-ua-lenovo-legion-real-game-cup-2024
12426,HLTV Team profile,2375865,https://www.hltv.org/matches/2375865/lazer-cats-vs-passion-ua-lenovo-legion-real-game-cup-2024
6673,HLTV Team profile,2375886,https://www.hltv.org/matches/2375886/nrg-vs-lag-esl-challenger-league-season-48-north-america
6673,HLTV Team profile,2375887,https://www.hltv.org/matches/2375887/lag-vs-nrg-esl-challenger-league-season-48-north-america
12468,HLTV Team profile,2375890,https://www.hltv.org/matches/2375890/legacy-vs-party-astronauts-esl-challenger-league-season-48-north-america
6673,HLTV Team profile,2375891,https://www.hltv.org/matches/2375891/nrg-vs-take-flyte-esl-challenger-league-season-48-north-america
12468,HLTV Team profile,2375893,https://www.hltv.org/matches/2375893/party-astronauts-vs-legacy-esl-challenger-league-season-48-north-america
6673,HLTV Team profile,2375894,https://www.hltv.org/matches/2375894/take-flyte-vs-nrg-esl-challenger-league-season-48-north-america
6673,HLTV Team profile,2375896,https://www.hltv.org/matches/2375896/nrg-vs-wildcard-esl-challenger-league-season-48-north-america
6673,HLTV Team profile,2375897,https://www.hltv.org/matches/2375897/wildcard-vs-nrg-esl-challenger-league-season-48-north-america
12468,HLTV Team profile,2375898,https://www.hltv.org/matches/2375898/legacy-vs-lag-esl-challenger-league-season-48-north-america
12468,HLTV Team profile,2375899,https://www.hltv.org/matches/2375899/lag-vs-legacy-esl-challenger-league-season-48-north-america
11581,HLTV Team profile,2375915,https://www.hltv.org/matches/2375915/hotu-vs-genone-cct-season-2-europe-series-13-closed-qualifier
11581,HLTV Team profile,2375921,https://www.hltv.org/matches/2375921/hotu-vs-dms-cct-season-2-europe-series-13-closed-qualifier
11581,HLTV Team profile,2375925,https://www.hltv.org/matches/2375925/genone-vs-hotu-cct-season-2-europe-series-13-closed-qualifier
11581,HLTV Team profile,2375927,https://www.hltv.org/matches/2375927/ww-vs-hotu-cct-season-2-europe-series-13-closed-qualifier
12426,HLTV Team profile,2375937,https://www.hltv.org/matches/2375937/passion-ua-vs-drillas-cct-season-2-europe-series-13
11241,HLTV Team profile,2375943,https://www.hltv.org/matches/2375943/b8-vs-sampi-yalla-compass-summer-2024
12426,HLTV Team profile,2375949,https://www.hltv.org/matches/2375949/passion-ua-vs-illuminar-european-pro-league-season-19
12467,HLTV Team profile,2375961,https://www.hltv.org/matches/2375961/parivision-vs-monte-yalla-compass-summer-2024
4914,HLTV Team profile,2375964,https://www.hltv.org/matches/2375964/3dmax-vs-zero-tenacity-yalla-compass-summer-2024
11861,HLTV Team profile,2375967,https://www.hltv.org/matches/2375967/aurora-vs-amkal-yalla-compass-summer-2024
4914,HLTV Team profile,2375968,https://www.hltv.org/matches/2375968/3dmax-vs-monte-yalla-compass-summer-2024
11861,HLTV Team profile,2375969,https://www.hltv.org/matches/2375969/into-the-breach-vs-aurora-yalla-compass-summer-2024
11861,HLTV Team profile,2375970,https://www.hltv.org/matches/2375970/3dmax-vs-aurora-yalla-compass-summer-2024
12426,HLTV Team profile,2375976,https://www.hltv.org/matches/2375976/passion-ua-vs-cybershoke-cct-season-2-europe-series-12
12426,HLTV Team profile,2375979,https://www.hltv.org/matches/2375979/lynn-vision-vs-passion-ua-cct-season-2-europe-series-12
4914,HLTV Team profile,2375981,https://www.hltv.org/matches/2375981/3dmax-vs-zero-tenacity-cct-season-2-europe-series-12
11861,HLTV Team profile,2375983,https://www.hltv.org/matches/2375983/aurora-vs-endpoint-cct-season-2-europe-series-12
11241,HLTV Team profile,2375984,https://www.hltv.org/matches/2375984/b8-vs-insilio-cct-season-2-europe-series-12
12426,HLTV Team profile,2375985,https://www.hltv.org/matches/2375985/sangal-vs-passion-ua-cct-season-2-europe-series-12
12394,HLTV Team profile,2375986,https://www.hltv.org/matches/2375986/betboom-vs-monte-gen-cct-season-2-europe-series-12
9928,HLTV Team profile,2375987,https://www.hltv.org/matches/2375987/gamerlegion-vs-cph-wolves-cct-season-2-europe-series-12
4914,HLTV Team profile,2375988,https://www.hltv.org/matches/2375988/3dmax-vs-cybershoke-cct-season-2-europe-series-12
11241,HLTV Team profile,2375989,https://www.hltv.org/matches/2375989/b8-vs-gamerlegion-cct-season-2-europe-series-12
11861,HLTV Team profile,2375990,https://www.hltv.org/matches/2375990/ecstatic-vs-aurora-cct-season-2-europe-series-12
12394,HLTV Team profile,2375991,https://www.hltv.org/matches/2375991/sangal-vs-betboom-cct-season-2-europe-series-12
4914,HLTV Team profile,2375992,https://www.hltv.org/matches/2375992/betboom-vs-3dmax-cct-season-2-europe-series-12
11861,HLTV Team profile,2375993,https://www.hltv.org/matches/2375993/aurora-vs-gamerlegion-cct-season-2-europe-series-12
9928,HLTV Team profile,2375994,https://www.hltv.org/matches/2375994/betboom-vs-gamerlegion-cct-season-2-europe-series-12
6673,HLTV Team profile,2376008,https://www.hltv.org/matches/2376008/nrg-vs-final-form-cct-season-2-north-america-series-3
12468,HLTV Team profile,2376010,https://www.hltv.org/matches/2376010/legacy-vs-lore-cct-season-2-north-america-series-3
6673,HLTV Team profile,2376013,https://www.hltv.org/matches/2376013/nrg-vs-boss-cct-season-2-north-america-series-3
12468,HLTV Team profile,2376015,https://www.hltv.org/matches/2376015/legacy-vs-lag-cct-season-2-north-america-series-3
12468,HLTV Team profile,2376017,https://www.hltv.org/matches/2376017/legacy-vs-fluffy-aimers-cct-season-2-north-america-series-3
11581,HLTV Team profile,2376020,https://www.hltv.org/matches/2376020/cybershoke-vs-hotu-winline-insight-season-5
11581,HLTV Team profile,2376026,https://www.hltv.org/matches/2376026/hotu-vs-arcred-winline-insight-season-5
11581,HLTV Team profile,2376059,https://www.hltv.org/matches/2376059/hotu-vs-gun5-winline-insight-season-5
6673,HLTV Team profile,2376064,https://www.hltv.org/matches/2376064/nrg-vs-party-astronauts-prizepicks-na-revival-series-3
12468,HLTV Team profile,2376065,https://www.hltv.org/matches/2376065/legacy-vs-fluffy-aimers-prizepicks-na-revival-series-3
6673,HLTV Team profile,2376068,https://www.hltv.org/matches/2376068/nrg-vs-fluffy-aimers-prizepicks-na-revival-series-3
6673,HLTV Team profile,2376070,https://www.hltv.org/matches/2376070/nrg-vs-nouns-prizepicks-na-revival-series-3
12426,HLTV Team profile,2376071,https://www.hltv.org/matches/2376071/passion-ua-vs-9ine-european-pro-league-season-19
12426,HLTV Team profile,2376083,https://www.hltv.org/matches/2376083/passion-ua-vs-ww-cct-season-2-europe-series-13
12468,HLTV Team profile,2376091,https://www.hltv.org/matches/2376091/legacy-vs-nouns-esl-challenger-league-season-48-north-america
12468,HLTV Team profile,2376092,https://www.hltv.org/matches/2376092/nouns-vs-legacy-esl-challenger-league-season-48-north-america
12468,HLTV Team profile,2376093,https://www.hltv.org/matches/2376093/legacy-vs-revenge-nation-esl-challenger-league-season-48-north-america
6673,HLTV Team profile,2376095,https://www.hltv.org/matches/2376095/nrg-vs-timbermen-esl-challenger-league-season-48-north-america
12468,HLTV Team profile,2376097,https://www.hltv.org/matches/2376097/revenge-nation-vs-legacy-esl-challenger-league-season-48-north-america
6673,HLTV Team profile,2376099,https://www.hltv.org/matches/2376099/timbermen-vs-nrg-esl-challenger-league-season-48-north-america
12376,HLTV Team profile,2376101,https://www.hltv.org/matches/2376101/m80-vs-revenge-nation-esl-challenger-league-season-48-north-america
12376,HLTV Team profile,2376102,https://www.hltv.org/matches/2376102/revenge-nation-vs-m80-esl-challenger-league-season-48-north-america
12376,HLTV Team profile,2376103,https://www.hltv.org/matches/2376103/m80-vs-timbermen-esl-challenger-league-season-48-north-america
12376,HLTV Team profile,2376104,https://www.hltv.org/matches/2376104/timbermen-vs-m80-esl-challenger-league-season-48-north-america
12774,HLTV Team profile,2376105,https://www.hltv.org/matches/2376105/flyquest-vs-housebets-esl-challenger-league-season-48-oceania
12774,HLTV Team profile,2376106,https://www.hltv.org/matches/2376106/housebets-vs-flyquest-esl-challenger-league-season-48-oceania
12774,HLTV Team profile,2376107,https://www.hltv.org/matches/2376107/flyquest-vs-the-art-of-war-esl-challenger-league-season-48-oceania
12774,HLTV Team profile,2376108,https://www.hltv.org/matches/2376108/the-art-of-war-vs-flyquest-esl-challenger-league-season-48-oceania
12774,HLTV Team profile,2376111,https://www.hltv.org/matches/2376111/arcade-vs-flyquest-esl-challenger-league-season-48-oceania
12774,HLTV Team profile,2376115,https://www.hltv.org/matches/2376115/flyquest-vs-arcade-esl-challenger-league-season-48-oceania
9215,HLTV Team profile,2376119,https://www.hltv.org/matches/2376119/imperial-vs-mibr-esl-challenger-league-season-48-south-america
4773,HLTV Team profile,2376121,https://www.hltv.org/matches/2376121/pain-vs-sharks-esl-challenger-league-season-48-south-america
9215,HLTV Team profile,2376126,https://www.hltv.org/matches/2376126/mibr-vs-imperial-esl-challenger-league-season-48-south-america
4773,HLTV Team profile,2376128,https://www.hltv.org/matches/2376128/sharks-vs-pain-esl-challenger-league-season-48-south-america
9215,HLTV Team profile,2376134,https://www.hltv.org/matches/2376134/mibr-vs-solid-esl-challenger-league-season-48-south-america
4773,HLTV Team profile,2376135,https://www.hltv.org/matches/2376135/oddik-vs-pain-esl-challenger-league-season-48-south-america
9215,HLTV Team profile,2376142,https://www.hltv.org/matches/2376142/solid-vs-mibr-esl-challenger-league-season-48-south-america
4773,HLTV Team profile,2376143,https://www.hltv.org/matches/2376143/pain-vs-oddik-esl-challenger-league-season-48-south-america
6673,HLTV Team profile,2376159,https://www.hltv.org/matches/2376159/m80-vs-nrg-esl-challenger-league-season-48-north-america
12468,HLTV Team profile,2376160,https://www.hltv.org/matches/2376160/legacy-vs-take-flyte-esl-challenger-league-season-48-north-america
6673,HLTV Team profile,2376164,https://www.hltv.org/matches/2376164/nrg-vs-m80-esl-challenger-league-season-48-north-america
12468,HLTV Team profile,2376165,https://www.hltv.org/matches/2376165/take-flyte-vs-legacy-esl-challenger-league-season-48-north-america
11581,HLTV Team profile,2376171,https://www.hltv.org/matches/2376171/hotu-vs-ence-academy-cct-season-2-europe-series-14-closed-qualifier
11581,HLTV Team profile,2376178,https://www.hltv.org/matches/2376178/hotu-vs-molo-cct-season-2-europe-series-14-closed-qualifier
11581,HLTV Team profile,2376186,https://www.hltv.org/matches/2376186/hotu-vs-ence-academy-cct-season-2-europe-series-14-closed-qualifier
11581,HLTV Team profile,2376189,https://www.hltv.org/matches/2376189/dms-vs-hotu-cct-season-2-europe-series-14-closed-qualifier
11581,HLTV Team profile,2376197,https://www.hltv.org/matches/2376197/alternate-attax-vs-hotu-cct-season-2-europe-series-14
12426,HLTV Team profile,2376199,https://www.hltv.org/matches/2376199/passion-ua-vs-ruby-cct-season-2-europe-series-14
12426,HLTV Team profile,2376203,https://www.hltv.org/matches/2376203/passion-ua-vs-cph-wolves-cct-season-2-europe-series-13
4608,HLTV Team profile,2376219,https://www.hltv.org/matches/2376219/natus-vincere-vs-imperial-iem-rio-2024
5973,HLTV Team profile,2376220,https://www.hltv.org/matches/2376220/liquid-vs-complexity-iem-rio-2024
8297,HLTV Team profile,2376221,https://www.hltv.org/matches/2376221/faze-vs-furia-iem-rio-2024
4494,HLTV Team profile,2376222,https://www.hltv.org/matches/2376222/mouz-vs-pain-iem-rio-2024
9565,HLTV Team profile,2376223,https://www.hltv.org/matches/2376223/vitality-vs-9z-iem-rio-2024
6248,HLTV Team profile,2376224,https://www.hltv.org/matches/2376224/virtuspro-vs-the-mongolz-iem-rio-2024
6665,HLTV Team profile,2376225,https://www.hltv.org/matches/2376225/eternal-fire-vs-astralis-iem-rio-2024
5995,HLTV Team profile,2376226,https://www.hltv.org/matches/2376226/g2-vs-heroic-iem-rio-2024
11241,HLTV Team profile,2376232,https://www.hltv.org/matches/2376232/b8-vs-illuminar-esl-challenger-katowice-2024-europe-open-qualifier
11241,HLTV Team profile,2376238,https://www.hltv.org/matches/2376238/fire-flux-vs-b8-esl-challenger-katowice-2024-europe-open-qualifier
12426,HLTV Team profile,2376247,https://www.hltv.org/matches/2376247/passion-ua-vs-ecstatic-cct-season-2-europe-series-13
12467,HLTV Team profile,2376253,https://www.hltv.org/matches/2376253/parivision-vs-spirit-academy-cct-season-2-europe-series-13
11241,HLTV Team profile,2376254,https://www.hltv.org/matches/2376254/b8-vs-alternate-attax-cct-season-2-europe-series-13
4914,HLTV Team profile,2376255,https://www.hltv.org/matches/2376255/3dmax-vs-rhyno-cct-season-2-europe-series-13
4411,HLTV Team profile,2376257,https://www.hltv.org/matches/2376257/ninjas-in-pyjamas-vs-ecstatic-cct-season-2-europe-series-13
11861,HLTV Team profile,2376258,https://www.hltv.org/matches/2376258/aurora-vs-passion-ua-cct-season-2-europe-series-13
9928,HLTV Team profile,2376260,https://www.hltv.org/matches/2376260/gamerlegion-vs-drillas-cct-season-2-europe-series-13
12467,HLTV Team profile,2376261,https://www.hltv.org/matches/2376261/3dmax-vs-parivision-cct-season-2-europe-series-13
12426,HLTV Team profile,2376262,https://www.hltv.org/matches/2376262/permitta-vs-passion-ua-cct-season-2-europe-series-13
11241,HLTV Team profile,2376264,https://www.hltv.org/matches/2376264/b8-vs-gamerlegion-cct-season-2-europe-series-13
4914,HLTV Team profile,2376265,https://www.hltv.org/matches/2376265/3dmax-vs-passion-ua-cct-season-2-europe-series-13
9928,HLTV Team profile,2376266,https://www.hltv.org/matches/2376266/9-pandas-vs-gamerlegion-cct-season-2-europe-series-13
9928,HLTV Team profile,2376267,https://www.hltv.org/matches/2376267/passion-ua-vs-gamerlegion-cct-season-2-europe-series-13
11241,HLTV Team profile,2376269,https://www.hltv.org/matches/2376269/b8-vs-og-esl-challenger-katowice-2024-europe-closed-qualifier
4914,HLTV Team profile,2376270,https://www.hltv.org/matches/2376270/3dmax-vs-nemiga-esl-challenger-katowice-2024-europe-closed-qualifier
11241,HLTV Team profile,2376272,https://www.hltv.org/matches/2376272/saw-vs-b8-esl-challenger-katowice-2024-europe-closed-qualifier
4914,HLTV Team profile,2376273,https://www.hltv.org/matches/2376273/3dmax-vs-9z-esl-challenger-katowice-2024-europe-closed-qualifier
4914,HLTV Team profile,2376278,https://www.hltv.org/matches/2376278/b8-vs-3dmax-esl-challenger-katowice-2024-europe-closed-qualifier
4914,HLTV Team profile,2376280,https://www.hltv.org/matches/2376280/saw-vs-3dmax-esl-challenger-katowice-2024-europe-closed-qualifier
12394,HLTV Team profile,2376300,https://www.hltv.org/matches/2376300/betboom-vs-flyquest-esl-challenger-atlanta-2024
12376,HLTV Team profile,2376303,https://www.hltv.org/matches/2376303/wildcard-vs-m80-esl-challenger-atlanta-2024
12774,HLTV Team profile,2376304,https://www.hltv.org/matches/2376304/flyquest-vs-saw-esl-challenger-atlanta-2024
12376,HLTV Team profile,2376305,https://www.hltv.org/matches/2376305/big-vs-m80-esl-challenger-atlanta-2024
12394,HLTV Team profile,2376307,https://www.hltv.org/matches/2376307/betboom-vs-rooster-esl-challenger-atlanta-2024
12376,HLTV Team profile,2376308,https://www.hltv.org/matches/2376308/m80-vs-wildcard-esl-challenger-atlanta-2024
12394,HLTV Team profile,2376309,https://www.hltv.org/matches/2376309/saw-vs-betboom-esl-challenger-atlanta-2024
12774,HLTV Team profile,2376311,https://www.hltv.org/matches/2376311/flyquest-vs-wildcard-esl-challenger-atlanta-2024
12774,HLTV Team profile,2376312,https://www.hltv.org/matches/2376312/flyquest-vs-big-esl-challenger-atlanta-2024
6673,HLTV Team profile,2376322,https://www.hltv.org/matches/2376322/nrg-vs-e-xolos-lazer-esl-challenger-katowice-2024-north-america-open-qualifier
12468,HLTV Team profile,2376323,https://www.hltv.org/matches/2376323/legacy-vs-boss-esl-challenger-katowice-2024-north-america-open-qualifier
12468,HLTV Team profile,2376326,https://www.hltv.org/matches/2376326/legacy-vs-nrg-esl-challenger-katowice-2024-north-america-open-qualifier
4773,HLTV Team profile,2376333,https://www.hltv.org/matches/2376333/pain-vs-solid-esl-challenger-katowice-2024-south-america-closed-qualifier
4773,HLTV Team profile,2376336,https://www.hltv.org/matches/2376336/pain-vs-red-canids-esl-challenger-katowice-2024-south-america-closed-qualifier
4773,HLTV Team profile,2376337,https://www.hltv.org/matches/2376337/solid-vs-pain-esl-challenger-katowice-2024-south-america-closed-qualifier
4773,HLTV Team profile,2376338,https://www.hltv.org/matches/2376338/fluxo-vs-pain-esl-challenger-katowice-2024-south-america-closed-qualifier
12468,HLTV Team profile,2376340,https://www.hltv.org/matches/2376340/legacy-vs-nouns-esl-challenger-katowice-2024-north-america-closed-qualifier
12468,HLTV Team profile,2376341,https://www.hltv.org/matches/2376341/wildcard-vs-legacy-esl-challenger-katowice-2024-north-america-closed-qualifier
12468,HLTV Team profile,2376343,https://www.hltv.org/matches/2376343/nouns-vs-legacy-esl-challenger-katowice-2024-north-america-closed-qualifier
12468,HLTV Team profile,2376344,https://www.hltv.org/matches/2376344/wildcard-vs-legacy-esl-challenger-katowice-2024-north-america-closed-qualifier
12426,HLTV Team profile,2376345,https://www.hltv.org/matches/2376345/passion-ua-vs-gaimin-gladiators-european-pro-league-season-19
12774,HLTV Team profile,2376367,https://www.hltv.org/matches/2376367/flyquest-vs-rooster-esl-challenger-league-season-48-oceania
12774,HLTV Team profile,2376368,https://www.hltv.org/matches/2376368/rooster-vs-flyquest-esl-challenger-league-season-48-oceania
11581,HLTV Team profile,2376380,https://www.hltv.org/matches/2376380/gaimin-gladiators-vs-hotu-yalla-compass-fall-2024-contenders
12426,HLTV Team profile,2376403,https://www.hltv.org/matches/2376403/passion-ua-vs-into-the-breach-european-pro-league-season-19
12426,HLTV Team profile,2376410,https://www.hltv.org/matches/2376410/passion-ua-vs-betclic-european-pro-league-season-19
12426,HLTV Team profile,2376412,https://www.hltv.org/matches/2376412/passion-ua-vs-tsm-european-pro-league-season-19
12376,HLTV Team profile,2376413,https://www.hltv.org/matches/2376413/m80-vs-party-astronauts-esl-challenger-league-season-48-north-america
12376,HLTV Team profile,2376414,https://www.hltv.org/matches/2376414/party-astronauts-vs-m80-esl-challenger-league-season-48-north-america
12376,HLTV Team profile,2376415,https://www.hltv.org/matches/2376415/m80-vs-nouns-esl-challenger-league-season-48-north-america
12376,HLTV Team profile,2376416,https://www.hltv.org/matches/2376416/nouns-vs-m80-esl-challenger-league-season-48-north-america
12468,HLTV Team profile,2376417,https://www.hltv.org/matches/2376417/legacy-vs-nrg-esl-challenger-league-season-48-north-america
12468,HLTV Team profile,2376422,https://www.hltv.org/matches/2376422/nrg-vs-legacy-esl-challenger-league-season-48-north-america
12468,HLTV Team profile,2376427,https://www.hltv.org/matches/2376427/legacy-vs-limitless-esl-challenger-league-season-48-north-america
12468,HLTV Team profile,2376431,https://www.hltv.org/matches/2376431/limitless-vs-legacy-esl-challenger-league-season-48-north-america
4773,HLTV Team profile,2376439,https://www.hltv.org/matches/2376439/pain-vs-hype-esl-challenger-league-season-48-south-america
9215,HLTV Team profile,2376441,https://www.hltv.org/matches/2376441/case-vs-mibr-esl-challenger-league-season-48-south-america
4773,HLTV Team profile,2376446,https://www.hltv.org/matches/2376446/hype-vs-pain-esl-challenger-league-season-48-south-america
9215,HLTV Team profile,2376448,https://www.hltv.org/matches/2376448/mibr-vs-case-esl-challenger-league-season-48-south-america
4773,HLTV Team profile,2376455,https://www.hltv.org/matches/2376455/fluxo-vs-pain-esl-challenger-league-season-48-south-america
9215,HLTV Team profile,2376459,https://www.hltv.org/matches/2376459/mibr-vs-players-esl-challenger-league-season-48-south-america
4773,HLTV Team profile,2376462,https://www.hltv.org/matches/2376462/pain-vs-fluxo-esl-challenger-league-season-48-south-america
9215,HLTV Team profile,2376466,https://www.hltv.org/matches/2376466/players-vs-mibr-esl-challenger-league-season-48-south-america
11581,HLTV Team profile,2376469,https://www.hltv.org/matches/2376469/favbet-vs-hotu-cct-season-2-europe-series-14
12426,HLTV Team profile,2376471,https://www.hltv.org/matches/2376471/gun5-vs-passion-ua-cct-season-2-europe-series-14
11581,HLTV Team profile,2376476,https://www.hltv.org/matches/2376476/hotu-vs-ruby-cct-season-2-europe-series-14
12426,HLTV Team profile,2376482,https://www.hltv.org/matches/2376482/alternate-attax-vs-passion-ua-cct-season-2-europe-series-14
4773,HLTV Team profile,2376483,https://www.hltv.org/matches/2376483/red-canids-vs-pain-esl-challenger-league-season-48-south-america
4773,HLTV Team profile,2376484,https://www.hltv.org/matches/2376484/pain-vs-red-canids-esl-challenger-league-season-48-south-america
8297,HLTV Team profile,2376489,https://www.hltv.org/matches/2376489/furia-vs-mouz-iem-rio-2024
6667,HLTV Team profile,2376490,https://www.hltv.org/matches/2376490/faze-vs-pain-iem-rio-2024
4608,HLTV Team profile,2376491,https://www.hltv.org/matches/2376491/natus-vincere-vs-liquid-iem-rio-2024
9565,HLTV Team profile,2376493,https://www.hltv.org/matches/2376493/vitality-vs-the-mongolz-iem-rio-2024
6665,HLTV Team profile,2376495,https://www.hltv.org/matches/2376495/heroic-vs-astralis-iem-rio-2024
5995,HLTV Team profile,2376496,https://www.hltv.org/matches/2376496/g2-vs-eternal-fire-iem-rio-2024
4494,HLTV Team profile,2376497,https://www.hltv.org/matches/2376497/mouz-vs-complexity-iem-rio-2024
6667,HLTV Team profile,2376498,https://www.hltv.org/matches/2376498/faze-vs-liquid-iem-rio-2024
6665,HLTV Team profile,2376499,https://www.hltv.org/matches/2376499/virtuspro-vs-astralis-iem-rio-2024
6248,HLTV Team profile,2376500,https://www.hltv.org/matches/2376500/the-mongolz-vs-eternal-fire-iem-rio-2024
4494,HLTV Team profile,2376501,https://www.hltv.org/matches/2376501/faze-vs-mouz-iem-rio-2024
9565,HLTV Team profile,2376502,https://www.hltv.org/matches/2376502/vitality-vs-heroic-iem-rio-2024
8297,HLTV Team profile,2376503,https://www.hltv.org/matches/2376503/furia-vs-natus-vincere-iem-rio-2024
6248,HLTV Team profile,2376504,https://www.hltv.org/matches/2376504/virtuspro-vs-the-mongolz-iem-rio-2024
4608,HLTV Team profile,2376505,https://www.hltv.org/matches/2376505/virtuspro-vs-natus-vincere-iem-rio-2024
9565,HLTV Team profile,2376506,https://www.hltv.org/matches/2376506/vitality-vs-mouz-iem-rio-2024
4608,HLTV Team profile,2376507,https://www.hltv.org/matches/2376507/heroic-vs-natus-vincere-iem-rio-2024
8297,HLTV Team profile,2376508,https://www.hltv.org/matches/2376508/furia-vs-mouz-iem-rio-2024
4608,HLTV Team profile,2376509,https://www.hltv.org/matches/2376509/natus-vincere-vs-mouz-iem-rio-2024
9565,HLTV Team profile,2376552,https://www.hltv.org/matches/2376552/natus-vincere-vs-vitality-showmatch-cs
11581,HLTV Team profile,2376557,https://www.hltv.org/matches/2376557/hotu-vs-500-yalla-compass-fall-2024-contenders
11581,HLTV Team profile,2376561,https://www.hltv.org/matches/2376561/cybershoke-vs-hotu-cct-season-2-europe-series-14
11861,HLTV Team profile,2376570,https://www.hltv.org/matches/2376570/aurora-vs-zero-tenacity-cct-season-2-europe-series-14
4914,HLTV Team profile,2376573,https://www.hltv.org/matches/2376573/3dmax-vs-cybershoke-cct-season-2-europe-series-14
12426,HLTV Team profile,2376574,https://www.hltv.org/matches/2376574/cloud9-vs-passion-ua-cct-season-2-europe-series-14
12394,HLTV Team profile,2376575,https://www.hltv.org/matches/2376575/betboom-vs-favbet-cct-season-2-europe-series-14
9928,HLTV Team profile,2376576,https://www.hltv.org/matches/2376576/gamerlegion-vs-gun5-cct-season-2-europe-series-14
12426,HLTV Team profile,2376578,https://www.hltv.org/matches/2376578/favbet-vs-passion-ua-cct-season-2-europe-series-14
11861,HLTV Team profile,2376579,https://www.hltv.org/matches/2376579/metizport-vs-aurora-cct-season-2-europe-series-14
4914,HLTV Team profile,2376580,https://www.hltv.org/matches/2376580/3dmax-vs-spirit-academy-cct-season-2-europe-series-14
11861,HLTV Team profile,2376583,https://www.hltv.org/matches/2376583/favbet-vs-aurora-cct-season-2-europe-series-14
12774,HLTV Team profile,2376601,https://www.hltv.org/matches/2376601/flyquest-vs-mindfreak-esl-challenger-league-season-48-oceania
12774,HLTV Team profile,2376606,https://www.hltv.org/matches/2376606/mindfreak-vs-flyquest-esl-challenger-league-season-48-oceania
12376,HLTV Team profile,2376634,https://www.hltv.org/matches/2376634/m80-vs-wildcard-esl-challenger-league-season-48-north-america
12376,HLTV Team profile,2376635,https://www.hltv.org/matches/2376635/wildcard-vs-m80-esl-challenger-league-season-48-north-america
6673,HLTV Team profile,2376636,https://www.hltv.org/matches/2376636/nouns-vs-nrg-esl-challenger-league-season-48-north-america
12468,HLTV Team profile,2376641,https://www.hltv.org/matches/2376641/m80-vs-legacy-esl-challenger-league-season-48-north-america
6673,HLTV Team profile,2376642,https://www.hltv.org/matches/2376642/nrg-vs-nouns-esl-challenger-league-season-48-north-america
12468,HLTV Team profile,2376647,https://www.hltv.org/matches/2376647/legacy-vs-m80-esl-challenger-league-season-48-north-america
12468,HLTV Team profile,2376648,https://www.hltv.org/matches/2376648/legacy-vs-e-xolos-lazer-esl-challenger-league-season-48-north-america
12376,HLTV Team profile,2376654,https://www.hltv.org/matches/2376654/m80-vs-boss-esl-challenger-league-season-48-north-america
12468,HLTV Team profile,2376655,https://www.hltv.org/matches/2376655/e-xolos-lazer-vs-legacy-esl-challenger-league-season-48-north-america
12376,HLTV Team profile,2376661,https://www.hltv.org/matches/2376661/boss-vs-m80-esl-challenger-league-season-48-north-america
4773,HLTV Team profile,2376663,https://www.hltv.org/matches/2376663/pain-vs-imperial-esl-challenger-league-season-48-south-america
9215,HLTV Team profile,2376668,https://www.hltv.org/matches/2376668/kr-vs-mibr-esl-challenger-league-season-48-south-america
4773,HLTV Team profile,2376670,https://www.hltv.org/matches/2376670/imperial-vs-pain-esl-challenger-league-season-48-south-america
9215,HLTV Team profile,2376675,https://www.hltv.org/matches/2376675/mibr-vs-kr-esl-challenger-league-season-48-south-america
9215,HLTV Team profile,2376682,https://www.hltv.org/matches/2376682/mibr-vs-red-canids-esl-challenger-league-season-48-south-america
4773,HLTV Team profile,2376683,https://www.hltv.org/matches/2376683/insanity-vs-pain-esl-challenger-league-season-48-south-america
9215,HLTV Team profile,2376690,https://www.hltv.org/matches/2376690/red-canids-vs-mibr-esl-challenger-league-season-48-south-america
4773,HLTV Team profile,2376691,https://www.hltv.org/matches/2376691/pain-vs-insanity-esl-challenger-league-season-48-south-america
11581,HLTV Team profile,2376702,https://www.hltv.org/matches/2376702/gaimin-gladiators-vs-hotu-winline-insight-season-6
12426,HLTV Team profile,2376711,https://www.hltv.org/matches/2376711/passion-ua-vs-mission-possible-rtv-euro-agd-game-zone-masters-2024-closed-qualifier
12426,HLTV Team profile,2376717,https://www.hltv.org/matches/2376717/ex-enterprise-vs-passion-ua-rtv-euro-agd-game-zone-masters-2024-closed-qualifier
12426,HLTV Team profile,2376718,https://www.hltv.org/matches/2376718/mission-possible-vs-passion-ua-rtv-euro-agd-game-zone-masters-2024-closed-qualifier
12426,HLTV Team profile,2376720,https://www.hltv.org/matches/2376720/permitta-vs-passion-ua-rtv-euro-agd-game-zone-masters-2024
11581,HLTV Team profile,2376722,https://www.hltv.org/matches/2376722/tsm-vs-hotu-winline-insight-season-6
6248,HLTV Team profile,2376730,https://www.hltv.org/matches/2376730/the-mongolz-vs-jano-elisa-masters-espoo-2024
11241,HLTV Team profile,2376731,https://www.hltv.org/matches/2376731/ninjas-in-pyjamas-vs-b8-elisa-masters-espoo-2024
7175,HLTV Team profile,2376732,https://www.hltv.org/matches/2376732/heroic-vs-rebels-elisa-masters-espoo-2024
6248,HLTV Team profile,2376734,https://www.hltv.org/matches/2376734/the-mongolz-vs-b8-elisa-masters-espoo-2024
4411,HLTV Team profile,2376735,https://www.hltv.org/matches/2376735/jano-vs-ninjas-in-pyjamas-elisa-masters-espoo-2024
7175,HLTV Team profile,2376736,https://www.hltv.org/matches/2376736/heroic-vs-ence-elisa-masters-espoo-2024
11241,HLTV Team profile,2376738,https://www.hltv.org/matches/2376738/b8-vs-jano-elisa-masters-espoo-2024
6248,HLTV Team profile,2376740,https://www.hltv.org/matches/2376740/the-mongolz-vs-ence-elisa-masters-espoo-2024
11241,HLTV Team profile,2376741,https://www.hltv.org/matches/2376741/b8-vs-heroic-elisa-masters-espoo-2024
7175,HLTV Team profile,2376742,https://www.hltv.org/matches/2376742/ence-vs-heroic-elisa-masters-espoo-2024
4914,HLTV Team profile,2376744,https://www.hltv.org/matches/2376744/3dmax-vs-tsm-esl-challenger-league-season-48-europe
12467,HLTV Team profile,2376745,https://www.hltv.org/matches/2376745/aurora-vs-parivision-esl-challenger-league-season-48-europe
4914,HLTV Team profile,2376748,https://www.hltv.org/matches/2376748/nemiga-vs-3dmax-esl-challenger-league-season-48-europe
12467,HLTV Team profile,2376749,https://www.hltv.org/matches/2376749/sashi-vs-parivision-esl-challenger-league-season-48-europe
4914,HLTV Team profile,2376752,https://www.hltv.org/matches/2376752/3dmax-vs-sashi-esl-challenger-league-season-48-europe
4914,HLTV Team profile,2376754,https://www.hltv.org/matches/2376754/3dmax-vs-saw-esl-challenger-league-season-48-europe
4914,HLTV Team profile,2376755,https://www.hltv.org/matches/2376755/nemiga-vs-3dmax-esl-challenger-league-season-48-europe
6673,HLTV Team profile,2376772,https://www.hltv.org/matches/2376772/nrg-vs-party-astronauts-esl-challenger-league-season-48-north-america
12468,HLTV Team profile,2376775,https://www.hltv.org/matches/2376775/legacy-vs-nouns-esl-challenger-league-season-48-north-america
6673,HLTV Team profile,2376776,https://www.hltv.org/matches/2376776/m80-vs-nrg-esl-challenger-league-season-48-north-america
12468,HLTV Team profile,2376779,https://www.hltv.org/matches/2376779/legacy-vs-m80-esl-challenger-league-season-48-north-america
6673,HLTV Team profile,2376780,https://www.hltv.org/matches/2376780/nrg-vs-wildcard-esl-challenger-league-season-48-north-america
6673,HLTV Team profile,2376782,https://www.hltv.org/matches/2376782/nrg-vs-party-astronauts-esl-challenger-league-season-48-north-america
12468,HLTV Team profile,2376783,https://www.hltv.org/matches/2376783/legacy-vs-nrg-esl-challenger-league-season-48-north-america
6673,HLTV Team profile,2376784,https://www.hltv.org/matches/2376784/m80-vs-nrg-esl-challenger-league-season-48-north-america
4773,HLTV Team profile,2376789,https://www.hltv.org/matches/2376789/pain-vs-insanity-esl-challenger-league-season-48-south-america
9215,HLTV Team profile,2376790,https://www.hltv.org/matches/2376790/mibr-vs-red-canids-esl-challenger-league-season-48-south-america
4773,HLTV Team profile,2376793,https://www.hltv.org/matches/2376793/pain-vs-mibr-esl-challenger-league-season-48-south-america
9215,HLTV Team profile,2376797,https://www.hltv.org/matches/2376797/mibr-vs-bestia-esl-challenger-league-season-48-south-america
4773,HLTV Team profile,2376798,https://www.hltv.org/matches/2376798/pain-vs-mibr-esl-challenger-league-season-48-south-america
12774,HLTV Team profile,2376801,https://www.hltv.org/matches/2376801/flyquest-vs-mindfreak-esl-challenger-league-season-48-oceania
12774,HLTV Team profile,2376804,https://www.hltv.org/matches/2376804/flyquest-vs-mindfreak-esl-challenger-league-season-48-oceania
11861,HLTV Team profile,2376805,https://www.hltv.org/matches/2376805/fluxo-vs-aurora-res-regional-champions-2024
11861,HLTV Team profile,2376807,https://www.hltv.org/matches/2376807/aurora-vs-nemiga-res-regional-champions-2024
12467,HLTV Team profile,2376810,https://www.hltv.org/matches/2376810/solid-vs-parivision-res-regional-champions-2024
12467,HLTV Team profile,2376813,https://www.hltv.org/matches/2376813/parivision-vs-fnatic-res-regional-champions-2024
12467,HLTV Team profile,2376814,https://www.hltv.org/matches/2376814/unpaid-vs-parivision-res-regional-champions-2024
11581,HLTV Team profile,2376822,https://www.hltv.org/matches/2376822/alternate-attax-vs-hotu-yalla-compass-fall-2024-contenders
11241,HLTV Team profile,2376827,https://www.hltv.org/matches/2376827/eternal-fire-vs-b8-esl-challenger-katowice-2024
11283,HLTV Team profile,2376828,https://www.hltv.org/matches/2376828/falcons-vs-saw-esl-challenger-katowice-2024
11241,HLTV Team profile,2376829,https://www.hltv.org/matches/2376829/b8-vs-saw-esl-challenger-katowice-2024
11283,HLTV Team profile,2376830,https://www.hltv.org/matches/2376830/eternal-fire-vs-falcons-esl-challenger-katowice-2024
11241,HLTV Team profile,2376831,https://www.hltv.org/matches/2376831/b8-vs-eternal-fire-esl-challenger-katowice-2024
4773,HLTV Team profile,2376832,https://www.hltv.org/matches/2376832/monte-vs-pain-esl-challenger-katowice-2024
12468,HLTV Team profile,2376833,https://www.hltv.org/matches/2376833/mibr-vs-legacy-esl-challenger-katowice-2024
12468,HLTV Team profile,2376834,https://www.hltv.org/matches/2376834/pain-vs-legacy-esl-challenger-katowice-2024
9215,HLTV Team profile,2376835,https://www.hltv.org/matches/2376835/monte-vs-mibr-esl-challenger-katowice-2024
12468,HLTV Team profile,2376836,https://www.hltv.org/matches/2376836/legacy-vs-monte-esl-challenger-katowice-2024
11241,HLTV Team profile,2376838,https://www.hltv.org/matches/2376838/pain-vs-b8-esl-challenger-katowice-2024
11241,HLTV Team profile,2376839,https://www.hltv.org/matches/2376839/saw-vs-b8-esl-challenger-katowice-2024
11283,HLTV Team profile,2376844,https://www.hltv.org/matches/2376844/falcons-vs-3dmax-thunderpick-world-championship-2024
11283,HLTV Team profile,2376846,https://www.hltv.org/matches/2376846/falcons-vs-virtuspro-thunderpick-world-championship-2024
4914,HLTV Team profile,2376847,https://www.hltv.org/matches/2376847/3dmax-vs-og-thunderpick-world-championship-2024
6248,HLTV Team profile,2376849,https://www.hltv.org/matches/2376849/the-mongolz-vs-cloud9-thunderpick-world-championship-2024
6248,HLTV Team profile,2376852,https://www.hltv.org/matches/2376852/the-mongolz-vs-fnatic-thunderpick-world-championship-2024
12468,HLTV Team profile,2376854,https://www.hltv.org/matches/2376854/heroic-vs-legacy-thunderpick-world-championship-2024
4411,HLTV Team profile,2376855,https://www.hltv.org/matches/2376855/imperial-vs-ninjas-in-pyjamas-thunderpick-world-championship-2024
12468,HLTV Team profile,2376856,https://www.hltv.org/matches/2376856/legacy-vs-imperial-thunderpick-world-championship-2024
4411,HLTV Team profile,2376857,https://www.hltv.org/matches/2376857/heroic-vs-ninjas-in-pyjamas-thunderpick-world-championship-2024
4411,HLTV Team profile,2376858,https://www.hltv.org/matches/2376858/imperial-vs-ninjas-in-pyjamas-thunderpick-world-championship-2024
11861,HLTV Team profile,2376859,https://www.hltv.org/matches/2376859/big-vs-aurora-thunderpick-world-championship-2024
12376,HLTV Team profile,2376860,https://www.hltv.org/matches/2376860/m80-vs-bestia-thunderpick-world-championship-2024
11861,HLTV Team profile,2376861,https://www.hltv.org/matches/2376861/aurora-vs-m80-thunderpick-world-championship-2024
12376,HLTV Team profile,2376863,https://www.hltv.org/matches/2376863/m80-vs-bestia-thunderpick-world-championship-2024
7175,HLTV Team profile,2376865,https://www.hltv.org/matches/2376865/heroic-vs-fnatic-thunderpick-world-championship-2024
6248,HLTV Team profile,2376866,https://www.hltv.org/matches/2376866/the-mongolz-vs-imperial-thunderpick-world-championship-2024
4914,HLTV Team profile,2376867,https://www.hltv.org/matches/2376867/3dmax-vs-bestia-thunderpick-world-championship-2024
7175,HLTV Team profile,2376868,https://www.hltv.org/matches/2376868/heroic-vs-og-thunderpick-world-championship-2024-finals
6248,HLTV Team profile,2376869,https://www.hltv.org/matches/2376869/3dmax-vs-the-mongolz-thunderpick-world-championship-2024-finals
4914,HLTV Team profile,2376870,https://www.hltv.org/matches/2376870/og-vs-3dmax-thunderpick-world-championship-2024-finals
6248,HLTV Team profile,2376871,https://www.hltv.org/matches/2376871/heroic-vs-the-mongolz-thunderpick-world-championship-2024-finals
4608,HLTV Team profile,2376872,https://www.hltv.org/matches/2376872/natus-vincere-vs-astralis-blast-premier-world-final-2024
4494,HLTV Team profile,2376873,https://www.hltv.org/matches/2376873/mouz-vs-faze-blast-premier-world-final-2024
4608,HLTV Team profile,2376874,https://www.hltv.org/matches/2376874/natus-vincere-vs-faze-blast-premier-world-final-2024
4494,HLTV Team profile,2376875,https://www.hltv.org/matches/2376875/astralis-vs-mouz-blast-premier-world-final-2024
5995,HLTV Team profile,2376876,https://www.hltv.org/matches/2376876/g2-vs-liquid-blast-premier-world-final-2024
9565,HLTV Team profile,2376877,https://www.hltv.org/matches/2376877/vitality-vs-spirit-blast-premier-world-final-2024
9565,HLTV Team profile,2376878,https://www.hltv.org/matches/2376878/liquid-vs-vitality-blast-premier-world-final-2024
7020,HLTV Team profile,2376879,https://www.hltv.org/matches/2376879/g2-vs-spirit-blast-premier-world-final-2024
7020,HLTV Team profile,2376880,https://www.hltv.org/matches/2376880/faze-vs-spirit-blast-premier-world-final-2024
9565,HLTV Team profile,2376881,https://www.hltv.org/matches/2376881/mouz-vs-vitality-blast-premier-world-final-2024
7020,HLTV Team profile,2376882,https://www.hltv.org/matches/2376882/astralis-vs-spirit-blast-premier-world-final-2024
9565,HLTV Team profile,2376883,https://www.hltv.org/matches/2376883/g2-vs-vitality-blast-premier-world-final-2024
7020,HLTV Team profile,2376884,https://www.hltv.org/matches/2376884/g2-vs-spirit-blast-premier-world-final-2024
11581,HLTV Team profile,2376909,https://www.hltv.org/matches/2376909/9ine-vs-hotu-yalla-compass-fall-2024-contenders
11581,HLTV Team profile,2376917,https://www.hltv.org/matches/2376917/unity-vs-hotu-yalla-compass-fall-2024-contenders
11581,HLTV Team profile,2376923,https://www.hltv.org/matches/2376923/hotu-vs-9ine-winline-insight-season-6
6248,HLTV Team profile,2376926,https://www.hltv.org/matches/2376926/the-mongolz-vs-alter-ego-perfect-world-shanghai-major-2024-asia-rmr
12774,HLTV Team profile,2376929,https://www.hltv.org/matches/2376929/flyquest-vs-talon-perfect-world-shanghai-major-2024-asia-rmr
8297,HLTV Team profile,2376930,https://www.hltv.org/matches/2376930/furia-vs-legacy-perfect-world-shanghai-major-2024-americas-rmr
5973,HLTV Team profile,2376931,https://www.hltv.org/matches/2376931/liquid-vs-wildcard-perfect-world-shanghai-major-2024-americas-rmr
4773,HLTV Team profile,2376933,https://www.hltv.org/matches/2376933/pain-vs-nouns-perfect-world-shanghai-major-2024-americas-rmr
12376,HLTV Team profile,2376935,https://www.hltv.org/matches/2376935/m80-vs-boss-perfect-world-shanghai-major-2024-americas-rmr
9215,HLTV Team profile,2376936,https://www.hltv.org/matches/2376936/mibr-vs-kr-perfect-world-shanghai-major-2024-americas-rmr
4608,HLTV Team profile,2376938,https://www.hltv.org/matches/2376938/natus-vincere-vs-fnatic-perfect-world-shanghai-major-2024-europe-rmr-a
9565,HLTV Team profile,2376939,https://www.hltv.org/matches/2376939/vitality-vs-gamerlegion-perfect-world-shanghai-major-2024-europe-rmr-a
4494,HLTV Team profile,2376940,https://www.hltv.org/matches/2376940/mouz-vs-nemiga-perfect-world-shanghai-major-2024-europe-rmr-a
6667,HLTV Team profile,2376941,https://www.hltv.org/matches/2376941/faze-vs-cloud9-perfect-world-shanghai-major-2024-europe-rmr-a
11283,HLTV Team profile,2376943,https://www.hltv.org/matches/2376943/falcons-vs-eclot-perfect-world-shanghai-major-2024-europe-rmr-a
12394,HLTV Team profile,2376945,https://www.hltv.org/matches/2376945/betboom-vs-unity-perfect-world-shanghai-major-2024-europe-rmr-a
5995,HLTV Team profile,2376946,https://www.hltv.org/matches/2376946/g2-vs-ninjas-in-pyjamas-perfect-world-shanghai-major-2024-europe-rmr-b
7020,HLTV Team profile,2376947,https://www.hltv.org/matches/2376947/spirit-vs-b8-perfect-world-shanghai-major-2024-europe-rmr-b
11861,HLTV Team profile,2376948,https://www.hltv.org/matches/2376948/eternal-fire-vs-aurora-perfect-world-shanghai-major-2024-europe-rmr-b
12426,HLTV Team profile,2376949,https://www.hltv.org/matches/2376949/virtuspro-vs-passion-ua-perfect-world-shanghai-major-2024-europe-rmr-b
12467,HLTV Team profile,2376950,https://www.hltv.org/matches/2376950/heroic-vs-parivision-perfect-world-shanghai-major-2024-europe-rmr-b
6665,HLTV Team profile,2376951,https://www.hltv.org/matches/2376951/astralis-vs-9-pandas-perfect-world-shanghai-major-2024-europe-rmr-b
4914,HLTV Team profile,2376953,https://www.hltv.org/matches/2376953/3dmax-vs-tsm-perfect-world-shanghai-major-2024-europe-rmr-b
6248,HLTV Team profile,2376965,https://www.hltv.org/matches/2376965/the-mongolz-vs-drillas-perfect-world-shanghai-major-2024-asia-rmr
12774,HLTV Team profile,2376968,https://www.hltv.org/matches/2376968/gr-vs-flyquest-perfect-world-shanghai-major-2024-asia-rmr
12774,HLTV Team profile,2376970,https://www.hltv.org/matches/2376970/flyquest-vs-drillas-perfect-world-shanghai-major-2024-asia-rmr
12774,HLTV Team profile,2376971,https://www.hltv.org/matches/2376971/flyquest-vs-lynn-vision-perfect-world-shanghai-major-2024-asia-rmr
12468,HLTV Team profile,2376974,https://www.hltv.org/matches/2376974/legacy-vs-9z-perfect-world-shanghai-major-2024-americas-rmr
4773,HLTV Team profile,2376976,https://www.hltv.org/matches/2376976/wildcard-vs-pain-perfect-world-shanghai-major-2024-americas-rmr
8297,HLTV Team profile,2376977,https://www.hltv.org/matches/2376977/furia-vs-case-perfect-world-shanghai-major-2024-americas-rmr
12376,HLTV Team profile,2376979,https://www.hltv.org/matches/2376979/m80-vs-red-canids-perfect-world-shanghai-major-2024-americas-rmr
9215,HLTV Team profile,2376980,https://www.hltv.org/matches/2376980/imperial-vs-mibr-perfect-world-shanghai-major-2024-americas-rmr
5973,HLTV Team profile,2376981,https://www.hltv.org/matches/2376981/liquid-vs-kr-perfect-world-shanghai-major-2024-americas-rmr
8297,HLTV Team profile,2376982,https://www.hltv.org/matches/2376982/furia-vs-boss-perfect-world-shanghai-major-2024-americas-rmr
12468,HLTV Team profile,2376983,https://www.hltv.org/matches/2376983/legacy-vs-m80-perfect-world-shanghai-major-2024-americas-rmr
5973,HLTV Team profile,2376984,https://www.hltv.org/matches/2376984/liquid-vs-bestia-perfect-world-shanghai-major-2024-americas-rmr
4773,HLTV Team profile,2376985,https://www.hltv.org/matches/2376985/pain-vs-imperial-perfect-world-shanghai-major-2024-americas-rmr
9215,HLTV Team profile,2376988,https://www.hltv.org/matches/2376988/complexity-vs-mibr-perfect-world-shanghai-major-2024-americas-rmr
4773,HLTV Team profile,2376990,https://www.hltv.org/matches/2376990/9z-vs-pain-perfect-world-shanghai-major-2024-americas-rmr
12376,HLTV Team profile,2376992,https://www.hltv.org/matches/2376992/complexity-vs-m80-perfect-world-shanghai-major-2024-americas-rmr
8297,HLTV Team profile,2376994,https://www.hltv.org/matches/2376994/liquid-vs-furia-perfect-world-shanghai-major-2024-americas-rmr
12468,HLTV Team profile,2376995,https://www.hltv.org/matches/2376995/legacy-vs-red-canids-perfect-world-shanghai-major-2024-americas-rmr
12376,HLTV Team profile,2376996,https://www.hltv.org/matches/2376996/bestia-vs-m80-perfect-world-shanghai-major-2024-americas-rmr
8297,HLTV Team profile,2376998,https://www.hltv.org/matches/2376998/9z-vs-furia-perfect-world-shanghai-major-2024-americas-rmr
8297,HLTV Team profile,2376999,https://www.hltv.org/matches/2376999/m80-vs-furia-perfect-world-shanghai-major-2024-americas-rmr
4608,HLTV Team profile,2377000,https://www.hltv.org/matches/2377000/natus-vincere-vs-sinners-perfect-world-shanghai-major-2024-europe-rmr-a
9928,HLTV Team profile,2377001,https://www.hltv.org/matches/2377001/gamerlegion-vs-eclot-perfect-world-shanghai-major-2024-europe-rmr-a
9565,HLTV Team profile,2377002,https://www.hltv.org/matches/2377002/vitality-vs-betboom-perfect-world-shanghai-major-2024-europe-rmr-a
4494,HLTV Team profile,2377004,https://www.hltv.org/matches/2377004/mouz-vs-sangal-perfect-world-shanghai-major-2024-europe-rmr-a
11283,HLTV Team profile,2377006,https://www.hltv.org/matches/2377006/faze-vs-falcons-perfect-world-shanghai-major-2024-europe-rmr-a
11283,HLTV Team profile,2377010,https://www.hltv.org/matches/2377010/falcons-vs-saw-perfect-world-shanghai-major-2024-europe-rmr-a
12394,HLTV Team profile,2377011,https://www.hltv.org/matches/2377011/fnatic-vs-betboom-perfect-world-shanghai-major-2024-europe-rmr-a
4608,HLTV Team profile,2377012,https://www.hltv.org/matches/2377012/natus-vincere-vs-mouz-perfect-world-shanghai-major-2024-europe-rmr-a
9565,HLTV Team profile,2377014,https://www.hltv.org/matches/2377014/faze-vs-vitality-perfect-world-shanghai-major-2024-europe-rmr-a
9928,HLTV Team profile,2377015,https://www.hltv.org/matches/2377015/gamerlegion-vs-unity-perfect-world-shanghai-major-2024-europe-rmr-a
4608,HLTV Team profile,2377018,https://www.hltv.org/matches/2377018/natus-vincere-vs-saw-perfect-world-shanghai-major-2024-europe-rmr-a
12394,HLTV Team profile,2377019,https://www.hltv.org/matches/2377019/betboom-vs-nemiga-perfect-world-shanghai-major-2024-europe-rmr-a
6667,HLTV Team profile,2377020,https://www.hltv.org/matches/2377020/faze-vs-fnatic-perfect-world-shanghai-major-2024-europe-rmr-a
11283,HLTV Team profile,2377021,https://www.hltv.org/matches/2377021/falcons-vs-gamerlegion-perfect-world-shanghai-major-2024-europe-rmr-a
12394,HLTV Team profile,2377022,https://www.hltv.org/matches/2377022/saw-vs-betboom-perfect-world-shanghai-major-2024-europe-rmr-a
9928,HLTV Team profile,2377024,https://www.hltv.org/matches/2377024/sinners-vs-gamerlegion-perfect-world-shanghai-major-2024-europe-rmr-a
6667,HLTV Team profile,2377025,https://www.hltv.org/matches/2377025/faze-vs-cloud9-perfect-world-shanghai-major-2024-europe-rmr-a
9928,HLTV Team profile,2377026,https://www.hltv.org/matches/2377026/betboom-vs-gamerlegion-perfect-world-shanghai-major-2024-europe-rmr-a
7020,HLTV Team profile,2377027,https://www.hltv.org/matches/2377027/spirit-vs-passion-ua-perfect-world-shanghai-major-2024-europe-rmr-b
12467,HLTV Team profile,2377028,https://www.hltv.org/matches/2377028/ninjas-in-pyjamas-vs-parivision-perfect-world-shanghai-major-2024-europe-rmr-b
5995,HLTV Team profile,2377029,https://www.hltv.org/matches/2377029/g2-vs-9-pandas-perfect-world-shanghai-major-2024-europe-rmr-b
11861,HLTV Team profile,2377030,https://www.hltv.org/matches/2377030/b8-vs-aurora-perfect-world-shanghai-major-2024-europe-rmr-b
4914,HLTV Team profile,2377031,https://www.hltv.org/matches/2377031/eternal-fire-vs-3dmax-perfect-world-shanghai-major-2024-europe-rmr-b
6665,HLTV Team profile,2377032,https://www.hltv.org/matches/2377032/astralis-vs-sashi-perfect-world-shanghai-major-2024-europe-rmr-b
7175,HLTV Team profile,2377033,https://www.hltv.org/matches/2377033/heroic-vs-big-perfect-world-shanghai-major-2024-europe-rmr-b
7020,HLTV Team profile,2377035,https://www.hltv.org/matches/2377035/spirit-vs-aurora-perfect-world-shanghai-major-2024-europe-rmr-b
4411,HLTV Team profile,2377037,https://www.hltv.org/matches/2377037/heroic-vs-ninjas-in-pyjamas-perfect-world-shanghai-major-2024-europe-rmr-b
12426,HLTV Team profile,2377039,https://www.hltv.org/matches/2377039/passion-ua-vs-big-perfect-world-shanghai-major-2024-europe-rmr-b
12467,HLTV Team profile,2377040,https://www.hltv.org/matches/2377040/tsm-vs-parivision-perfect-world-shanghai-major-2024-europe-rmr-b
5995,HLTV Team profile,2377041,https://www.hltv.org/matches/2377041/g2-vs-3dmax-perfect-world-shanghai-major-2024-europe-rmr-b
11241,HLTV Team profile,2377042,https://www.hltv.org/matches/2377042/astralis-vs-b8-perfect-world-shanghai-major-2024-europe-rmr-b
11861,HLTV Team profile,2377044,https://www.hltv.org/matches/2377044/9-pandas-vs-aurora-perfect-world-shanghai-major-2024-europe-rmr-b
7175,HLTV Team profile,2377045,https://www.hltv.org/matches/2377045/passion-ua-vs-heroic-perfect-world-shanghai-major-2024-europe-rmr-b
4411,HLTV Team profile,2377046,https://www.hltv.org/matches/2377046/tsm-vs-ninjas-in-pyjamas-perfect-world-shanghai-major-2024-europe-rmr-b
7020,HLTV Team profile,2377047,https://www.hltv.org/matches/2377047/g2-vs-spirit-perfect-world-shanghai-major-2024-europe-rmr-b
6665,HLTV Team profile,2377048,https://www.hltv.org/matches/2377048/eternal-fire-vs-astralis-perfect-world-shanghai-major-2024-europe-rmr-b
4411,HLTV Team profile,2377049,https://www.hltv.org/matches/2377049/ninjas-in-pyjamas-vs-9-pandas-perfect-world-shanghai-major-2024-europe-rmr-b
6665,HLTV Team profile,2377050,https://www.hltv.org/matches/2377050/astralis-vs-passion-ua-perfect-world-shanghai-major-2024-europe-rmr-b
7020,HLTV Team profile,2377051,https://www.hltv.org/matches/2377051/spirit-vs-sashi-perfect-world-shanghai-major-2024-europe-rmr-b
7020,HLTV Team profile,2377053,https://www.hltv.org/matches/2377053/ninjas-in-pyjamas-vs-spirit-perfect-world-shanghai-major-2024-europe-rmr-b
11581,HLTV Team profile,2377089,https://www.hltv.org/matches/2377089/sinners-vs-hotu-yalla-compass-fall-2024
4411,HLTV Team profile,2377103,https://www.hltv.org/matches/2377103/ninjas-in-pyjamas-vs-alliance-svenska-cupen-2024
4411,HLTV Team profile,2377105,https://www.hltv.org/matches/2377105/ninjas-in-pyjamas-vs-metizport-svenska-cupen-2024
12426,HLTV Team profile,2377106,https://www.hltv.org/matches/2377106/passion-ua-vs-9ine-european-pro-league-season-20
11861,HLTV Team profile,2377133,https://www.hltv.org/matches/2377133/aurora-vs-9ine-hellcase-cup-11
12426,HLTV Team profile,2377136,https://www.hltv.org/matches/2377136/passion-ua-vs-500-hellcase-cup-11
12467,HLTV Team profile,2377138,https://www.hltv.org/matches/2377138/parivision-vs-sinners-hellcase-cup-11
12394,HLTV Team profile,2377139,https://www.hltv.org/matches/2377139/betboom-vs-og-hellcase-cup-11
12467,HLTV Team profile,2377140,https://www.hltv.org/matches/2377140/nemiga-vs-parivision-hellcase-cup-11
11861,HLTV Team profile,2377142,https://www.hltv.org/matches/2377142/aurora-vs-9-pandas-hellcase-cup-11
11861,HLTV Team profile,2377145,https://www.hltv.org/matches/2377145/aurora-vs-navi-junior-hellcase-cup-11
12426,HLTV Team profile,2377188,https://www.hltv.org/matches/2377188/passion-ua-vs-permitta-european-pro-league-season-20
11581,HLTV Team profile,2377217,https://www.hltv.org/matches/2377217/hotu-vs-aurora-young-blud-winline-insight-season-6
11581,HLTV Team profile,2377230,https://www.hltv.org/matches/2377230/gaimin-gladiators-vs-hotu-yalla-compass-fall-2024
11581,HLTV Team profile,2377297,https://www.hltv.org/matches/2377297/johnny-speeds-vs-hotu-yalla-compass-fall-2024
11581,HLTV Team profile,2377339,https://www.hltv.org/matches/2377339/zero-tenacity-vs-hotu-yalla-compass-fall-2024
12394,HLTV Team profile,2377353,https://www.hltv.org/matches/2377353/betboom-vs-eclot-yalla-compass-fall-2024
4411,HLTV Team profile,2377354,https://www.hltv.org/matches/2377354/ninjas-in-pyjamas-vs-zero-tenacity-yalla-compass-fall-2024
4411,HLTV Team profile,2377356,https://www.hltv.org/matches/2377356/betboom-vs-ninjas-in-pyjamas-yalla-compass-fall-2024
12394,HLTV Team profile,2377357,https://www.hltv.org/matches/2377357/500-vs-betboom-yalla-compass-fall-2024
12878,HLTV Team profile,2377378,https://www.hltv.org/matches/2377378/aurora-young-blud-vs-bcgame-cct-season-2-europe-series-15-closed-qualifier
12878,HLTV Team profile,2377380,https://www.hltv.org/matches/2377380/bcgame-vs-ww-cct-season-2-europe-series-15-closed-qualifier
12878,HLTV Team profile,2377382,https://www.hltv.org/matches/2377382/bcgame-vs-fluffy-gangsters-cct-season-2-europe-series-15-closed-qualifier
11581,HLTV Team profile,2377383,https://www.hltv.org/matches/2377383/hotu-vs-wopa-cct-season-2-europe-series-15-closed-qualifier
11581,HLTV Team profile,2377385,https://www.hltv.org/matches/2377385/hotu-vs-daystar-cct-season-2-europe-series-15-closed-qualifier
11581,HLTV Team profile,2377387,https://www.hltv.org/matches/2377387/wopa-vs-hotu-cct-season-2-europe-series-15-closed-qualifier
11581,HLTV Team profile,2377393,https://www.hltv.org/matches/2377393/aurora-young-blud-vs-hotu-cct-season-2-europe-series-15-closed-qualifier
6673,HLTV Team profile,2377597,https://www.hltv.org/matches/2377597/nrg-vs-revenge-nation-prizepicks-na-revival-series-4
6673,HLTV Team profile,2377599,https://www.hltv.org/matches/2377599/nrg-vs-timbermen-prizepicks-na-revival-series-4
6673,HLTV Team profile,2377600,https://www.hltv.org/matches/2377600/nrg-vs-nouns-prizepicks-na-revival-series-4
12878,HLTV Team profile,2377613,https://www.hltv.org/matches/2377613/bcgame-vs-genone-european-pro-league-2nd-division-season-17
12878,HLTV Team profile,2377617,https://www.hltv.org/matches/2377617/lg-vs-bcgame-european-pro-league-2nd-division-season-17
12878,HLTV Team profile,2377621,https://www.hltv.org/matches/2377621/bcgame-vs-aurora-young-blud-european-pro-league-2nd-division-season-17
12878,HLTV Team profile,2377623,https://www.hltv.org/matches/2377623/bcgame-vs-gaimin-gladiators-european-pro-league-2nd-division-season-17
8297,HLTV Team profile,2377663,https://www.hltv.org/matches/2377663/furia-vs-gamerlegion-perfect-world-shanghai-major-2024-opening-stage
9215,HLTV Team profile,2377664,https://www.hltv.org/matches/2377664/virtuspro-vs-mibr-perfect-world-shanghai-major-2024-opening-stage
5973,HLTV Team profile,2377665,https://www.hltv.org/matches/2377665/liquid-vs-cloud9-perfect-world-shanghai-major-2024-opening-stage
12774,HLTV Team profile,2377666,https://www.hltv.org/matches/2377666/complexity-vs-flyquest-perfect-world-shanghai-major-2024-opening-stage
12426,HLTV Team profile,2377667,https://www.hltv.org/matches/2377667/big-vs-passion-ua-perfect-world-shanghai-major-2024-opening-stage
6248,HLTV Team profile,2377669,https://www.hltv.org/matches/2377669/the-mongolz-vs-rare-atom-perfect-world-shanghai-major-2024-opening-stage
4773,HLTV Team profile,2377670,https://www.hltv.org/matches/2377670/pain-vs-imperial-perfect-world-shanghai-major-2024-opening-stage
12774,HLTV Team profile,2377672,https://www.hltv.org/matches/2377672/big-vs-flyquest-perfect-world-shanghai-major-2024-opening-stage
12426,HLTV Team profile,2377673,https://www.hltv.org/matches/2377673/complexity-vs-passion-ua-perfect-world-shanghai-major-2024-opening-stage
6248,HLTV Team profile,2377674,https://www.hltv.org/matches/2377674/the-mongolz-vs-mibr-perfect-world-shanghai-major-2024-opening-stage
5973,HLTV Team profile,2377675,https://www.hltv.org/matches/2377675/liquid-vs-wildcard-perfect-world-shanghai-major-2024-opening-stage
9928,HLTV Team profile,2377677,https://www.hltv.org/matches/2377677/pain-vs-gamerlegion-perfect-world-shanghai-major-2024-opening-stage
8297,HLTV Team profile,2377678,https://www.hltv.org/matches/2377678/imperial-vs-furia-perfect-world-shanghai-major-2024-opening-stage
9215,HLTV Team profile,2377680,https://www.hltv.org/matches/2377680/mibr-vs-passion-ua-perfect-world-shanghai-major-2024-opening-stage
8297,HLTV Team profile,2377681,https://www.hltv.org/matches/2377681/furia-vs-wildcard-perfect-world-shanghai-major-2024-opening-stage
4773,HLTV Team profile,2377682,https://www.hltv.org/matches/2377682/pain-vs-cloud9-perfect-world-shanghai-major-2024-opening-stage
5973,HLTV Team profile,2377684,https://www.hltv.org/matches/2377684/liquid-vs-flyquest-perfect-world-shanghai-major-2024-opening-stage
6248,HLTV Team profile,2377685,https://www.hltv.org/matches/2377685/the-mongolz-vs-gamerlegion-perfect-world-shanghai-major-2024-opening-stage
9215,HLTV Team profile,2377687,https://www.hltv.org/matches/2377687/rare-atom-vs-mibr-perfect-world-shanghai-major-2024-opening-stage
8297,HLTV Team profile,2377688,https://www.hltv.org/matches/2377688/big-vs-furia-perfect-world-shanghai-major-2024-opening-stage
4773,HLTV Team profile,2377689,https://www.hltv.org/matches/2377689/flyquest-vs-pain-perfect-world-shanghai-major-2024-opening-stage
9928,HLTV Team profile,2377691,https://www.hltv.org/matches/2377691/gamerlegion-vs-passion-ua-perfect-world-shanghai-major-2024-opening-stage
9215,HLTV Team profile,2377694,https://www.hltv.org/matches/2377694/mibr-vs-flyquest-perfect-world-shanghai-major-2024-opening-stage
12426,HLTV Team profile,2377695,https://www.hltv.org/matches/2377695/wildcard-vs-passion-ua-perfect-world-shanghai-major-2024-opening-stage
6248,HLTV Team profile,2377696,https://www.hltv.org/matches/2377696/g2-vs-the-mongolz-perfect-world-shanghai-major-2024
4608,HLTV Team profile,2377697,https://www.hltv.org/matches/2377697/natus-vincere-vs-liquid-perfect-world-shanghai-major-2024
9565,HLTV Team profile,2377698,https://www.hltv.org/matches/2377698/vitality-vs-gamerlegion-perfect-world-shanghai-major-2024
8297,HLTV Team profile,2377699,https://www.hltv.org/matches/2377699/spirit-vs-furia-perfect-world-shanghai-major-2024
4494,HLTV Team profile,2377700,https://www.hltv.org/matches/2377700/mouz-vs-pain-perfect-world-shanghai-major-2024
6667,HLTV Team profile,2377701,https://www.hltv.org/matches/2377701/faze-vs-wildcard-perfect-world-shanghai-major-2024
7175,HLTV Team profile,2377702,https://www.hltv.org/matches/2377702/heroic-vs-big-perfect-world-shanghai-major-2024
4914,HLTV Team profile,2377703,https://www.hltv.org/matches/2377703/3dmax-vs-mibr-perfect-world-shanghai-major-2024
5973,HLTV Team profile,2377704,https://www.hltv.org/matches/2377704/liquid-vs-gamerlegion-perfect-world-shanghai-major-2024
9565,HLTV Team profile,2377705,https://www.hltv.org/matches/2377705/vitality-vs-furia-perfect-world-shanghai-major-2024
7020,HLTV Team profile,2377706,https://www.hltv.org/matches/2377706/spirit-vs-wildcard-perfect-world-shanghai-major-2024
4494,HLTV Team profile,2377707,https://www.hltv.org/matches/2377707/mouz-vs-the-mongolz-perfect-world-shanghai-major-2024
4608,HLTV Team profile,2377708,https://www.hltv.org/matches/2377708/natus-vincere-vs-mibr-perfect-world-shanghai-major-2024
5995,HLTV Team profile,2377709,https://www.hltv.org/matches/2377709/g2-vs-big-perfect-world-shanghai-major-2024
6667,HLTV Team profile,2377710,https://www.hltv.org/matches/2377710/faze-vs-heroic-perfect-world-shanghai-major-2024
4914,HLTV Team profile,2377711,https://www.hltv.org/matches/2377711/3dmax-vs-pain-perfect-world-shanghai-major-2024
4608,HLTV Team profile,2377712,https://www.hltv.org/matches/2377712/natus-vincere-vs-spirit-perfect-world-shanghai-major-2024
8297,HLTV Team profile,2377713,https://www.hltv.org/matches/2377713/furia-vs-liquid-perfect-world-shanghai-major-2024
5995,HLTV Team profile,2377714,https://www.hltv.org/matches/2377714/g2-vs-3dmax-perfect-world-shanghai-major-2024
4494,HLTV Team profile,2377715,https://www.hltv.org/matches/2377715/mouz-vs-faze-perfect-world-shanghai-major-2024
9928,HLTV Team profile,2377716,https://www.hltv.org/matches/2377716/gamerlegion-vs-wildcard-perfect-world-shanghai-major-2024
9565,HLTV Team profile,2377717,https://www.hltv.org/matches/2377717/vitality-vs-mibr-perfect-world-shanghai-major-2024
6248,HLTV Team profile,2377718,https://www.hltv.org/matches/2377718/the-mongolz-vs-heroic-perfect-world-shanghai-major-2024
4773,HLTV Team profile,2377719,https://www.hltv.org/matches/2377719/big-vs-pain-perfect-world-shanghai-major-2024
4494,HLTV Team profile,2377720,https://www.hltv.org/matches/2377720/mouz-vs-3dmax-perfect-world-shanghai-major-2024
6667,HLTV Team profile,2377721,https://www.hltv.org/matches/2377721/g2-vs-faze-perfect-world-shanghai-major-2024
5973,HLTV Team profile,2377722,https://www.hltv.org/matches/2377722/mibr-vs-liquid-perfect-world-shanghai-major-2024
4608,HLTV Team profile,2377723,https://www.hltv.org/matches/2377723/natus-vincere-vs-gamerlegion-perfect-world-shanghai-major-2024
7020,HLTV Team profile,2377724,https://www.hltv.org/matches/2377724/spirit-vs-heroic-perfect-world-shanghai-major-2024
8297,HLTV Team profile,2377725,https://www.hltv.org/matches/2377725/furia-vs-pain-perfect-world-shanghai-major-2024
4494,HLTV Team profile,2377726,https://www.hltv.org/matches/2377726/mibr-vs-mouz-perfect-world-shanghai-major-2024
4608,HLTV Team profile,2377727,https://www.hltv.org/matches/2377727/heroic-vs-natus-vincere-perfect-world-shanghai-major-2024
8297,HLTV Team profile,2377728,https://www.hltv.org/matches/2377728/faze-vs-furia-perfect-world-shanghai-major-2024
4494,HLTV Team profile,2377729,https://www.hltv.org/matches/2377729/the-mongolz-vs-mouz-perfect-world-shanghai-major-2024
7020,HLTV Team profile,2377730,https://www.hltv.org/matches/2377730/spirit-vs-liquid-perfect-world-shanghai-major-2024
5995,HLTV Team profile,2377731,https://www.hltv.org/matches/2377731/g2-vs-heroic-perfect-world-shanghai-major-2024
9565,HLTV Team profile,2377732,https://www.hltv.org/matches/2377732/vitality-vs-faze-perfect-world-shanghai-major-2024
7020,HLTV Team profile,2377733,https://www.hltv.org/matches/2377733/mouz-vs-spirit-perfect-world-shanghai-major-2024
6667,HLTV Team profile,2377734,https://www.hltv.org/matches/2377734/g2-vs-faze-perfect-world-shanghai-major-2024
7020,HLTV Team profile,2377735,https://www.hltv.org/matches/2377735/spirit-vs-faze-perfect-world-shanghai-major-2024
12878,HLTV Team profile,2377737,https://www.hltv.org/matches/2377737/bcgame-vs-viperio-esea-advanced-season-51-europe
12878,HLTV Team profile,2377745,https://www.hltv.org/matches/2377745/500-vs-bcgame-esea-advanced-season-51-europe
12878,HLTV Team profile,2377756,https://www.hltv.org/matches/2377756/kono-vs-bcgame-united21-league-season-23
12878,HLTV Team profile,2377760,https://www.hltv.org/matches/2377760/illuminar-vs-bcgame-united21-league-season-23
12878,HLTV Team profile,2377763,https://www.hltv.org/matches/2377763/genone-vs-bcgame-united21-league-season-23
12878,HLTV Team profile,2377765,https://www.hltv.org/matches/2377765/bcgame-vs-illuminar-united21-league-season-23
12878,HLTV Team profile,2377766,https://www.hltv.org/matches/2377766/genone-vs-bcgame-united21-league-season-23
12878,HLTV Team profile,2377774,https://www.hltv.org/matches/2377774/bcgame-vs-kono-esea-advanced-season-51-europe
12878,HLTV Team profile,2377784,https://www.hltv.org/matches/2377784/gun5-vs-bcgame-european-pro-league-season-21
12878,HLTV Team profile,2377808,https://www.hltv.org/matches/2377808/genone-vs-bcgame-european-pro-league-season-21
12878,HLTV Team profile,2377821,https://www.hltv.org/matches/2377821/fluffy-gangsters-vs-bcgame-esea-advanced-season-51-europe
12878,HLTV Team profile,2377822,https://www.hltv.org/matches/2377822/forze-reload-vs-bcgame-exort-series-5
11861,HLTV Team profile,2377860,https://www.hltv.org/matches/2377860/sashi-vs-aurora-500-casino-christmas-cup-2024
11861,HLTV Team profile,2377861,https://www.hltv.org/matches/2377861/monte-vs-aurora-500-casino-christmas-cup-2024
11861,HLTV Team profile,2377863,https://www.hltv.org/matches/2377863/aurora-vs-gun5-500-casino-christmas-cup-2024
11241,HLTV Team profile,2377896,https://www.hltv.org/matches/2377896/b8-vs-ecstatic-cct-season-2-europe-series-15
6673,HLTV Team profile,2377930,https://www.hltv.org/matches/2377930/nrg-vs-stand-on-business-fragadelphia-18
6673,HLTV Team profile,2377940,https://www.hltv.org/matches/2377940/nrg-vs-undone-fragadelphia-18
6673,HLTV Team profile,2377961,https://www.hltv.org/matches/2377961/boss-vs-nrg-fragadelphia-18
6673,HLTV Team profile,2377964,https://www.hltv.org/matches/2377964/sharks-vs-nrg-fragadelphia-18
6673,HLTV Team profile,2377969,https://www.hltv.org/matches/2377969/nrg-vs-sharks-fragadelphia-18
6673,HLTV Team profile,2378010,https://www.hltv.org/matches/2378010/nrg-vs-make-your-mind-prizepicks-na-revival-series-5
6673,HLTV Team profile,2378013,https://www.hltv.org/matches/2378013/party-astronauts-vs-nrg-prizepicks-na-revival-series-5
6673,HLTV Team profile,2378015,https://www.hltv.org/matches/2378015/nrg-vs-timbermen-prizepicks-na-revival-series-5
12878,HLTV Team profile,2378100,https://www.hltv.org/matches/2378100/amkal-vs-bcgame-exort-series-6
12468,HLTV Team profile,2378182,https://www.hltv.org/matches/2378182/shinden-vs-legacy-frost-and-fire-south-america-season-1
12468,HLTV Team profile,2378184,https://www.hltv.org/matches/2378184/dusty-roots-vs-legacy-frost-and-fire-south-america-season-1
12468,HLTV Team profile,2378185,https://www.hltv.org/matches/2378185/bestia-vs-legacy-frost-and-fire-south-america-season-1
12878,HLTV Team profile,2378189,https://www.hltv.org/matches/2378189/og-vs-bcgame-yalla-compass-winter-2025-contenders
12376,HLTV Team profile,2378194,https://www.hltv.org/matches/2378194/m80-vs-nexus-ice-invitational-2025
12376,HLTV Team profile,2378196,https://www.hltv.org/matches/2378196/m80-vs-500-ice-invitational-2025
12376,HLTV Team profile,2378198,https://www.hltv.org/matches/2378198/m80-vs-sashi-ice-invitational-2025
12376,HLTV Team profile,2378199,https://www.hltv.org/matches/2378199/500-vs-m80-ice-invitational-2025
9215,HLTV Team profile,2378204,https://www.hltv.org/matches/2378204/flyquest-vs-mibr-blast-bounty-2025-season-1
4914,HLTV Team profile,2378205,https://www.hltv.org/matches/2378205/3dmax-vs-heroic-blast-bounty-2025-season-1
5973,HLTV Team profile,2378206,https://www.hltv.org/matches/2378206/liquid-vs-9-pandas-blast-bounty-2025-season-1
7020,HLTV Team profile,2378207,https://www.hltv.org/matches/2378207/spirit-vs-fnatic-blast-bounty-2025-season-1
6665,HLTV Team profile,2378208,https://www.hltv.org/matches/2378208/astralis-vs-wildcard-blast-bounty-2025-season-1
11283,HLTV Team profile,2378210,https://www.hltv.org/matches/2378210/falcons-vs-ence-blast-bounty-2025-season-1
9565,HLTV Team profile,2378211,https://www.hltv.org/matches/2378211/vitality-vs-metizport-blast-bounty-2025-season-1
6667,HLTV Team profile,2378214,https://www.hltv.org/matches/2378214/faze-vs-m80-blast-bounty-2025-season-1
4608,HLTV Team profile,2378215,https://www.hltv.org/matches/2378215/natus-vincere-vs-imperial-valkyries-blast-bounty-2025-season-1
9928,HLTV Team profile,2378216,https://www.hltv.org/matches/2378216/pain-vs-gamerlegion-blast-bounty-2025-season-1
8297,HLTV Team profile,2378217,https://www.hltv.org/matches/2378217/furia-vs-nemiga-blast-bounty-2025-season-1
4494,HLTV Team profile,2378218,https://www.hltv.org/matches/2378218/mouz-vs-betboom-blast-bounty-2025-season-1
5995,HLTV Team profile,2378219,https://www.hltv.org/matches/2378219/g2-vs-b8-blast-bounty-2025-season-1
8297,HLTV Team profile,2378223,https://www.hltv.org/matches/2378223/furia-vs-betboom-blast-bounty-2025-season-1
11283,HLTV Team profile,2378224,https://www.hltv.org/matches/2378224/eternal-fire-vs-falcons-blast-bounty-2025-season-1
5995,HLTV Team profile,2378225,https://www.hltv.org/matches/2378225/big-vs-g2-blast-bounty-2025-season-1
5973,HLTV Team profile,2378226,https://www.hltv.org/matches/2378226/heroic-vs-liquid-blast-bounty-2025-season-1
6667,HLTV Team profile,2378227,https://www.hltv.org/matches/2378227/pain-vs-faze-blast-bounty-2025-season-1
9565,HLTV Team profile,2378228,https://www.hltv.org/matches/2378228/virtuspro-vs-vitality-blast-bounty-2025-season-1
4608,HLTV Team profile,2378229,https://www.hltv.org/matches/2378229/astralis-vs-natus-vincere-blast-bounty-2025-season-1
7020,HLTV Team profile,2378230,https://www.hltv.org/matches/2378230/flyquest-vs-spirit-blast-bounty-2025-season-1
12878,HLTV Team profile,2378335,https://www.hltv.org/matches/2378335/genone-vs-bcgame-european-pro-league-2nd-division-season-19
12878,HLTV Team profile,2378340,https://www.hltv.org/matches/2378340/wopa-vs-bcgame-european-pro-league-2nd-division-season-19
12878,HLTV Team profile,2378343,https://www.hltv.org/matches/2378343/bcgame-vs-heimo-european-pro-league-2nd-division-season-19
12878,HLTV Team profile,2378344,https://www.hltv.org/matches/2378344/genone-vs-bcgame-european-pro-league-2nd-division-season-19
12878,HLTV Team profile,2378346,https://www.hltv.org/matches/2378346/wopa-vs-bcgame-european-pro-league-2nd-division-season-19
12878,HLTV Team profile,2378347,https://www.hltv.org/matches/2378347/chimera-vs-bcgame-european-pro-league-2nd-division-season-19
12878,HLTV Team profile,2378361,https://www.hltv.org/matches/2378361/bcgame-vs-anonymo-cct-season-2-europe-series-16-closed-qualifier
4411,HLTV Team profile,2378362,https://www.hltv.org/matches/2378362/amkal-vs-ninjas-in-pyjamas-cct-season-2-europe-series-16-closed-qualifier
12878,HLTV Team profile,2378401,https://www.hltv.org/matches/2378401/eyeballers-vs-bcgame-cct-season-2-europe-series-16-closed-qualifier
4411,HLTV Team profile,2378404,https://www.hltv.org/matches/2378404/ninjas-in-pyjamas-vs-endpoint-cct-season-2-europe-series-16-closed-qualifier
12878,HLTV Team profile,2378407,https://www.hltv.org/matches/2378407/cybershoke-vs-bcgame-cct-season-2-europe-series-16-closed-qualifier
4411,HLTV Team profile,2378410,https://www.hltv.org/matches/2378410/ninjas-in-pyjamas-vs-cybershoke-cct-season-2-europe-series-16-closed-qualifier
5973,HLTV Team profile,2378415,https://www.hltv.org/matches/2378415/liquid-vs-heroic-iem-katowice-2025-play-in
4914,HLTV Team profile,2378417,https://www.hltv.org/matches/2378417/3dmax-vs-flyquest-iem-katowice-2025-play-in
6665,HLTV Team profile,2378418,https://www.hltv.org/matches/2378418/astralis-vs-mibr-iem-katowice-2025-play-in
4773,HLTV Team profile,2378419,https://www.hltv.org/matches/2378419/pain-vs-virtuspro-iem-katowice-2025-play-in
9928,HLTV Team profile,2378420,https://www.hltv.org/matches/2378420/saw-vs-gamerlegion-iem-katowice-2025-play-in
8297,HLTV Team profile,2378422,https://www.hltv.org/matches/2378422/imperial-valkyries-vs-furia-iem-katowice-2025-play-in
5995,HLTV Team profile,2378454,https://www.hltv.org/matches/2378454/g2-vs-betboom-blast-bounty-2025-season-1-finals
4608,HLTV Team profile,2378455,https://www.hltv.org/matches/2378455/natus-vincere-vs-pain-blast-bounty-2025-season-1-finals
9565,HLTV Team profile,2378456,https://www.hltv.org/matches/2378456/vitality-vs-eternal-fire-blast-bounty-2025-season-1-finals
7020,HLTV Team profile,2378457,https://www.hltv.org/matches/2378457/spirit-vs-heroic-blast-bounty-2025-season-1-finals
5995,HLTV Team profile,2378458,https://www.hltv.org/matches/2378458/g2-vs-eternal-fire-blast-bounty-2025-season-1-finals
4608,HLTV Team profile,2378459,https://www.hltv.org/matches/2378459/natus-vincere-vs-spirit-blast-bounty-2025-season-1-finals
7020,HLTV Team profile,2378460,https://www.hltv.org/matches/2378460/eternal-fire-vs-spirit-blast-bounty-2025-season-1-finals
12878,HLTV Team profile,2378464,https://www.hltv.org/matches/2378464/bcgame-vs-jano-yalla-compass-winter-2025-contenders
12467,HLTV Team profile,2378474,https://www.hltv.org/matches/2378474/monte-vs-parivision-cct-season-2-europe-series-16
11861,HLTV Team profile,2378476,https://www.hltv.org/matches/2378476/aurora-vs-rebels-cct-season-2-europe-series-16
12467,HLTV Team profile,2378484,https://www.hltv.org/matches/2378484/parivision-vs-sinners-esl-challenger-league-season-49-europe
6673,HLTV Team profile,2378562,https://www.hltv.org/matches/2378562/nrg-vs-alter-iron-esl-challenger-league-season-49-north-america
6673,HLTV Team profile,2378567,https://www.hltv.org/matches/2378567/alter-iron-vs-nrg-esl-challenger-league-season-49-north-america
6673,HLTV Team profile,2378584,https://www.hltv.org/matches/2378584/nrg-vs-chill-guys-esl-challenger-league-season-49-north-america
6673,HLTV Team profile,2378590,https://www.hltv.org/matches/2378590/chill-guys-vs-nrg-esl-challenger-league-season-49-north-america
6673,HLTV Team profile,2378596,https://www.hltv.org/matches/2378596/nrg-vs-getting-info-esl-challenger-league-season-49-north-america
6673,HLTV Team profile,2378602,https://www.hltv.org/matches/2378602/getting-info-vs-nrg-esl-challenger-league-season-49-north-america
12467,HLTV Team profile,2378658,https://www.hltv.org/matches/2378658/sinners-vs-parivision-cct-season-2-europe-series-16
11861,HLTV Team profile,2378665,https://www.hltv.org/matches/2378665/ecstatic-vs-aurora-cct-season-2-europe-series-16
11241,HLTV Team profile,2378667,https://www.hltv.org/matches/2378667/b8-vs-spirit-academy-esl-challenger-league-season-49-europe
11861,HLTV Team profile,2378670,https://www.hltv.org/matches/2378670/aurora-vs-gameagents-esl-challenger-league-season-49-europe
12467,HLTV Team profile,2378675,https://www.hltv.org/matches/2378675/cph-wolves-vs-parivision-esl-challenger-league-season-49-europe
11241,HLTV Team profile,2378680,https://www.hltv.org/matches/2378680/arcred-vs-b8-esl-challenger-league-season-49-europe
11861,HLTV Team profile,2378682,https://www.hltv.org/matches/2378682/navi-junior-vs-aurora-esl-challenger-league-season-49-europe
5973,HLTV Team profile,2378686,https://www.hltv.org/matches/2378686/complexity-vs-liquid-iem-katowice-2025-play-in
6665,HLTV Team profile,2378687,https://www.hltv.org/matches/2378687/flyquest-vs-astralis-iem-katowice-2025-play-in
7175,HLTV Team profile,2378690,https://www.hltv.org/matches/2378690/eternal-fire-vs-heroic-iem-katowice-2025-play-in
4914,HLTV Team profile,2378691,https://www.hltv.org/matches/2378691/3dmax-vs-mibr-iem-katowice-2025-play-in
9928,HLTV Team profile,2378692,https://www.hltv.org/matches/2378692/pain-vs-gamerlegion-iem-katowice-2025-play-in
8297,HLTV Team profile,2378693,https://www.hltv.org/matches/2378693/wildcard-vs-furia-iem-katowice-2025-play-in
5973,HLTV Team profile,2378694,https://www.hltv.org/matches/2378694/liquid-vs-wildcard-iem-katowice-2025-play-in
6665,HLTV Team profile,2378695,https://www.hltv.org/matches/2378695/pain-vs-astralis-iem-katowice-2025-play-in
9215,HLTV Team profile,2378696,https://www.hltv.org/matches/2378696/virtuspro-vs-mibr-iem-katowice-2025-play-in
7175,HLTV Team profile,2378697,https://www.hltv.org/matches/2378697/big-vs-heroic-iem-katowice-2025-play-in
11861,HLTV Team profile,2378700,https://www.hltv.org/matches/2378700/aurora-vs-insilio-european-pro-league-season-22
12467,HLTV Team profile,2378706,https://www.hltv.org/matches/2378706/9ine-vs-parivision-cct-season-2-europe-series-16
11861,HLTV Team profile,2378708,https://www.hltv.org/matches/2378708/aurora-vs-og-cct-season-2-europe-series-16
11861,HLTV Team profile,2378717,https://www.hltv.org/matches/2378717/aurora-vs-alliance-european-pro-league-season-22
11861,HLTV Team profile,2378734,https://www.hltv.org/matches/2378734/aurora-vs-ninjas-in-pyjamas-cct-season-2-europe-series-17-closed-qualifier
4411,HLTV Team profile,2378742,https://www.hltv.org/matches/2378742/ninjas-in-pyjamas-vs-unity-cct-season-2-europe-series-17-closed-qualifier
11861,HLTV Team profile,2378744,https://www.hltv.org/matches/2378744/aurora-vs-favbet-cct-season-2-europe-series-17-closed-qualifier
11861,HLTV Team profile,2378748,https://www.hltv.org/matches/2378748/ninjas-in-pyjamas-vs-aurora-cct-season-2-europe-series-17-closed-qualifier
4411,HLTV Team profile,2378753,https://www.hltv.org/matches/2378753/fire-flux-vs-ninjas-in-pyjamas-cct-season-2-europe-series-17-closed-qualifier
11241,HLTV Team profile,2378758,https://www.hltv.org/matches/2378758/b8-vs-sashi-cct-season-2-europe-series-17
11861,HLTV Team profile,2378772,https://www.hltv.org/matches/2378772/aurora-vs-iberian-soul-cct-season-2-europe-series-16
12467,HLTV Team profile,2378773,https://www.hltv.org/matches/2378773/parivision-vs-rebels-cct-season-2-europe-series-16
12467,HLTV Team profile,2378778,https://www.hltv.org/matches/2378778/sashi-vs-parivision-cct-season-2-europe-series-16
5995,HLTV Team profile,2378780,https://www.hltv.org/matches/2378780/g2-vs-virtuspro-iem-katowice-2025
11283,HLTV Team profile,2378781,https://www.hltv.org/matches/2378781/falcons-vs-eternal-fire-iem-katowice-2025
9565,HLTV Team profile,2378782,https://www.hltv.org/matches/2378782/vitality-vs-3dmax-iem-katowice-2025
6667,HLTV Team profile,2378783,https://www.hltv.org/matches/2378783/faze-vs-big-iem-katowice-2025
7020,HLTV Team profile,2378784,https://www.hltv.org/matches/2378784/spirit-vs-astralis-iem-katowice-2025
8297,HLTV Team profile,2378785,https://www.hltv.org/matches/2378785/natus-vincere-vs-furia-iem-katowice-2025
4494,HLTV Team profile,2378786,https://www.hltv.org/matches/2378786/mouz-vs-gamerlegion-iem-katowice-2025
6248,HLTV Team profile,2378787,https://www.hltv.org/matches/2378787/the-mongolz-vs-liquid-iem-katowice-2025
12468,HLTV Team profile,2378825,https://www.hltv.org/matches/2378825/legacy-vs-e-xolos-lazer-cct-season-2-south-america-series-6
12468,HLTV Team profile,2378831,https://www.hltv.org/matches/2378831/imperial-vs-legacy-cct-season-2-south-america-series-6
12467,HLTV Team profile,2378847,https://www.hltv.org/matches/2378847/parivision-vs-jijiehao-esl-challenger-league-season-49-europe
6673,HLTV Team profile,2378848,https://www.hltv.org/matches/2378848/nrg-vs-boss-esl-challenger-league-season-49-north-america
6673,HLTV Team profile,2378854,https://www.hltv.org/matches/2378854/boss-vs-nrg-esl-challenger-league-season-49-north-america
6673,HLTV Team profile,2378860,https://www.hltv.org/matches/2378860/nrg-vs-vagrants-esl-challenger-league-season-49-north-america
6673,HLTV Team profile,2378867,https://www.hltv.org/matches/2378867/vagrants-vs-nrg-esl-challenger-league-season-49-north-america
11241,HLTV Team profile,2378878,https://www.hltv.org/matches/2378878/zero-tenacity-vs-b8-esl-challenger-league-season-49-europe
11861,HLTV Team profile,2378880,https://www.hltv.org/matches/2378880/gun5-vs-aurora-esl-challenger-league-season-49-europe
12394,HLTV Team profile,2378882,https://www.hltv.org/matches/2378882/betboom-vs-amkal-cct-season-2-europe-series-16
11241,HLTV Team profile,2378883,https://www.hltv.org/matches/2378883/b8-vs-fnatic-cct-season-2-europe-series-16
12426,HLTV Team profile,2378884,https://www.hltv.org/matches/2378884/passion-ua-vs-sinners-cct-season-2-europe-series-16
12467,HLTV Team profile,2378886,https://www.hltv.org/matches/2378886/imperial-valkyries-vs-parivision-cct-season-2-europe-series-16
11241,HLTV Team profile,2378892,https://www.hltv.org/matches/2378892/b8-vs-sinners-cct-season-2-europe-series-16
12467,HLTV Team profile,2378893,https://www.hltv.org/matches/2378893/parivision-vs-spirit-academy-cct-season-2-europe-series-16
12467,HLTV Team profile,2378895,https://www.hltv.org/matches/2378895/parivision-vs-sinners-cct-season-2-europe-series-16
12467,HLTV Team profile,2378896,https://www.hltv.org/matches/2378896/monte-vs-parivision-cct-season-2-europe-series-16
11283,HLTV Team profile,2378898,https://www.hltv.org/matches/2378898/falcons-vs-g2-iem-katowice-2025
9565,HLTV Team profile,2378899,https://www.hltv.org/matches/2378899/vitality-vs-faze-iem-katowice-2025
4914,HLTV Team profile,2378900,https://www.hltv.org/matches/2378900/3dmax-vs-big-iem-katowice-2025
8297,HLTV Team profile,2378901,https://www.hltv.org/matches/2378901/furia-vs-astralis-iem-katowice-2025
4494,HLTV Team profile,2378902,https://www.hltv.org/matches/2378902/mouz-vs-liquid-iem-katowice-2025
4608,HLTV Team profile,2378903,https://www.hltv.org/matches/2378903/natus-vincere-vs-spirit-iem-katowice-2025
6248,HLTV Team profile,2378904,https://www.hltv.org/matches/2378904/gamerlegion-vs-the-mongolz-iem-katowice-2025
6667,HLTV Team profile,2378905,https://www.hltv.org/matches/2378905/g2-vs-faze-iem-katowice-2025
4914,HLTV Team profile,2378906,https://www.hltv.org/matches/2378906/eternal-fire-vs-3dmax-iem-katowice-2025
6665,HLTV Team profile,2378907,https://www.hltv.org/matches/2378907/gamerlegion-vs-astralis-iem-katowice-2025
7020,HLTV Team profile,2378908,https://www.hltv.org/matches/2378908/liquid-vs-spirit-iem-katowice-2025
6667,HLTV Team profile,2378909,https://www.hltv.org/matches/2378909/eternal-fire-vs-faze-iem-katowice-2025
9565,HLTV Team profile,2378910,https://www.hltv.org/matches/2378910/virtuspro-vs-vitality-iem-katowice-2025
7020,HLTV Team profile,2378911,https://www.hltv.org/matches/2378911/gamerlegion-vs-spirit-iem-katowice-2025
4608,HLTV Team profile,2378912,https://www.hltv.org/matches/2378912/the-mongolz-vs-natus-vincere-iem-katowice-2025
6248,HLTV Team profile,2378913,https://www.hltv.org/matches/2378913/the-mongolz-vs-eternal-fire-iem-katowice-2025
7020,HLTV Team profile,2378914,https://www.hltv.org/matches/2378914/virtuspro-vs-spirit-iem-katowice-2025
9565,HLTV Team profile,2378915,https://www.hltv.org/matches/2378915/vitality-vs-the-mongolz-iem-katowice-2025
4608,HLTV Team profile,2378916,https://www.hltv.org/matches/2378916/natus-vincere-vs-spirit-iem-katowice-2025
9565,HLTV Team profile,2378917,https://www.hltv.org/matches/2378917/vitality-vs-spirit-iem-katowice-2025
11861,HLTV Team profile,2378926,https://www.hltv.org/matches/2378926/aurora-vs-endpoint-european-pro-league-season-22
11861,HLTV Team profile,2378931,https://www.hltv.org/matches/2378931/aurora-vs-preasy-european-pro-league-season-22
11861,HLTV Team profile,2378934,https://www.hltv.org/matches/2378934/ence-academy-vs-aurora-european-pro-league-season-22
11861,HLTV Team profile,2378935,https://www.hltv.org/matches/2378935/alliance-vs-aurora-european-pro-league-season-22
11861,HLTV Team profile,2378937,https://www.hltv.org/matches/2378937/preasy-vs-aurora-european-pro-league-season-22
11861,HLTV Team profile,2378938,https://www.hltv.org/matches/2378938/eclot-vs-aurora-european-pro-league-season-22
6673,HLTV Team profile,2378940,https://www.hltv.org/matches/2378940/nrg-vs-kraken-cct-season-2-north-america-series-4
6673,HLTV Team profile,2378948,https://www.hltv.org/matches/2378948/nrg-vs-might-cct-season-2-north-america-series-4
6673,HLTV Team profile,2378952,https://www.hltv.org/matches/2378952/nrg-vs-marsborne-cct-season-2-north-america-series-4
6673,HLTV Team profile,2378953,https://www.hltv.org/matches/2378953/nrg-vs-boss-cct-season-2-north-america-series-4
11241,HLTV Team profile,2378961,https://www.hltv.org/matches/2378961/b8-vs-fire-flux-cct-season-2-europe-series-17
11241,HLTV Team profile,2378980,https://www.hltv.org/matches/2378980/b8-vs-alliance-cct-season-2-europe-series-17
11861,HLTV Team profile,2378992,https://www.hltv.org/matches/2378992/aurora-vs-ninjas-in-pyjamas-cct-season-2-europe-series-18-closed-qualifier
4411,HLTV Team profile,2379010,https://www.hltv.org/matches/2379010/ninjas-in-pyjamas-vs-iberian-soul-cct-season-2-europe-series-18-closed-qualifier
11861,HLTV Team profile,2379012,https://www.hltv.org/matches/2379012/aurora-vs-unity-cct-season-2-europe-series-18-closed-qualifier
4411,HLTV Team profile,2379016,https://www.hltv.org/matches/2379016/betboom-vs-ninjas-in-pyjamas-res-showdown-1-closed-qualifier
12426,HLTV Team profile,2379017,https://www.hltv.org/matches/2379017/metizport-vs-passion-ua-res-showdown-1-closed-qualifier
12467,HLTV Team profile,2379018,https://www.hltv.org/matches/2379018/imperial-valkyries-vs-parivision-res-showdown-1-closed-qualifier
11241,HLTV Team profile,2379019,https://www.hltv.org/matches/2379019/nemiga-vs-b8-res-showdown-1-closed-qualifier
12878,HLTV Team profile,2379020,https://www.hltv.org/matches/2379020/saw-vs-bcgame-res-showdown-1-closed-qualifier
11241,HLTV Team profile,2379032,https://www.hltv.org/matches/2379032/gun5-vs-b8-cct-season-2-europe-series-17
12426,HLTV Team profile,2379037,https://www.hltv.org/matches/2379037/passion-ua-vs-betclic-cct-season-2-europe-series-17
11241,HLTV Team profile,2379041,https://www.hltv.org/matches/2379041/nemiga-vs-b8-cct-season-2-europe-series-17
12426,HLTV Team profile,2379042,https://www.hltv.org/matches/2379042/ence-vs-passion-ua-cct-season-2-europe-series-17
11241,HLTV Team profile,2379043,https://www.hltv.org/matches/2379043/500-vs-b8-cct-season-2-europe-series-17
11861,HLTV Team profile,2379054,https://www.hltv.org/matches/2379054/aurora-vs-alaska-cct-season-2-europe-series-18-closed-qualifier
12394,HLTV Team profile,2379060,https://www.hltv.org/matches/2379060/passion-ua-vs-betboom-res-showdown-1-closed-qualifier
4411,HLTV Team profile,2379061,https://www.hltv.org/matches/2379061/metizport-vs-ninjas-in-pyjamas-res-showdown-1-closed-qualifier
12467,HLTV Team profile,2379062,https://www.hltv.org/matches/2379062/parivision-vs-b8-res-showdown-1-closed-qualifier
12878,HLTV Team profile,2379064,https://www.hltv.org/matches/2379064/500-vs-bcgame-res-showdown-1-closed-qualifier
4411,HLTV Team profile,2379067,https://www.hltv.org/matches/2379067/ninjas-in-pyjamas-vs-betboom-res-showdown-1-closed-qualifier
12467,HLTV Team profile,2379068,https://www.hltv.org/matches/2379068/nemiga-vs-parivision-res-showdown-1-closed-qualifier
12394,HLTV Team profile,2379071,https://www.hltv.org/matches/2379071/passion-ua-vs-betboom-res-showdown-1-closed-qualifier
12467,HLTV Team profile,2379072,https://www.hltv.org/matches/2379072/b8-vs-parivision-res-showdown-1-closed-qualifier
12878,HLTV Team profile,2379073,https://www.hltv.org/matches/2379073/bcgame-vs-500-res-showdown-1-closed-qualifier
12467,HLTV Team profile,2379074,https://www.hltv.org/matches/2379074/gamerlegion-vs-parivision-res-showdown-1-blast-premier-rising-event
7175,HLTV Team profile,2379075,https://www.hltv.org/matches/2379075/heroic-vs-passion-ua-res-showdown-1-blast-premier-rising-event
6665,HLTV Team profile,2379076,https://www.hltv.org/matches/2379076/astralis-vs-9ine-res-showdown-1-blast-premier-rising-event
12467,HLTV Team profile,2379078,https://www.hltv.org/matches/2379078/heroic-vs-parivision-res-showdown-1-blast-premier-rising-event
6665,HLTV Team profile,2379079,https://www.hltv.org/matches/2379079/500-vs-astralis-res-showdown-1-blast-premier-rising-event
12467,HLTV Team profile,2379080,https://www.hltv.org/matches/2379080/parivision-vs-astralis-res-showdown-1-blast-premier-rising-event
4773,HLTV Team profile,2379086,https://www.hltv.org/matches/2379086/pain-vs-red-canids-ace-sa-masters-2025-season-1-blast-premier-rising-event
12468,HLTV Team profile,2379087,https://www.hltv.org/matches/2379087/mibr-vs-legacy-ace-sa-masters-2025-season-1-blast-premier-rising-event
4773,HLTV Team profile,2379088,https://www.hltv.org/matches/2379088/imperial-vs-pain-ace-sa-masters-2025-season-1-blast-premier-rising-event
9215,HLTV Team profile,2379089,https://www.hltv.org/matches/2379089/sharks-vs-mibr-ace-sa-masters-2025-season-1-blast-premier-rising-event
9215,HLTV Team profile,2379090,https://www.hltv.org/matches/2379090/imperial-vs-mibr-ace-sa-masters-2025-season-1-blast-premier-rising-event
12468,HLTV Team profile,2379095,https://www.hltv.org/matches/2379095/legacy-vs-familia-maquininha-ace-south-american-masters-spring-2025-closed-qualifier
12468,HLTV Team profile,2379101,https://www.hltv.org/matches/2379101/solid-vs-legacy-ace-south-american-masters-spring-2025-closed-qualifier
12468,HLTV Team profile,2379113,https://www.hltv.org/matches/2379113/legacy-vs-solid-ace-south-american-masters-spring-2025-closed-qualifier
12878,HLTV Team profile,2379142,https://www.hltv.org/matches/2379142/gtz-vs-bcgame-cct-season-2-europe-series-18
12468,HLTV Team profile,2379214,https://www.hltv.org/matches/2379214/legacy-vs-uno-mille-iem-dallas-2025-south-america-open-qualifier
12468,HLTV Team profile,2379221,https://www.hltv.org/matches/2379221/legacy-vs-lachampionsliga-iem-dallas-2025-south-america-open-qualifier
12376,HLTV Team profile,2379230,https://www.hltv.org/matches/2379230/bad-news-capybaras-vs-m80-ace-north-american-masters-spring-2025-closed-qualifier
12376,HLTV Team profile,2379234,https://www.hltv.org/matches/2379234/marsborne-vs-m80-ace-north-american-masters-spring-2025-closed-qualifier
12376,HLTV Team profile,2379246,https://www.hltv.org/matches/2379246/m80-vs-marsborne-ace-north-american-masters-spring-2025-closed-qualifier
12878,HLTV Team profile,2379254,https://www.hltv.org/matches/2379254/partizan-vs-bcgame-iem-dallas-2025-europe-open-qualifier
12878,HLTV Team profile,2379258,https://www.hltv.org/matches/2379258/bcgame-vs-zero-tenacity-iem-dallas-2025-europe-open-qualifier
12468,HLTV Team profile,2379268,https://www.hltv.org/matches/2379268/bestia-vs-legacy-iem-dallas-2025-south-america-open-qualifier
11283,HLTV Team profile,2379269,https://www.hltv.org/matches/2379269/falcons-vs-tnl-iem-dallas-2025-europe-closed-qualifier
12394,HLTV Team profile,2379270,https://www.hltv.org/matches/2379270/nemiga-vs-betboom-iem-dallas-2025-europe-closed-qualifier
12878,HLTV Team profile,2379271,https://www.hltv.org/matches/2379271/big-vs-bcgame-iem-dallas-2025-europe-closed-qualifier
6665,HLTV Team profile,2379272,https://www.hltv.org/matches/2379272/og-vs-astralis-iem-dallas-2025-europe-closed-qualifier
4914,HLTV Team profile,2379273,https://www.hltv.org/matches/2379273/3dmax-vs-nevermore-iem-dallas-2025-europe-closed-qualifier
7175,HLTV Team profile,2379274,https://www.hltv.org/matches/2379274/zero-tenacity-vs-heroic-iem-dallas-2025-europe-closed-qualifier
9928,HLTV Team profile,2379276,https://www.hltv.org/matches/2379276/hesta-vs-gamerlegion-iem-dallas-2025-europe-closed-qualifier
11283,HLTV Team profile,2379277,https://www.hltv.org/matches/2379277/falcons-vs-betboom-iem-dallas-2025-europe-closed-qualifier
6665,HLTV Team profile,2379278,https://www.hltv.org/matches/2379278/astralis-vs-bcgame-iem-dallas-2025-europe-closed-qualifier
4914,HLTV Team profile,2379281,https://www.hltv.org/matches/2379281/heroic-vs-3dmax-iem-dallas-2025-europe-closed-qualifier
9928,HLTV Team profile,2379282,https://www.hltv.org/matches/2379282/metizport-vs-gamerlegion-iem-dallas-2025-europe-closed-qualifier
7175,HLTV Team profile,2379286,https://www.hltv.org/matches/2379286/big-vs-heroic-iem-dallas-2025-europe-closed-qualifier
6665,HLTV Team profile,2379287,https://www.hltv.org/matches/2379287/astralis-vs-zero-tenacity-iem-dallas-2025-europe-closed-qualifier
12394,HLTV Team profile,2379288,https://www.hltv.org/matches/2379288/betboom-vs-hesta-iem-dallas-2025-europe-closed-qualifier
7175,HLTV Team profile,2379289,https://www.hltv.org/matches/2379289/heroic-vs-metizport-iem-dallas-2025-europe-closed-qualifier
6665,HLTV Team profile,2379290,https://www.hltv.org/matches/2379290/astralis-vs-betboom-iem-dallas-2025-europe-closed-qualifier
6665,HLTV Team profile,2379291,https://www.hltv.org/matches/2379291/heroic-vs-astralis-iem-dallas-2025-europe-closed-qualifier
12468,HLTV Team profile,2379306,https://www.hltv.org/matches/2379306/sharks-vs-legacy-iem-dallas-2025-south-america-closed-qualifier
12468,HLTV Team profile,2379308,https://www.hltv.org/matches/2379308/legacy-vs-fluxo-iem-dallas-2025-south-america-closed-qualifier
12468,HLTV Team profile,2379311,https://www.hltv.org/matches/2379311/legacy-vs-fluxo-iem-dallas-2025-south-america-closed-qualifier
6673,HLTV Team profile,2379312,https://www.hltv.org/matches/2379312/nrg-vs-marsborne-iem-dallas-2025-north-america-closed-qualifier
6673,HLTV Team profile,2379314,https://www.hltv.org/matches/2379314/boss-vs-nrg-iem-dallas-2025-north-america-closed-qualifier
6673,HLTV Team profile,2379317,https://www.hltv.org/matches/2379317/nrg-vs-nouns-iem-dallas-2025-north-america-closed-qualifier
12878,HLTV Team profile,2379318,https://www.hltv.org/matches/2379318/bcgame-vs-cybershoke-cct-season-2-europe-series-18
4494,HLTV Team profile,2379326,https://www.hltv.org/matches/2379326/mouz-vs-big-pgl-cluj-napoca-2025
4914,HLTV Team profile,2379327,https://www.hltv.org/matches/2379327/3dmax-vs-virtuspro-pgl-cluj-napoca-2025
6667,HLTV Team profile,2379328,https://www.hltv.org/matches/2379328/faze-vs-saw-pgl-cluj-napoca-2025
11283,HLTV Team profile,2379329,https://www.hltv.org/matches/2379329/falcons-vs-flyquest-pgl-cluj-napoca-2025
6248,HLTV Team profile,2379330,https://www.hltv.org/matches/2379330/the-mongolz-vs-complexity-pgl-cluj-napoca-2025
9215,HLTV Team profile,2379331,https://www.hltv.org/matches/2379331/mibr-vs-wildcard-pgl-cluj-napoca-2025
6665,HLTV Team profile,2379332,https://www.hltv.org/matches/2379332/pain-vs-astralis-pgl-cluj-napoca-2025
4494,HLTV Team profile,2379334,https://www.hltv.org/matches/2379334/mouz-vs-3dmax-pgl-cluj-napoca-2025
12774,HLTV Team profile,2379335,https://www.hltv.org/matches/2379335/big-vs-flyquest-pgl-cluj-napoca-2025
6248,HLTV Team profile,2379336,https://www.hltv.org/matches/2379336/the-mongolz-vs-wildcard-pgl-cluj-napoca-2025
6667,HLTV Team profile,2379338,https://www.hltv.org/matches/2379338/faze-vs-eternal-fire-pgl-cluj-napoca-2025
9215,HLTV Team profile,2379339,https://www.hltv.org/matches/2379339/mibr-vs-imperial-valkyries-pgl-cluj-napoca-2025
11283,HLTV Team profile,2379340,https://www.hltv.org/matches/2379340/falcons-vs-pain-pgl-cluj-napoca-2025
6665,HLTV Team profile,2379341,https://www.hltv.org/matches/2379341/saw-vs-astralis-pgl-cluj-napoca-2025
4914,HLTV Team profile,2379343,https://www.hltv.org/matches/2379343/3dmax-vs-mibr-pgl-cluj-napoca-2025
11283,HLTV Team profile,2379344,https://www.hltv.org/matches/2379344/falcons-vs-astralis-pgl-cluj-napoca-2025
4494,HLTV Team profile,2379346,https://www.hltv.org/matches/2379346/mouz-vs-faze-pgl-cluj-napoca-2025
6248,HLTV Team profile,2379348,https://www.hltv.org/matches/2379348/pain-vs-the-mongolz-pgl-cluj-napoca-2025
12774,HLTV Team profile,2379349,https://www.hltv.org/matches/2379349/saw-vs-flyquest-pgl-cluj-napoca-2025
11283,HLTV Team profile,2379350,https://www.hltv.org/matches/2379350/mouz-vs-falcons-pgl-cluj-napoca-2025
4914,HLTV Team profile,2379352,https://www.hltv.org/matches/2379352/3dmax-vs-eternal-fire-pgl-cluj-napoca-2025
6665,HLTV Team profile,2379353,https://www.hltv.org/matches/2379353/astralis-vs-mibr-pgl-cluj-napoca-2025
4773,HLTV Team profile,2379354,https://www.hltv.org/matches/2379354/pain-vs-virtuspro-pgl-cluj-napoca-2025
6665,HLTV Team profile,2379356,https://www.hltv.org/matches/2379356/astralis-vs-big-pgl-cluj-napoca-2025
4494,HLTV Team profile,2379357,https://www.hltv.org/matches/2379357/mouz-vs-virtuspro-pgl-cluj-napoca-2025
4914,HLTV Team profile,2379358,https://www.hltv.org/matches/2379358/3dmax-vs-saw-pgl-cluj-napoca-2025
4494,HLTV Team profile,2379359,https://www.hltv.org/matches/2379359/pain-vs-mouz-pgl-cluj-napoca-2025
6248,HLTV Team profile,2379360,https://www.hltv.org/matches/2379360/the-mongolz-vs-astralis-pgl-cluj-napoca-2025
11283,HLTV Team profile,2379361,https://www.hltv.org/matches/2379361/falcons-vs-eternal-fire-pgl-cluj-napoca-2025
6667,HLTV Team profile,2379362,https://www.hltv.org/matches/2379362/faze-vs-saw-pgl-cluj-napoca-2025
4494,HLTV Team profile,2379363,https://www.hltv.org/matches/2379363/mouz-vs-astralis-pgl-cluj-napoca-2025
11283,HLTV Team profile,2379364,https://www.hltv.org/matches/2379364/falcons-vs-faze-pgl-cluj-napoca-2025
6667,HLTV Team profile,2379365,https://www.hltv.org/matches/2379365/astralis-vs-faze-pgl-cluj-napoca-2025
11283,HLTV Team profile,2379366,https://www.hltv.org/matches/2379366/mouz-vs-falcons-pgl-cluj-napoca-2025
12878,HLTV Team profile,2379378,https://www.hltv.org/matches/2379378/500-vs-bcgame-cct-season-2-europe-series-18
12878,HLTV Team profile,2379397,https://www.hltv.org/matches/2379397/gun5-vs-bcgame-cct-season-2-europe-series-18
12878,HLTV Team profile,2379399,https://www.hltv.org/matches/2379399/bcgame-vs-cph-wolves-cct-season-2-europe-series-18
12878,HLTV Team profile,2379401,https://www.hltv.org/matches/2379401/nexus-vs-bcgame-cct-season-2-europe-series-18
11241,HLTV Team profile,2379404,https://www.hltv.org/matches/2379404/b8-vs-monte-cct-season-2-europe-series-18
12426,HLTV Team profile,2379407,https://www.hltv.org/matches/2379407/passion-ua-vs-gun5-cct-season-2-europe-series-18
12878,HLTV Team profile,2379410,https://www.hltv.org/matches/2379410/bcgame-vs-partizan-cct-season-2-europe-series-18
11241,HLTV Team profile,2379411,https://www.hltv.org/matches/2379411/cybershoke-vs-b8-cct-season-2-europe-series-18
11241,HLTV Team profile,2379413,https://www.hltv.org/matches/2379413/b8-vs-9-pandas-cct-season-2-europe-series-18
12878,HLTV Team profile,2379414,https://www.hltv.org/matches/2379414/bcgame-vs-navi-junior-cct-season-2-europe-series-18
11241,HLTV Team profile,2379415,https://www.hltv.org/matches/2379415/b8-vs-bcgame-cct-season-2-europe-series-18
12468,HLTV Team profile,2379423,https://www.hltv.org/matches/2379423/legacy-vs-uno-mille-cct-season-2-south-america-series-7
12468,HLTV Team profile,2379427,https://www.hltv.org/matches/2379427/imperial-vs-legacy-cct-season-2-south-america-series-7
6673,HLTV Team profile,2379431,https://www.hltv.org/matches/2379431/nrg-vs-exceritus-ace-na-masters-2025-season-1-blast-premier-rising-event
12376,HLTV Team profile,2379432,https://www.hltv.org/matches/2379432/nouns-vs-m80-ace-na-masters-2025-season-1-blast-premier-rising-event
6673,HLTV Team profile,2379435,https://www.hltv.org/matches/2379435/nrg-vs-m80-ace-na-masters-2025-season-1-blast-premier-rising-event
12376,HLTV Team profile,2379437,https://www.hltv.org/matches/2379437/m80-vs-boss-ace-na-masters-2025-season-1-blast-premier-rising-event
4411,HLTV Team profile,2379445,https://www.hltv.org/matches/2379445/benched-vs-ninjas-in-pyjamas-pgl-bucharest-2025-europe-open-qualifier-1
4411,HLTV Team profile,2379465,https://www.hltv.org/matches/2379465/ninjas-in-pyjamas-vs-ruby-pgl-bucharest-2025-europe-open-qualifier-1
4411,HLTV Team profile,2379467,https://www.hltv.org/matches/2379467/ninjas-in-pyjamas-vs-virtual-cottage-pgl-bucharest-2025-europe-open-qualifier-1
4411,HLTV Team profile,2379468,https://www.hltv.org/matches/2379468/ninjas-in-pyjamas-vs-rebels-pgl-bucharest-2025-europe-open-qualifier-1
4411,HLTV Team profile,2379469,https://www.hltv.org/matches/2379469/betclic-vs-ninjas-in-pyjamas-cct-season-2-europe-series-19-closed-qualifier
12467,HLTV Team profile,2379470,https://www.hltv.org/matches/2379470/rhyno-vs-parivision-cct-season-2-europe-series-19-closed-qualifier
12878,HLTV Team profile,2379473,https://www.hltv.org/matches/2379473/bcgame-vs-eyeballers-cct-season-2-europe-series-19-closed-qualifier
11861,HLTV Team profile,2379474,https://www.hltv.org/matches/2379474/og-vs-aurora-cct-season-2-europe-series-19-closed-qualifier
12468,HLTV Team profile,2379477,https://www.hltv.org/matches/2379477/legacy-vs-chill-guys-esl-challenger-league-season-49-north-america
12468,HLTV Team profile,2379483,https://www.hltv.org/matches/2379483/chill-guys-vs-legacy-esl-challenger-league-season-49-north-america
12468,HLTV Team profile,2379489,https://www.hltv.org/matches/2379489/legacy-vs-vagrants-esl-challenger-league-season-49-north-america
12468,HLTV Team profile,2379495,https://www.hltv.org/matches/2379495/vagrants-vs-legacy-esl-challenger-league-season-49-north-america
6673,HLTV Team profile,2379503,https://www.hltv.org/matches/2379503/nrg-vs-bad-news-capybaras-esl-challenger-league-season-49-north-america
6673,HLTV Team profile,2379509,https://www.hltv.org/matches/2379509/bad-news-capybaras-vs-nrg-esl-challenger-league-season-49-north-america
6673,HLTV Team profile,2379515,https://www.hltv.org/matches/2379515/nrg-vs-akimbo-esl-challenger-league-season-49-north-america
6673,HLTV Team profile,2379522,https://www.hltv.org/matches/2379522/akimbo-vs-nrg-esl-challenger-league-season-49-north-america
12468,HLTV Team profile,2379529,https://www.hltv.org/matches/2379529/legacy-vs-akimbo-esl-challenger-league-season-49-north-america
12468,HLTV Team profile,2379530,https://www.hltv.org/matches/2379530/akimbo-vs-legacy-esl-challenger-league-season-49-north-america
12467,HLTV Team profile,2379574,https://www.hltv.org/matches/2379574/monte-vs-parivision-esl-challenger-league-season-49-europe
11241,HLTV Team profile,2379596,https://www.hltv.org/matches/2379596/iberian-soul-vs-b8-esl-challenger-league-season-49-europe
11861,HLTV Team profile,2379599,https://www.hltv.org/matches/2379599/aurora-vs-favbet-esl-challenger-league-season-49-europe
12467,HLTV Team profile,2379619,https://www.hltv.org/matches/2379619/ninjas-in-pyjamas-vs-parivision-cct-season-2-europe-series-19-closed-qualifier
11861,HLTV Team profile,2379621,https://www.hltv.org/matches/2379621/eyeballers-vs-aurora-cct-season-2-europe-series-19-closed-qualifier
12878,HLTV Team profile,2379623,https://www.hltv.org/matches/2379623/bcgame-vs-og-cct-season-2-europe-series-19-closed-qualifier
4411,HLTV Team profile,2379625,https://www.hltv.org/matches/2379625/betclic-vs-ninjas-in-pyjamas-cct-season-2-europe-series-19-closed-qualifier
11861,HLTV Team profile,2379626,https://www.hltv.org/matches/2379626/aurora-vs-bcgame-cct-season-2-europe-series-19-closed-qualifier
12878,HLTV Team profile,2379629,https://www.hltv.org/matches/2379629/9ine-vs-bcgame-cct-season-2-europe-series-19-closed-qualifier
4411,HLTV Team profile,2379630,https://www.hltv.org/matches/2379630/fire-flux-vs-ninjas-in-pyjamas-cct-season-2-europe-series-19-closed-qualifier
12467,HLTV Team profile,2379631,https://www.hltv.org/matches/2379631/parivision-vs-rush-b-cct-season-2-europe-series-19-closed-qualifier
12467,HLTV Team profile,2379635,https://www.hltv.org/matches/2379635/navi-junior-vs-parivision-cct-season-2-europe-series-19
12878,HLTV Team profile,2379636,https://www.hltv.org/matches/2379636/fnatic-vs-bcgame-cct-season-2-europe-series-19
4411,HLTV Team profile,2379720,https://www.hltv.org/matches/2379720/esc-vs-ninjas-in-pyjamas-cct-season-2-europe-series-20-closed-qualifier
11861,HLTV Team profile,2379723,https://www.hltv.org/matches/2379723/wildlotus-vs-aurora-cct-season-2-europe-series-20-closed-qualifier
12467,HLTV Team profile,2379724,https://www.hltv.org/matches/2379724/bcgame-vs-parivision-cct-season-2-europe-series-20-closed-qualifier
11581,HLTV Team profile,2379759,https://www.hltv.org/matches/2379759/atox-vs-hotu-mesa-asian-masters-2025-asia-closed-qualifier
11581,HLTV Team profile,2379765,https://www.hltv.org/matches/2379765/hotu-vs-nomads-mesa-asian-masters-2025-asia-closed-qualifier
11581,HLTV Team profile,2379769,https://www.hltv.org/matches/2379769/hotu-vs-chinggis-warriors-mesa-asian-masters-2025-asia-closed-qualifier
11581,HLTV Team profile,2379771,https://www.hltv.org/matches/2379771/hotu-vs-atox-mesa-asian-masters-2025-asia-closed-qualifier
11241,HLTV Team profile,2379796,https://www.hltv.org/matches/2379796/b8-vs-rush-b-esl-challenger-league-season-49-europe
11861,HLTV Team profile,2379800,https://www.hltv.org/matches/2379800/aurora-vs-rebels-esl-challenger-league-season-49-europe
12467,HLTV Team profile,2379805,https://www.hltv.org/matches/2379805/9-pandas-vs-parivision-esl-challenger-league-season-49-europe
4411,HLTV Team profile,2379831,https://www.hltv.org/matches/2379831/ninjas-in-pyjamas-vs-tricked-cct-season-2-europe-series-20-closed-qualifier
11861,HLTV Team profile,2379834,https://www.hltv.org/matches/2379834/iberian-soul-vs-aurora-cct-season-2-europe-series-20-closed-qualifier
12878,HLTV Team profile,2379835,https://www.hltv.org/matches/2379835/rhyno-vs-bcgame-cct-season-2-europe-series-20-closed-qualifier
12467,HLTV Team profile,2379837,https://www.hltv.org/matches/2379837/alliance-vs-parivision-cct-season-2-europe-series-20-closed-qualifier
12467,HLTV Team profile,2379841,https://www.hltv.org/matches/2379841/bcgame-vs-parivision-cct-season-2-europe-series-20-closed-qualifier
12467,HLTV Team profile,2379844,https://www.hltv.org/matches/2379844/aurora-vs-parivision-cct-season-2-europe-series-20-closed-qualifier
12467,HLTV Team profile,2379853,https://www.hltv.org/matches/2379853/sinners-vs-parivision-cct-season-2-europe-series-20
12467,HLTV Team profile,2379855,https://www.hltv.org/matches/2379855/partizan-vs-parivision-cct-season-2-europe-series-19
12878,HLTV Team profile,2379858,https://www.hltv.org/matches/2379858/monte-vs-bcgame-cct-season-2-europe-series-19
12878,HLTV Team profile,2379872,https://www.hltv.org/matches/2379872/passion-ua-vs-bcgame-pgl-bucharest-2025-europe-closed-qualifier
12878,HLTV Team profile,2379875,https://www.hltv.org/matches/2379875/bcgame-vs-ence-pgl-bucharest-2025-europe-closed-qualifier
12426,HLTV Team profile,2379877,https://www.hltv.org/matches/2379877/passion-ua-vs-og-pgl-bucharest-2025-europe-closed-qualifier
12426,HLTV Team profile,2379879,https://www.hltv.org/matches/2379879/passion-ua-vs-navi-junior-pgl-bucharest-2025-europe-closed-qualifier
7175,HLTV Team profile,2379887,https://www.hltv.org/matches/2379887/heroic-vs-basement-boys-pgl-bucharest-2025-europe-closed-qualifier
7175,HLTV Team profile,2379892,https://www.hltv.org/matches/2379892/heroic-vs-gun5-pgl-bucharest-2025-europe-closed-qualifier
7175,HLTV Team profile,2379895,https://www.hltv.org/matches/2379895/9-pandas-vs-heroic-pgl-bucharest-2025-europe-closed-qualifier
7175,HLTV Team profile,2379898,https://www.hltv.org/matches/2379898/heroic-vs-9ine-pgl-bucharest-2025-europe-closed-qualifier
4411,HLTV Team profile,2379901,https://www.hltv.org/matches/2379901/nexus-vs-ninjas-in-pyjamas-pgl-bucharest-2025-europe-closed-qualifier
4411,HLTV Team profile,2379906,https://www.hltv.org/matches/2379906/ninjas-in-pyjamas-vs-fnatic-pgl-bucharest-2025-europe-closed-qualifier
4411,HLTV Team profile,2379909,https://www.hltv.org/matches/2379909/betclic-vs-ninjas-in-pyjamas-pgl-bucharest-2025-europe-closed-qualifier
4411,HLTV Team profile,2379911,https://www.hltv.org/matches/2379911/ninjas-in-pyjamas-vs-fnatic-pgl-bucharest-2025-europe-closed-qualifier
12394,HLTV Team profile,2379915,https://www.hltv.org/matches/2379915/betboom-vs-arcred-pgl-bucharest-2025-europe-closed-qualifier
12394,HLTV Team profile,2379920,https://www.hltv.org/matches/2379920/betboom-vs-spirit-academy-pgl-bucharest-2025-europe-closed-qualifier
12394,HLTV Team profile,2379922,https://www.hltv.org/matches/2379922/cybershoke-vs-betboom-pgl-bucharest-2025-europe-closed-qualifier
12394,HLTV Team profile,2379924,https://www.hltv.org/matches/2379924/zero-tenacity-vs-betboom-pgl-bucharest-2025-europe-closed-qualifier
12394,HLTV Team profile,2379925,https://www.hltv.org/matches/2379925/spirit-academy-vs-betboom-pgl-bucharest-2025-europe-closed-qualifier
12394,HLTV Team profile,2379926,https://www.hltv.org/matches/2379926/nemiga-vs-betboom-pgl-bucharest-2025-europe-closed-qualifier
7175,HLTV Team profile,2379927,https://www.hltv.org/matches/2379927/heroic-vs-og-pgl-bucharest-2025-europe-closed-qualifier
12394,HLTV Team profile,2379928,https://www.hltv.org/matches/2379928/betclic-vs-betboom-pgl-bucharest-2025-europe-closed-qualifier
12468,HLTV Team profile,2379974,https://www.hltv.org/matches/2379974/legacy-vs-galorys-pgl-bucharest-2025-south-america-closed-qualifier
12468,HLTV Team profile,2379979,https://www.hltv.org/matches/2379979/legacy-vs-elevate-pgl-bucharest-2025-south-america-closed-qualifier
12468,HLTV Team profile,2379982,https://www.hltv.org/matches/2379982/red-canids-vs-legacy-pgl-bucharest-2025-south-america-closed-qualifier
12468,HLTV Team profile,2379985,https://www.hltv.org/matches/2379985/legacy-vs-red-canids-pgl-bucharest-2025-south-america-closed-qualifier
12468,HLTV Team profile,2379986,https://www.hltv.org/matches/2379986/legacy-vs-flamengo-pgl-bucharest-2025-south-america-closed-qualifier
12468,HLTV Team profile,2379988,https://www.hltv.org/matches/2379988/legacy-vs-9z-pgl-bucharest-2025-south-america-closed-qualifier
12376,HLTV Team profile,2379993,https://www.hltv.org/matches/2379993/m80-vs-flyquest-esl-pro-league-season-21-stage-1
7175,HLTV Team profile,2379994,https://www.hltv.org/matches/2379994/heroic-vs-saw-esl-pro-league-season-21-stage-1
4914,HLTV Team profile,2379995,https://www.hltv.org/matches/2379995/3dmax-vs-tyloo-esl-pro-league-season-21-stage-1
8297,HLTV Team profile,2379996,https://www.hltv.org/matches/2379996/furia-vs-lynn-vision-esl-pro-league-season-21-stage-1
9215,HLTV Team profile,2379997,https://www.hltv.org/matches/2379997/mibr-vs-nemiga-esl-pro-league-season-21-stage-1
6673,HLTV Team profile,2379998,https://www.hltv.org/matches/2379998/gamerlegion-vs-nrg-esl-pro-league-season-21-stage-1
4773,HLTV Team profile,2379999,https://www.hltv.org/matches/2379999/pain-vs-housebets-esl-pro-league-season-21-stage-1
7020,HLTV Team profile,2380000,https://www.hltv.org/matches/2380000/spirit-vs-the-huns-blast-open-lisbon-2025
11283,HLTV Team profile,2380001,https://www.hltv.org/matches/2380001/mouz-vs-falcons-blast-open-lisbon-2025
9565,HLTV Team profile,2380002,https://www.hltv.org/matches/2380002/vitality-vs-astralis-blast-open-lisbon-2025
6667,HLTV Team profile,2380003,https://www.hltv.org/matches/2380003/faze-vs-virtuspro-blast-open-lisbon-2025
5995,HLTV Team profile,2380004,https://www.hltv.org/matches/2380004/g2-vs-imperial-blast-open-lisbon-2025
5973,HLTV Team profile,2380005,https://www.hltv.org/matches/2380005/eternal-fire-vs-liquid-blast-open-lisbon-2025
6248,HLTV Team profile,2380006,https://www.hltv.org/matches/2380006/the-mongolz-vs-m80-blast-open-lisbon-2025
8297,HLTV Team profile,2380007,https://www.hltv.org/matches/2380007/natus-vincere-vs-furia-blast-open-lisbon-2025
12774,HLTV Team profile,2380014,https://www.hltv.org/matches/2380014/flyquest-vs-lynn-vision-esl-pro-league-season-21-stage-1
4914,HLTV Team profile,2380015,https://www.hltv.org/matches/2380015/3dmax-vs-mindfreak-esl-pro-league-season-21-stage-1
7175,HLTV Team profile,2380017,https://www.hltv.org/matches/2380017/heroic-vs-housebets-esl-pro-league-season-21-stage-1
8297,HLTV Team profile,2380018,https://www.hltv.org/matches/2380018/furia-vs-saw-esl-pro-league-season-21-stage-1
6673,HLTV Team profile,2380019,https://www.hltv.org/matches/2380019/nemiga-vs-nrg-esl-pro-league-season-21-stage-1
4773,HLTV Team profile,2380020,https://www.hltv.org/matches/2380020/pain-vs-m80-esl-pro-league-season-21-stage-1
9928,HLTV Team profile,2380021,https://www.hltv.org/matches/2380021/gamerlegion-vs-mibr-esl-pro-league-season-21-stage-1
4914,HLTV Team profile,2380022,https://www.hltv.org/matches/2380022/heroic-vs-3dmax-esl-pro-league-season-21-stage-1
9928,HLTV Team profile,2380024,https://www.hltv.org/matches/2380024/gamerlegion-vs-tyloo-esl-pro-league-season-21-stage-1
8297,HLTV Team profile,2380026,https://www.hltv.org/matches/2380026/furia-vs-mibr-esl-pro-league-season-21-stage-1
12376,HLTV Team profile,2380027,https://www.hltv.org/matches/2380027/m80-vs-saw-esl-pro-league-season-21-stage-1
6673,HLTV Team profile,2380028,https://www.hltv.org/matches/2380028/eternal-fire-vs-nrg-esl-pro-league-season-21-stage-1
4773,HLTV Team profile,2380029,https://www.hltv.org/matches/2380029/flyquest-vs-pain-esl-pro-league-season-21-stage-1
9215,HLTV Team profile,2380030,https://www.hltv.org/matches/2380030/mibr-vs-tyloo-esl-pro-league-season-21-stage-1
7175,HLTV Team profile,2380031,https://www.hltv.org/matches/2380031/heroic-vs-nemiga-esl-pro-league-season-21-stage-1
12774,HLTV Team profile,2380032,https://www.hltv.org/matches/2380032/eternal-fire-vs-flyquest-esl-pro-league-season-21-stage-1
4773,HLTV Team profile,2380033,https://www.hltv.org/matches/2380033/pain-vs-lynn-vision-esl-pro-league-season-21-stage-1
4914,HLTV Team profile,2380034,https://www.hltv.org/matches/2380034/3dmax-vs-m80-esl-pro-league-season-21-stage-1
8297,HLTV Team profile,2380035,https://www.hltv.org/matches/2380035/furia-vs-nrg-esl-pro-league-season-21-stage-1
12774,HLTV Team profile,2380036,https://www.hltv.org/matches/2380036/flyquest-vs-tyloo-esl-pro-league-season-21-stage-1
4773,HLTV Team profile,2380037,https://www.hltv.org/matches/2380037/pain-vs-nemiga-esl-pro-league-season-21-stage-1
8297,HLTV Team profile,2380038,https://www.hltv.org/matches/2380038/furia-vs-m80-esl-pro-league-season-21-stage-1
7020,HLTV Team profile,2380039,https://www.hltv.org/matches/2380039/spirit-vs-tyloo-esl-pro-league-season-21
9565,HLTV Team profile,2380040,https://www.hltv.org/matches/2380040/vitality-vs-mibr-esl-pro-league-season-21
4608,HLTV Team profile,2380041,https://www.hltv.org/matches/2380041/natus-vincere-vs-saw-esl-pro-league-season-21
8297,HLTV Team profile,2380042,https://www.hltv.org/matches/2380042/mouz-vs-furia-esl-pro-league-season-21
5995,HLTV Team profile,2380043,https://www.hltv.org/matches/2380043/g2-vs-pain-esl-pro-league-season-21
6248,HLTV Team profile,2380044,https://www.hltv.org/matches/2380044/the-mongolz-vs-gamerlegion-esl-pro-league-season-21
4914,HLTV Team profile,2380045,https://www.hltv.org/matches/2380045/eternal-fire-vs-3dmax-esl-pro-league-season-21
11283,HLTV Team profile,2380046,https://www.hltv.org/matches/2380046/falcons-vs-liquid-esl-pro-league-season-21
4608,HLTV Team profile,2380047,https://www.hltv.org/matches/2380047/natus-vincere-vs-tyloo-esl-pro-league-season-21
9215,HLTV Team profile,2380048,https://www.hltv.org/matches/2380048/eternal-fire-vs-mibr-esl-pro-league-season-21
6248,HLTV Team profile,2380049,https://www.hltv.org/matches/2380049/g2-vs-the-mongolz-esl-pro-league-season-21
9928,HLTV Team profile,2380050,https://www.hltv.org/matches/2380050/gamerlegion-vs-pain-esl-pro-league-season-21
9565,HLTV Team profile,2380051,https://www.hltv.org/matches/2380051/vitality-vs-3dmax-esl-pro-league-season-21
11283,HLTV Team profile,2380052,https://www.hltv.org/matches/2380052/mouz-vs-falcons-esl-pro-league-season-21
7020,HLTV Team profile,2380053,https://www.hltv.org/matches/2380053/spirit-vs-saw-esl-pro-league-season-21
8297,HLTV Team profile,2380054,https://www.hltv.org/matches/2380054/liquid-vs-furia-esl-pro-league-season-21
9928,HLTV Team profile,2380055,https://www.hltv.org/matches/2380055/gamerlegion-vs-tyloo-esl-pro-league-season-21
11283,HLTV Team profile,2380056,https://www.hltv.org/matches/2380056/falcons-vs-3dmax-esl-pro-league-season-21
7020,HLTV Team profile,2380057,https://www.hltv.org/matches/2380057/spirit-vs-the-mongolz-esl-pro-league-season-21
5995,HLTV Team profile,2380058,https://www.hltv.org/matches/2380058/g2-vs-saw-esl-pro-league-season-21
9565,HLTV Team profile,2380059,https://www.hltv.org/matches/2380059/vitality-vs-mouz-esl-pro-league-season-21
4608,HLTV Team profile,2380060,https://www.hltv.org/matches/2380060/pain-vs-natus-vincere-esl-pro-league-season-21
8297,HLTV Team profile,2380061,https://www.hltv.org/matches/2380061/furia-vs-mibr-esl-pro-league-season-21
5973,HLTV Team profile,2380062,https://www.hltv.org/matches/2380062/liquid-vs-eternal-fire-esl-pro-league-season-21
6248,HLTV Team profile,2380063,https://www.hltv.org/matches/2380063/the-mongolz-vs-3dmax-esl-pro-league-season-21
9928,HLTV Team profile,2380064,https://www.hltv.org/matches/2380064/saw-vs-gamerlegion-esl-pro-league-season-21
4494,HLTV Team profile,2380065,https://www.hltv.org/matches/2380065/mouz-vs-liquid-esl-pro-league-season-21
4773,HLTV Team profile,2380066,https://www.hltv.org/matches/2380066/eternal-fire-vs-pain-esl-pro-league-season-21
4608,HLTV Team profile,2380067,https://www.hltv.org/matches/2380067/g2-vs-natus-vincere-esl-pro-league-season-21
8297,HLTV Team profile,2380068,https://www.hltv.org/matches/2380068/falcons-vs-furia-esl-pro-league-season-21
4914,HLTV Team profile,2380069,https://www.hltv.org/matches/2380069/liquid-vs-3dmax-esl-pro-league-season-21
11283,HLTV Team profile,2380070,https://www.hltv.org/matches/2380070/falcons-vs-eternal-fire-esl-pro-league-season-21
5995,HLTV Team profile,2380071,https://www.hltv.org/matches/2380071/g2-vs-gamerlegion-esl-pro-league-season-21
9565,HLTV Team profile,2380072,https://www.hltv.org/matches/2380072/vitality-vs-liquid-esl-pro-league-season-21
4608,HLTV Team profile,2380073,https://www.hltv.org/matches/2380073/natus-vincere-vs-the-mongolz-esl-pro-league-season-21
4494,HLTV Team profile,2380074,https://www.hltv.org/matches/2380074/mouz-vs-g2-esl-pro-league-season-21
7020,HLTV Team profile,2380075,https://www.hltv.org/matches/2380075/eternal-fire-vs-spirit-esl-pro-league-season-21
9565,HLTV Team profile,2380076,https://www.hltv.org/matches/2380076/vitality-vs-the-mongolz-esl-pro-league-season-21
7020,HLTV Team profile,2380077,https://www.hltv.org/matches/2380077/spirit-vs-mouz-esl-pro-league-season-21
9565,HLTV Team profile,2380078,https://www.hltv.org/matches/2380078/mouz-vs-vitality-esl-pro-league-season-21
12467,HLTV Team profile,2380079,https://www.hltv.org/matches/2380079/sashi-vs-parivision-cct-season-2-europe-series-19
12878,HLTV Team profile,2380080,https://www.hltv.org/matches/2380080/bcgame-vs-fire-flux-cct-season-2-europe-series-19
11861,HLTV Team profile,2380101,https://www.hltv.org/matches/2380101/aurora-vs-ence-academy-european-pro-league-season-23
11283,HLTV Team profile,2380112,https://www.hltv.org/matches/2380112/the-huns-vs-falcons-blast-open-lisbon-2025
6667,HLTV Team profile,2380113,https://www.hltv.org/matches/2380113/astralis-vs-faze-blast-open-lisbon-2025
7020,HLTV Team profile,2380114,https://www.hltv.org/matches/2380114/spirit-vs-mouz-blast-open-lisbon-2025
9565,HLTV Team profile,2380115,https://www.hltv.org/matches/2380115/vitality-vs-virtuspro-blast-open-lisbon-2025
5973,HLTV Team profile,2380116,https://www.hltv.org/matches/2380116/imperial-vs-liquid-blast-open-lisbon-2025
8297,HLTV Team profile,2380117,https://www.hltv.org/matches/2380117/m80-vs-furia-blast-open-lisbon-2025
5995,HLTV Team profile,2380118,https://www.hltv.org/matches/2380118/g2-vs-eternal-fire-blast-open-lisbon-2025
4608,HLTV Team profile,2380119,https://www.hltv.org/matches/2380119/the-mongolz-vs-natus-vincere-blast-open-lisbon-2025
12468,HLTV Team profile,2380120,https://www.hltv.org/matches/2380120/legacy-vs-incontrol-esl-challenger-league-season-49-north-america
12468,HLTV Team profile,2380121,https://www.hltv.org/matches/2380121/incontrol-vs-legacy-esl-challenger-league-season-49-north-america
11283,HLTV Team profile,2380122,https://www.hltv.org/matches/2380122/falcons-vs-virtuspro-blast-open-lisbon-2025
7020,HLTV Team profile,2380123,https://www.hltv.org/matches/2380123/faze-vs-spirit-blast-open-lisbon-2025
6248,HLTV Team profile,2380124,https://www.hltv.org/matches/2380124/liquid-vs-the-mongolz-blast-open-lisbon-2025
5995,HLTV Team profile,2380125,https://www.hltv.org/matches/2380125/m80-vs-g2-blast-open-lisbon-2025
9565,HLTV Team profile,2380126,https://www.hltv.org/matches/2380126/mouz-vs-vitality-blast-open-lisbon-2025
7020,HLTV Team profile,2380127,https://www.hltv.org/matches/2380127/virtuspro-vs-spirit-blast-open-lisbon-2025
4608,HLTV Team profile,2380128,https://www.hltv.org/matches/2380128/eternal-fire-vs-natus-vincere-blast-open-lisbon-2025
6248,HLTV Team profile,2380129,https://www.hltv.org/matches/2380129/the-mongolz-vs-g2-blast-open-lisbon-2025
4608,HLTV Team profile,2380130,https://www.hltv.org/matches/2380130/spirit-vs-natus-vincere-blast-open-lisbon-2025
4494,HLTV Team profile,2380131,https://www.hltv.org/matches/2380131/mouz-vs-g2-blast-open-lisbon-2025
9565,HLTV Team profile,2380132,https://www.hltv.org/matches/2380132/vitality-vs-spirit-blast-open-lisbon-2025
4494,HLTV Team profile,2380133,https://www.hltv.org/matches/2380133/eternal-fire-vs-mouz-blast-open-lisbon-2025
9565,HLTV Team profile,2380134,https://www.hltv.org/matches/2380134/mouz-vs-vitality-blast-open-lisbon-2025
12467,HLTV Team profile,2380150,https://www.hltv.org/matches/2380150/9-pandas-vs-parivision-cct-season-2-europe-series-20
12467,HLTV Team profile,2380155,https://www.hltv.org/matches/2380155/sinners-vs-parivision-cct-season-2-europe-series-19
12878,HLTV Team profile,2380157,https://www.hltv.org/matches/2380157/partizan-vs-bcgame-cct-season-2-europe-series-19
12467,HLTV Team profile,2380161,https://www.hltv.org/matches/2380161/9-pandas-vs-parivision-cct-season-2-europe-series-19
12878,HLTV Team profile,2380163,https://www.hltv.org/matches/2380163/spirit-academy-vs-bcgame-cct-season-2-europe-series-19
12878,HLTV Team profile,2380165,https://www.hltv.org/matches/2380165/big-vs-bcgame-cct-season-2-europe-series-19
12394,HLTV Team profile,2380166,https://www.hltv.org/matches/2380166/betboom-vs-9-pandas-cct-season-2-europe-series-19
12426,HLTV Team profile,2380170,https://www.hltv.org/matches/2380170/passion-ua-vs-500-cct-season-2-europe-series-19
12878,HLTV Team profile,2380173,https://www.hltv.org/matches/2380173/bcgame-vs-passion-ua-cct-season-2-europe-series-19
12878,HLTV Team profile,2380176,https://www.hltv.org/matches/2380176/bcgame-vs-metizport-cct-season-2-europe-series-19
12878,HLTV Team profile,2380178,https://www.hltv.org/matches/2380178/bcgame-vs-fnatic-cct-season-2-europe-series-19
11861,HLTV Team profile,2380202,https://www.hltv.org/matches/2380202/aurora-vs-bad-news-eagles-european-pro-league-season-23
11861,HLTV Team profile,2380210,https://www.hltv.org/matches/2380210/aurora-vs-cph-wolves-european-pro-league-season-23
11861,HLTV Team profile,2380214,https://www.hltv.org/matches/2380214/eclot-vs-aurora-european-pro-league-season-23
11861,HLTV Team profile,2380215,https://www.hltv.org/matches/2380215/permitta-vs-aurora-european-pro-league-season-23
11861,HLTV Team profile,2380217,https://www.hltv.org/matches/2380217/aurora-vs-leo-european-pro-league-season-23
11861,HLTV Team profile,2380219,https://www.hltv.org/matches/2380219/aurora-vs-kono-european-pro-league-season-23
11861,HLTV Team profile,2380220,https://www.hltv.org/matches/2380220/eclot-vs-aurora-european-pro-league-season-23
11581,HLTV Team profile,2380251,https://www.hltv.org/matches/2380251/eruption-vs-hotu-mesa-asian-masters-2025
11581,HLTV Team profile,2380255,https://www.hltv.org/matches/2380255/jijiehao-vs-hotu-mesa-asian-masters-2025
11581,HLTV Team profile,2380258,https://www.hltv.org/matches/2380258/chinggis-warriors-vs-hotu-mesa-asian-masters-2025
11581,HLTV Team profile,2380261,https://www.hltv.org/matches/2380261/hotu-vs-rare-atom-mesa-asian-masters-2025
12468,HLTV Team profile,2380286,https://www.hltv.org/matches/2380286/legacy-vs-bluejays-esl-challenger-league-season-49-north-america
12468,HLTV Team profile,2380287,https://www.hltv.org/matches/2380287/bluejays-vs-legacy-esl-challenger-league-season-49-north-america
12467,HLTV Team profile,2380308,https://www.hltv.org/matches/2380308/monte-vs-parivision-cct-season-2-europe-series-20
12878,HLTV Team profile,2380317,https://www.hltv.org/matches/2380317/bcgame-vs-alliance-a1-gaming-league-season-10
11861,HLTV Team profile,2380318,https://www.hltv.org/matches/2380318/fire-flux-vs-aurora-a1-gaming-league-season-10
11861,HLTV Team profile,2380321,https://www.hltv.org/matches/2380321/bcgame-vs-aurora-a1-gaming-league-season-10
12467,HLTV Team profile,2380391,https://www.hltv.org/matches/2380391/gtz-vs-parivision-cct-season-2-europe-series-20
12467,HLTV Team profile,2380396,https://www.hltv.org/matches/2380396/fnatic-vs-parivision-cct-season-2-europe-series-20
11861,HLTV Team profile,2380412,https://www.hltv.org/matches/2380412/og-vs-aurora-a1-gaming-league-season-10
12878,HLTV Team profile,2380415,https://www.hltv.org/matches/2380415/bcgame-vs-ecstatic-a1-gaming-league-season-10
12468,HLTV Team profile,2380451,https://www.hltv.org/matches/2380451/legacy-vs-chicken-coop-esl-challenger-league-season-49-north-america
12468,HLTV Team profile,2380452,https://www.hltv.org/matches/2380452/chicken-coop-vs-legacy-esl-challenger-league-season-49-north-america
6673,HLTV Team profile,2380453,https://www.hltv.org/matches/2380453/nrg-vs-nouns-esl-challenger-league-season-49-north-america
12468,HLTV Team profile,2380454,https://www.hltv.org/matches/2380454/legacy-vs-getting-info-esl-challenger-league-season-49-north-america
6673,HLTV Team profile,2380461,https://www.hltv.org/matches/2380461/nouns-vs-nrg-esl-challenger-league-season-49-north-america
12468,HLTV Team profile,2380462,https://www.hltv.org/matches/2380462/getting-info-vs-legacy-esl-challenger-league-season-49-north-america
6673,HLTV Team profile,2380469,https://www.hltv.org/matches/2380469/nrg-vs-party-astronauts-esl-challenger-league-season-49-north-america
12468,HLTV Team profile,2380470,https://www.hltv.org/matches/2380470/legacy-vs-bad-news-capybaras-esl-challenger-league-season-49-north-america
6673,HLTV Team profile,2380476,https://www.hltv.org/matches/2380476/party-astronauts-vs-nrg-esl-challenger-league-season-49-north-america
12468,HLTV Team profile,2380477,https://www.hltv.org/matches/2380477/bad-news-capybaras-vs-legacy-esl-challenger-league-season-49-north-america
6673,HLTV Team profile,2380483,https://www.hltv.org/matches/2380483/nrg-vs-incontrol-esl-challenger-league-season-49-north-america
12468,HLTV Team profile,2380484,https://www.hltv.org/matches/2380484/legacy-vs-worms-esl-challenger-league-season-49-north-america
6673,HLTV Team profile,2380490,https://www.hltv.org/matches/2380490/incontrol-vs-nrg-esl-challenger-league-season-49-north-america
12468,HLTV Team profile,2380491,https://www.hltv.org/matches/2380491/worms-vs-legacy-esl-challenger-league-season-49-north-america
6673,HLTV Team profile,2380497,https://www.hltv.org/matches/2380497/nrg-vs-marsborne-esl-challenger-league-season-49-north-america
12468,HLTV Team profile,2380498,https://www.hltv.org/matches/2380498/legacy-vs-nouns-esl-challenger-league-season-49-north-america
6673,HLTV Team profile,2380504,https://www.hltv.org/matches/2380504/marsborne-vs-nrg-esl-challenger-league-season-49-north-america
12468,HLTV Team profile,2380505,https://www.hltv.org/matches/2380505/nouns-vs-legacy-esl-challenger-league-season-49-north-america
12394,HLTV Team profile,2380544,https://www.hltv.org/matches/2380544/betboom-vs-navi-junior-cct-season-2-europe-series-20
12467,HLTV Team profile,2380547,https://www.hltv.org/matches/2380547/big-vs-parivision-cct-season-2-europe-series-20
12426,HLTV Team profile,2380549,https://www.hltv.org/matches/2380549/passion-ua-vs-zero-tenacity-cct-season-2-europe-series-20
12467,HLTV Team profile,2380553,https://www.hltv.org/matches/2380553/parivision-vs-zero-tenacity-cct-season-2-europe-series-20
12467,HLTV Team profile,2380556,https://www.hltv.org/matches/2380556/parivision-vs-og-cct-season-2-europe-series-20
11861,HLTV Team profile,2380576,https://www.hltv.org/matches/2380576/aurora-vs-sashi-galaxy-battle-2025-starter
11861,HLTV Team profile,2380587,https://www.hltv.org/matches/2380587/aurora-vs-zero-tenacity-galaxy-battle-2025-starter
11861,HLTV Team profile,2380591,https://www.hltv.org/matches/2380591/aurora-vs-eclot-yalla-compass-winter-2025
12426,HLTV Team profile,2380592,https://www.hltv.org/matches/2380592/passion-ua-vs-sashi-yalla-compass-winter-2025
12426,HLTV Team profile,2380594,https://www.hltv.org/matches/2380594/passion-ua-vs-big-yalla-compass-winter-2025
11861,HLTV Team profile,2380630,https://www.hltv.org/matches/2380630/gun5-vs-aurora-galaxy-battle-2025-starter
4411,HLTV Team profile,2380678,https://www.hltv.org/matches/2380678/benched-vs-ninjas-in-pyjamas-pgl-astana-2025-europe-open-qualifier-1
11241,HLTV Team profile,2380712,https://www.hltv.org/matches/2380712/b8-vs-zero-tenacity-esl-challenger-league-season-49-europe
12467,HLTV Team profile,2380714,https://www.hltv.org/matches/2380714/parivision-vs-navi-junior-esl-challenger-league-season-49-europe
11861,HLTV Team profile,2380717,https://www.hltv.org/matches/2380717/sashi-vs-aurora-esl-challenger-league-season-49-europe
11861,HLTV Team profile,2380724,https://www.hltv.org/matches/2380724/aurora-vs-hesta-pgl-astana-2025-europe-open-qualifier-2
11861,HLTV Team profile,2380730,https://www.hltv.org/matches/2380730/leon-vs-aurora-pgl-astana-2025-europe-open-qualifier-2
11861,HLTV Team profile,2380733,https://www.hltv.org/matches/2380733/ecstatic-vs-aurora-pgl-astana-2025-europe-open-qualifier-2
11861,HLTV Team profile,2380745,https://www.hltv.org/matches/2380745/monte-vs-aurora-galaxy-battle-2025-starter
11861,HLTV Team profile,2380748,https://www.hltv.org/matches/2380748/aurora-vs-betclic-galaxy-battle-2025-starter
12878,HLTV Team profile,2380753,https://www.hltv.org/matches/2380753/bcgame-vs-rush-b-a1-gaming-league-season-10
12878,HLTV Team profile,2380757,https://www.hltv.org/matches/2380757/bcgame-vs-wildlotus-a1-gaming-league-season-10
11241,HLTV Team profile,2380770,https://www.hltv.org/matches/2380770/b8-vs-nemiga-esl-challenger-league-season-49-europe
12467,HLTV Team profile,2380771,https://www.hltv.org/matches/2380771/favbet-vs-parivision-esl-challenger-league-season-49-europe
11861,HLTV Team profile,2380772,https://www.hltv.org/matches/2380772/spirit-academy-vs-aurora-esl-challenger-league-season-49-europe
12426,HLTV Team profile,2380783,https://www.hltv.org/matches/2380783/passion-ua-vs-sashi-galaxy-battle-2025-starter
11861,HLTV Team profile,2380784,https://www.hltv.org/matches/2380784/nexus-vs-aurora-galaxy-battle-2025-starter
11861,HLTV Team profile,2380790,https://www.hltv.org/matches/2380790/aurora-vs-fnatic-galaxy-battle-2025-starter
12426,HLTV Team profile,2380791,https://www.hltv.org/matches/2380791/passion-ua-vs-eclot-galaxy-battle-2025-starter
11861,HLTV Team profile,2380794,https://www.hltv.org/matches/2380794/aurora-vs-eclot-galaxy-battle-2025-starter
11861,HLTV Team profile,2380796,https://www.hltv.org/matches/2380796/metizport-vs-aurora-galaxy-battle-2025-starter
4411,HLTV Team profile,2380870,https://www.hltv.org/matches/2380870/bombardino-crocodilo-vs-ninjas-in-pyjamas-pgl-astana-2025-europe-open-qualifier-4
4411,HLTV Team profile,2380877,https://www.hltv.org/matches/2380877/ninjas-in-pyjamas-vs-informmix-pgl-astana-2025-europe-open-qualifier-4
4411,HLTV Team profile,2380880,https://www.hltv.org/matches/2380880/ninjas-in-pyjamas-vs-hesta-pgl-astana-2025-europe-open-qualifier-4
4411,HLTV Team profile,2380882,https://www.hltv.org/matches/2380882/wildlotus-vs-ninjas-in-pyjamas-pgl-astana-2025-europe-open-qualifier-4
11241,HLTV Team profile,2380908,https://www.hltv.org/matches/2380908/b8-vs-roler-coaster-pgl-astana-2025-europe-closed-qualifier
12467,HLTV Team profile,2380911,https://www.hltv.org/matches/2380911/ence-vs-parivision-pgl-astana-2025-europe-closed-qualifier
12394,HLTV Team profile,2380916,https://www.hltv.org/matches/2380916/betboom-vs-tnl-pgl-astana-2025-europe-closed-qualifier
4411,HLTV Team profile,2380920,https://www.hltv.org/matches/2380920/passion-ua-vs-ninjas-in-pyjamas-pgl-astana-2025-europe-closed-qualifier
11581,HLTV Team profile,2380926,https://www.hltv.org/matches/2380926/eruption-vs-hotu-pgl-astana-2025-rest-of-asia-closed-qualifier
6673,HLTV Team profile,2380962,https://www.hltv.org/matches/2380962/nrg-vs-party-astronauts-pgl-astana-2025-north-america-closed-qualifier
12376,HLTV Team profile,2380966,https://www.hltv.org/matches/2380966/m80-vs-northern-cossacks-pgl-astana-2025-north-america-closed-qualifier
11241,HLTV Team profile,2380976,https://www.hltv.org/matches/2380976/b8-vs-cybershoke-pgl-astana-2025-europe-closed-qualifier
12467,HLTV Team profile,2380977,https://www.hltv.org/matches/2380977/gun5-vs-parivision-pgl-astana-2025-europe-closed-qualifier
11241,HLTV Team profile,2380978,https://www.hltv.org/matches/2380978/ence-vs-b8-pgl-astana-2025-europe-closed-qualifier
12467,HLTV Team profile,2380979,https://www.hltv.org/matches/2380979/sashi-vs-parivision-pgl-astana-2025-europe-closed-qualifier
12467,HLTV Team profile,2380981,https://www.hltv.org/matches/2380981/b8-vs-parivision-pgl-astana-2025-europe-closed-qualifier
11241,HLTV Team profile,2380982,https://www.hltv.org/matches/2380982/cybershoke-vs-b8-pgl-astana-2025-europe-closed-qualifier
11241,HLTV Team profile,2380983,https://www.hltv.org/matches/2380983/gun5-vs-b8-pgl-astana-2025-europe-closed-qualifier
12394,HLTV Team profile,2380994,https://www.hltv.org/matches/2380994/betboom-vs-og-pgl-astana-2025-europe-closed-qualifier
12394,HLTV Team profile,2380999,https://www.hltv.org/matches/2380999/betboom-vs-9-pandas-pgl-astana-2025-europe-closed-qualifier
12394,HLTV Team profile,2381001,https://www.hltv.org/matches/2381001/monte-vs-betboom-pgl-astana-2025-europe-closed-qualifier
12394,HLTV Team profile,2381002,https://www.hltv.org/matches/2381002/tnl-vs-betboom-pgl-astana-2025-europe-closed-qualifier
12394,HLTV Team profile,2381003,https://www.hltv.org/matches/2381003/metizport-vs-betboom-pgl-astana-2025-europe-closed-qualifier
12426,HLTV Team profile,2381004,https://www.hltv.org/matches/2381004/passion-ua-vs-gtz-pgl-astana-2025-europe-closed-qualifier
4411,HLTV Team profile,2381006,https://www.hltv.org/matches/2381006/ninjas-in-pyjamas-vs-jano-pgl-astana-2025-europe-closed-qualifier
12426,HLTV Team profile,2381009,https://www.hltv.org/matches/2381009/passion-ua-vs-fire-flux-pgl-astana-2025-europe-closed-qualifier
4411,HLTV Team profile,2381010,https://www.hltv.org/matches/2381010/ninjas-in-pyjamas-vs-fnatic-pgl-astana-2025-europe-closed-qualifier
4411,HLTV Team profile,2381012,https://www.hltv.org/matches/2381012/ninjas-in-pyjamas-vs-amkal-pgl-astana-2025-europe-closed-qualifier
4411,HLTV Team profile,2381013,https://www.hltv.org/matches/2381013/fnatic-vs-ninjas-in-pyjamas-pgl-astana-2025-europe-closed-qualifier
11241,HLTV Team profile,2381014,https://www.hltv.org/matches/2381014/b8-vs-ninjas-in-pyjamas-pgl-astana-2025-europe-closed-qualifier
4411,HLTV Team profile,2381016,https://www.hltv.org/matches/2381016/ninjas-in-pyjamas-vs-metizport-pgl-astana-2025-europe-closed-qualifier
11581,HLTV Team profile,2381039,https://www.hltv.org/matches/2381039/hotu-vs-chinggis-warriors-pgl-astana-2025-rest-of-asia-closed-qualifier
11581,HLTV Team profile,2381043,https://www.hltv.org/matches/2381043/hotu-vs-the-huns-pgl-astana-2025-rest-of-asia-closed-qualifier
11581,HLTV Team profile,2381046,https://www.hltv.org/matches/2381046/hotu-vs-the-huns-pgl-astana-2025-rest-of-asia-closed-qualifier
6673,HLTV Team profile,2381057,https://www.hltv.org/matches/2381057/nrg-vs-tsunami-pgl-astana-2025-north-america-closed-qualifier
12376,HLTV Team profile,2381058,https://www.hltv.org/matches/2381058/m80-vs-vagrants-pgl-astana-2025-north-america-closed-qualifier
6673,HLTV Team profile,2381073,https://www.hltv.org/matches/2381073/nrg-vs-nouns-pgl-astana-2025-north-america-closed-qualifier
12376,HLTV Team profile,2381074,https://www.hltv.org/matches/2381074/m80-vs-marsborne-pgl-astana-2025-north-america-closed-qualifier
6673,HLTV Team profile,2381085,https://www.hltv.org/matches/2381085/nrg-vs-nouns-pgl-astana-2025-north-america-closed-qualifier
12376,HLTV Team profile,2381086,https://www.hltv.org/matches/2381086/m80-vs-marsborne-pgl-astana-2025-north-america-closed-qualifier
12376,HLTV Team profile,2381130,https://www.hltv.org/matches/2381130/wildcard-vs-m80-pgl-astana-2025-north-america-closed-qualifier
6673,HLTV Team profile,2381131,https://www.hltv.org/matches/2381131/bluejays-vs-nrg-pgl-astana-2025-north-america-closed-qualifier
12376,HLTV Team profile,2381132,https://www.hltv.org/matches/2381132/m80-vs-bluejays-pgl-astana-2025-north-america-closed-qualifier
11861,HLTV Team profile,2381134,https://www.hltv.org/matches/2381134/aurora-vs-1win-betboom-landalan-2-closed-qualifier
12467,HLTV Team profile,2381136,https://www.hltv.org/matches/2381136/parivision-vs-arcred-betboom-landalan-2-closed-qualifier
11581,HLTV Team profile,2381137,https://www.hltv.org/matches/2381137/rare-atom-vs-hotu-pgl-astana-2025-asia-closed-qualifier
11581,HLTV Team profile,2381139,https://www.hltv.org/matches/2381139/hotu-vs-jijiehao-pgl-astana-2025-asia-closed-qualifier
11861,HLTV Team profile,2381205,https://www.hltv.org/matches/2381205/aurora-vs-monte-esl-challenger-league-season-49-europe
6673,HLTV Team profile,2381209,https://www.hltv.org/matches/2381209/nrg-vs-chicken-coop-esl-challenger-league-season-49-north-america
12468,HLTV Team profile,2381210,https://www.hltv.org/matches/2381210/legacy-vs-marsborne-esl-challenger-league-season-49-north-america
6673,HLTV Team profile,2381215,https://www.hltv.org/matches/2381215/chicken-coop-vs-nrg-esl-challenger-league-season-49-north-america
12468,HLTV Team profile,2381216,https://www.hltv.org/matches/2381216/marsborne-vs-legacy-esl-challenger-league-season-49-north-america
6673,HLTV Team profile,2381221,https://www.hltv.org/matches/2381221/nrg-vs-worms-esl-challenger-league-season-49-north-america
12468,HLTV Team profile,2381222,https://www.hltv.org/matches/2381222/legacy-vs-super-evil-gang-esl-challenger-league-season-49-north-america
6673,HLTV Team profile,2381228,https://www.hltv.org/matches/2381228/worms-vs-nrg-esl-challenger-league-season-49-north-america
12468,HLTV Team profile,2381229,https://www.hltv.org/matches/2381229/super-evil-gang-vs-legacy-esl-challenger-league-season-49-north-america
6248,HLTV Team profile,2381251,https://www.hltv.org/matches/2381251/the-mongolz-vs-3dmax-pgl-bucharest-2025
11283,HLTV Team profile,2381253,https://www.hltv.org/matches/2381253/falcons-vs-complexity-pgl-bucharest-2025
5995,HLTV Team profile,2381254,https://www.hltv.org/matches/2381254/g2-vs-gamerlegion-pgl-bucharest-2025
11861,HLTV Team profile,2381255,https://www.hltv.org/matches/2381255/aurora-vs-pain-pgl-bucharest-2025
5973,HLTV Team profile,2381256,https://www.hltv.org/matches/2381256/liquid-vs-legacy-pgl-bucharest-2025
6667,HLTV Team profile,2381257,https://www.hltv.org/matches/2381257/faze-vs-astralis-pgl-bucharest-2025
8297,HLTV Team profile,2381258,https://www.hltv.org/matches/2381258/furia-vs-betclic-pgl-bucharest-2025
12426,HLTV Team profile,2381272,https://www.hltv.org/matches/2381272/passion-ua-vs-metizport-yalla-compass-spring-2025-closed-qualifier
12394,HLTV Team profile,2381273,https://www.hltv.org/matches/2381273/betboom-vs-ence-yalla-compass-spring-2025-closed-qualifier
12426,HLTV Team profile,2381278,https://www.hltv.org/matches/2381278/passion-ua-vs-9-pandas-yalla-compass-spring-2025-closed-qualifier
12394,HLTV Team profile,2381279,https://www.hltv.org/matches/2381279/betboom-vs-eclot-yalla-compass-spring-2025-closed-qualifier
12426,HLTV Team profile,2381284,https://www.hltv.org/matches/2381284/passion-ua-vs-imperial-valkyries-yalla-compass-spring-2025-closed-qualifier
12394,HLTV Team profile,2381285,https://www.hltv.org/matches/2381285/betboom-vs-nexus-yalla-compass-spring-2025-closed-qualifier
12426,HLTV Team profile,2381290,https://www.hltv.org/matches/2381290/passion-ua-vs-nemiga-yalla-compass-spring-2025-closed-qualifier
12394,HLTV Team profile,2381291,https://www.hltv.org/matches/2381291/betboom-vs-gtz-yalla-compass-spring-2025-closed-qualifier
12426,HLTV Team profile,2381294,https://www.hltv.org/matches/2381294/complexity-vs-passion-ua-yalla-compass-spring-2025-closed-qualifier
12394,HLTV Team profile,2381295,https://www.hltv.org/matches/2381295/partizan-vs-betboom-yalla-compass-spring-2025-closed-qualifier
5995,HLTV Team profile,2381300,https://www.hltv.org/matches/2381300/g2-vs-rare-atom-pgl-bucharest-2025
11283,HLTV Team profile,2381301,https://www.hltv.org/matches/2381301/falcons-vs-gamerlegion-pgl-bucharest-2025
11861,HLTV Team profile,2381302,https://www.hltv.org/matches/2381302/aurora-vs-legacy-pgl-bucharest-2025
5973,HLTV Team profile,2381303,https://www.hltv.org/matches/2381303/liquid-vs-virtuspro-pgl-bucharest-2025
4914,HLTV Team profile,2381304,https://www.hltv.org/matches/2381304/3dmax-vs-astralis-pgl-bucharest-2025
6248,HLTV Team profile,2381305,https://www.hltv.org/matches/2381305/the-mongolz-vs-betclic-pgl-bucharest-2025
8297,HLTV Team profile,2381306,https://www.hltv.org/matches/2381306/furia-vs-complexity-pgl-bucharest-2025
6667,HLTV Team profile,2381307,https://www.hltv.org/matches/2381307/faze-vs-pain-pgl-bucharest-2025
6665,HLTV Team profile,2381308,https://www.hltv.org/matches/2381308/astralis-vs-betclic-pgl-bucharest-2025
12468,HLTV Team profile,2381309,https://www.hltv.org/matches/2381309/gamerlegion-vs-legacy-pgl-bucharest-2025
8297,HLTV Team profile,2381310,https://www.hltv.org/matches/2381310/furia-vs-virtuspro-pgl-bucharest-2025
6667,HLTV Team profile,2381311,https://www.hltv.org/matches/2381311/rare-atom-vs-faze-pgl-bucharest-2025
5995,HLTV Team profile,2381312,https://www.hltv.org/matches/2381312/g2-vs-complexity-pgl-bucharest-2025
11283,HLTV Team profile,2381313,https://www.hltv.org/matches/2381313/falcons-vs-pain-pgl-bucharest-2025
11861,HLTV Team profile,2381314,https://www.hltv.org/matches/2381314/aurora-vs-3dmax-pgl-bucharest-2025
6248,HLTV Team profile,2381315,https://www.hltv.org/matches/2381315/the-mongolz-vs-liquid-pgl-bucharest-2025
9928,HLTV Team profile,2381316,https://www.hltv.org/matches/2381316/gamerlegion-vs-virtuspro-pgl-bucharest-2025
12468,HLTV Team profile,2381317,https://www.hltv.org/matches/2381317/astralis-vs-legacy-pgl-bucharest-2025
6667,HLTV Team profile,2381318,https://www.hltv.org/matches/2381318/complexity-vs-faze-pgl-bucharest-2025
11283,HLTV Team profile,2381319,https://www.hltv.org/matches/2381319/rare-atom-vs-falcons-pgl-bucharest-2025
11861,HLTV Team profile,2381320,https://www.hltv.org/matches/2381320/aurora-vs-betclic-pgl-bucharest-2025
8297,HLTV Team profile,2381321,https://www.hltv.org/matches/2381321/furia-vs-the-mongolz-pgl-bucharest-2025
6665,HLTV Team profile,2381322,https://www.hltv.org/matches/2381322/astralis-vs-virtuspro-pgl-bucharest-2025
6667,HLTV Team profile,2381323,https://www.hltv.org/matches/2381323/betclic-vs-faze-pgl-bucharest-2025
11283,HLTV Team profile,2381324,https://www.hltv.org/matches/2381324/falcons-vs-the-mongolz-pgl-bucharest-2025
11283,HLTV Team profile,2381325,https://www.hltv.org/matches/2381325/gamerlegion-vs-falcons-pgl-bucharest-2025
6667,HLTV Team profile,2381326,https://www.hltv.org/matches/2381326/3dmax-vs-faze-pgl-bucharest-2025
11861,HLTV Team profile,2381327,https://www.hltv.org/matches/2381327/complexity-vs-aurora-pgl-bucharest-2025
5995,HLTV Team profile,2381328,https://www.hltv.org/matches/2381328/g2-vs-virtuspro-pgl-bucharest-2025
11283,HLTV Team profile,2381329,https://www.hltv.org/matches/2381329/falcons-vs-faze-pgl-bucharest-2025
5995,HLTV Team profile,2381330,https://www.hltv.org/matches/2381330/complexity-vs-g2-pgl-bucharest-2025
6667,HLTV Team profile,2381331,https://www.hltv.org/matches/2381331/faze-vs-complexity-pgl-bucharest-2025
11283,HLTV Team profile,2381332,https://www.hltv.org/matches/2381332/falcons-vs-g2-pgl-bucharest-2025
11861,HLTV Team profile,2381337,https://www.hltv.org/matches/2381337/aurora-vs-cybershoke-betboom-landalan-2-closed-qualifier
12467,HLTV Team profile,2381341,https://www.hltv.org/matches/2381341/novaq-vs-parivision-betboom-landalan-2-closed-qualifier
12468,HLTV Team profile,2381453,https://www.hltv.org/matches/2381453/nrg-vs-legacy-esl-challenger-league-season-49-north-america
12468,HLTV Team profile,2381458,https://www.hltv.org/matches/2381458/legacy-vs-nrg-esl-challenger-league-season-49-north-america
12468,HLTV Team profile,2381466,https://www.hltv.org/matches/2381466/legacy-vs-party-astronauts-esl-challenger-league-season-49-north-america
12468,HLTV Team profile,2381470,https://www.hltv.org/matches/2381470/party-astronauts-vs-legacy-esl-challenger-league-season-49-north-america
12878,HLTV Team profile,2381520,https://www.hltv.org/matches/2381520/betboom-vs-bcgame-a1-gaming-league-season-10
12426,HLTV Team profile,2381523,https://www.hltv.org/matches/2381523/passion-ua-vs-ecstatic-a1-gaming-league-season-10
12467,HLTV Team profile,2381531,https://www.hltv.org/matches/2381531/cybershoke-vs-parivision-galaxy-battle-2025-phase-1
12467,HLTV Team profile,2381536,https://www.hltv.org/matches/2381536/nexus-vs-parivision-galaxy-battle-2025-phase-1
12394,HLTV Team profile,2381544,https://www.hltv.org/matches/2381544/betboom-vs-gun5-a1-gaming-league-season-10
12394,HLTV Team profile,2381549,https://www.hltv.org/matches/2381549/betboom-vs-ecstatic-a1-gaming-league-season-10
9928,HLTV Team profile,2381569,https://www.hltv.org/matches/2381569/gamerlegion-vs-nemiga-blasttv-austin-major-2025-europe-regional-qualifier
11241,HLTV Team profile,2381570,https://www.hltv.org/matches/2381570/b8-vs-metizport-blasttv-austin-major-2025-europe-regional-qualifier
12467,HLTV Team profile,2381571,https://www.hltv.org/matches/2381571/heroic-vs-parivision-blasttv-austin-major-2025-europe-regional-qualifier
12394,HLTV Team profile,2381573,https://www.hltv.org/matches/2381573/saw-vs-betboom-blasttv-austin-major-2025-europe-regional-qualifier
12878,HLTV Team profile,2381574,https://www.hltv.org/matches/2381574/bcgame-vs-fnatic-blasttv-austin-major-2025-europe-regional-qualifier
6665,HLTV Team profile,2381575,https://www.hltv.org/matches/2381575/astralis-vs-og-blasttv-austin-major-2025-europe-regional-qualifier
7175,HLTV Team profile,2381576,https://www.hltv.org/matches/2381576/heroic-vs-ence-blasttv-austin-major-2025-europe-regional-qualifier
12878,HLTV Team profile,2381578,https://www.hltv.org/matches/2381578/bcgame-vs-metizport-blasttv-austin-major-2025-europe-regional-qualifier
11241,HLTV Team profile,2381579,https://www.hltv.org/matches/2381579/saw-vs-b8-blasttv-austin-major-2025-europe-regional-qualifier
12467,HLTV Team profile,2381581,https://www.hltv.org/matches/2381581/astralis-vs-parivision-blasttv-austin-major-2025-europe-regional-qualifier
12394,HLTV Team profile,2381582,https://www.hltv.org/matches/2381582/nemiga-vs-betboom-blasttv-austin-major-2025-europe-regional-qualifier
9928,HLTV Team profile,2381583,https://www.hltv.org/matches/2381583/gamerlegion-vs-fnatic-blasttv-austin-major-2025-europe-regional-qualifier
9928,HLTV Team profile,2381584,https://www.hltv.org/matches/2381584/gamerlegion-vs-500-blasttv-austin-major-2025-europe-regional-qualifier
12467,HLTV Team profile,2381585,https://www.hltv.org/matches/2381585/b8-vs-parivision-blasttv-austin-major-2025-europe-regional-qualifier
12878,HLTV Team profile,2381586,https://www.hltv.org/matches/2381586/bcgame-vs-big-blasttv-austin-major-2025-europe-regional-qualifier
12394,HLTV Team profile,2381587,https://www.hltv.org/matches/2381587/betboom-vs-fnatic-blasttv-austin-major-2025-europe-regional-qualifier
6665,HLTV Team profile,2381589,https://www.hltv.org/matches/2381589/astralis-vs-ence-blasttv-austin-major-2025-europe-regional-qualifier
7175,HLTV Team profile,2381591,https://www.hltv.org/matches/2381591/heroic-vs-nemiga-blasttv-austin-major-2025-europe-regional-qualifier
9928,HLTV Team profile,2381593,https://www.hltv.org/matches/2381593/saw-vs-gamerlegion-blasttv-austin-major-2025-europe-regional-qualifier
11241,HLTV Team profile,2381594,https://www.hltv.org/matches/2381594/bcgame-vs-b8-blasttv-austin-major-2025-europe-regional-qualifier
6665,HLTV Team profile,2381596,https://www.hltv.org/matches/2381596/metizport-vs-astralis-blasttv-austin-major-2025-europe-regional-qualifier
12394,HLTV Team profile,2381597,https://www.hltv.org/matches/2381597/9-pandas-vs-betboom-blasttv-austin-major-2025-europe-regional-qualifier
11241,HLTV Team profile,2381598,https://www.hltv.org/matches/2381598/9-pandas-vs-b8-blasttv-austin-major-2025-europe-regional-qualifier
6665,HLTV Team profile,2381599,https://www.hltv.org/matches/2381599/astralis-vs-big-blasttv-austin-major-2025-europe-regional-qualifier
11241,HLTV Team profile,2381601,https://www.hltv.org/matches/2381601/ence-vs-b8-blasttv-austin-major-2025-europe-regional-qualifier
11241,HLTV Team profile,2381602,https://www.hltv.org/matches/2381602/astralis-vs-b8-blasttv-austin-major-2025-europe-regional-qualifier
12468,HLTV Team profile,2381606,https://www.hltv.org/matches/2381606/legacy-vs-red-canids-blasttv-austin-major-2025-south-america-regional-qualifier
6673,HLTV Team profile,2381610,https://www.hltv.org/matches/2381610/nrg-vs-nouns-blasttv-austin-major-2025-north-america-regional-qualifier
6673,HLTV Team profile,2381614,https://www.hltv.org/matches/2381614/wildcard-vs-nrg-blasttv-austin-major-2025-north-america-regional-qualifier
6673,HLTV Team profile,2381616,https://www.hltv.org/matches/2381616/nrg-vs-getting-info-blasttv-austin-major-2025-north-america-regional-qualifier
6673,HLTV Team profile,2381617,https://www.hltv.org/matches/2381617/bluejays-vs-nrg-blasttv-austin-major-2025-north-america-regional-qualifier
12468,HLTV Team profile,2381621,https://www.hltv.org/matches/2381621/fluxo-vs-legacy-blasttv-austin-major-2025-south-america-regional-qualifier
12468,HLTV Team profile,2381623,https://www.hltv.org/matches/2381623/legacy-vs-oddik-blasttv-austin-major-2025-south-america-regional-qualifier
12468,HLTV Team profile,2381624,https://www.hltv.org/matches/2381624/bestia-vs-legacy-blasttv-austin-major-2025-south-america-regional-qualifier
12774,HLTV Team profile,2381626,https://www.hltv.org/matches/2381626/rooster-vs-flyquest-blasttv-austin-major-2025-oceania-sea-regional-qualifier
12774,HLTV Team profile,2381627,https://www.hltv.org/matches/2381627/semperfi-vs-flyquest-blasttv-austin-major-2025-oceania-sea-regional-qualifier
12774,HLTV Team profile,2381630,https://www.hltv.org/matches/2381630/flyquest-vs-semperfi-blasttv-austin-major-2025-oceania-sea-regional-qualifier
4494,HLTV Team profile,2381637,https://www.hltv.org/matches/2381637/mouz-vs-big-iem-melbourne-2025
4914,HLTV Team profile,2381638,https://www.hltv.org/matches/2381638/3dmax-vs-gamerlegion-iem-melbourne-2025
6667,HLTV Team profile,2381639,https://www.hltv.org/matches/2381639/faze-vs-pain-iem-melbourne-2025
6248,HLTV Team profile,2381640,https://www.hltv.org/matches/2381640/the-mongolz-vs-complexity-iem-melbourne-2025
9565,HLTV Team profile,2381641,https://www.hltv.org/matches/2381641/vitality-vs-flyquest-iem-melbourne-2025
5973,HLTV Team profile,2381642,https://www.hltv.org/matches/2381642/liquid-vs-virtuspro-iem-melbourne-2025
11283,HLTV Team profile,2381643,https://www.hltv.org/matches/2381643/falcons-vs-saw-iem-melbourne-2025
4608,HLTV Team profile,2381644,https://www.hltv.org/matches/2381644/natus-vincere-vs-mibr-iem-melbourne-2025
4411,HLTV Team profile,2381647,https://www.hltv.org/matches/2381647/tnl-vs-ninjas-in-pyjamas-level-up-lund-2025
12467,HLTV Team profile,2381667,https://www.hltv.org/matches/2381667/fire-flux-vs-parivision-galaxy-battle-2025-phase-1
12394,HLTV Team profile,2381672,https://www.hltv.org/matches/2381672/betboom-vs-nexus-yalla-compass-spring-2025
12394,HLTV Team profile,2381680,https://www.hltv.org/matches/2381680/betboom-vs-metizport-yalla-compass-spring-2025
12394,HLTV Team profile,2381684,https://www.hltv.org/matches/2381684/betboom-vs-gtz-yalla-compass-spring-2025
12394,HLTV Team profile,2381688,https://www.hltv.org/matches/2381688/betboom-vs-spirit-academy-yalla-compass-spring-2025
12394,HLTV Team profile,2381694,https://www.hltv.org/matches/2381694/ence-vs-betboom-yalla-compass-spring-2025
12394,HLTV Team profile,2381702,https://www.hltv.org/matches/2381702/betboom-vs-ence-yalla-compass-spring-2025
12467,HLTV Team profile,2381746,https://www.hltv.org/matches/2381746/parivision-vs-sashi-galaxy-battle-2025-phase-1
4914,HLTV Team profile,2381753,https://www.hltv.org/matches/2381753/3dmax-vs-big-iem-melbourne-2025
4773,HLTV Team profile,2381754,https://www.hltv.org/matches/2381754/pain-vs-complexity-iem-melbourne-2025
4494,HLTV Team profile,2381755,https://www.hltv.org/matches/2381755/gamerlegion-vs-mouz-iem-melbourne-2025
6667,HLTV Team profile,2381756,https://www.hltv.org/matches/2381756/faze-vs-the-mongolz-iem-melbourne-2025
12774,HLTV Team profile,2381757,https://www.hltv.org/matches/2381757/virtuspro-vs-flyquest-iem-melbourne-2025
9215,HLTV Team profile,2381758,https://www.hltv.org/matches/2381758/saw-vs-mibr-iem-melbourne-2025
9565,HLTV Team profile,2381759,https://www.hltv.org/matches/2381759/liquid-vs-vitality-iem-melbourne-2025
11283,HLTV Team profile,2381760,https://www.hltv.org/matches/2381760/falcons-vs-natus-vincere-iem-melbourne-2025
6667,HLTV Team profile,2381761,https://www.hltv.org/matches/2381761/faze-vs-3dmax-iem-melbourne-2025
9928,HLTV Team profile,2381762,https://www.hltv.org/matches/2381762/complexity-vs-gamerlegion-iem-melbourne-2025
4608,HLTV Team profile,2381763,https://www.hltv.org/matches/2381763/flyquest-vs-natus-vincere-iem-melbourne-2025
5973,HLTV Team profile,2381764,https://www.hltv.org/matches/2381764/liquid-vs-mibr-iem-melbourne-2025
6667,HLTV Team profile,2381765,https://www.hltv.org/matches/2381765/faze-vs-gamerlegion-iem-melbourne-2025
4494,HLTV Team profile,2381766,https://www.hltv.org/matches/2381766/mouz-vs-the-mongolz-iem-melbourne-2025
4608,HLTV Team profile,2381767,https://www.hltv.org/matches/2381767/liquid-vs-natus-vincere-iem-melbourne-2025
9565,HLTV Team profile,2381768,https://www.hltv.org/matches/2381768/vitality-vs-falcons-iem-melbourne-2025
11283,HLTV Team profile,2381769,https://www.hltv.org/matches/2381769/gamerlegion-vs-falcons-iem-melbourne-2025
6248,HLTV Team profile,2381770,https://www.hltv.org/matches/2381770/the-mongolz-vs-liquid-iem-melbourne-2025
11283,HLTV Team profile,2381771,https://www.hltv.org/matches/2381771/mouz-vs-falcons-iem-melbourne-2025
9565,HLTV Team profile,2381772,https://www.hltv.org/matches/2381772/vitality-vs-the-mongolz-iem-melbourne-2025
9565,HLTV Team profile,2381773,https://www.hltv.org/matches/2381773/falcons-vs-vitality-iem-melbourne-2025
11241,HLTV Team profile,2381794,https://www.hltv.org/matches/2381794/b8-vs-partizan-cct-global-finals-2025
12878,HLTV Team profile,2381795,https://www.hltv.org/matches/2381795/heroic-vs-bcgame-cct-global-finals-2025
12394,HLTV Team profile,2381796,https://www.hltv.org/matches/2381796/wildcard-vs-betboom-cct-global-finals-2025
12878,HLTV Team profile,2381798,https://www.hltv.org/matches/2381798/partizan-vs-bcgame-cct-global-finals-2025
11241,HLTV Team profile,2381800,https://www.hltv.org/matches/2381800/b8-vs-heroic-cct-global-finals-2025
12394,HLTV Team profile,2381801,https://www.hltv.org/matches/2381801/betboom-vs-imperial-cct-global-finals-2025
7175,HLTV Team profile,2381802,https://www.hltv.org/matches/2381802/wildcard-vs-heroic-cct-global-finals-2025
11241,HLTV Team profile,2381804,https://www.hltv.org/matches/2381804/b8-vs-betboom-cct-global-finals-2025
7175,HLTV Team profile,2381805,https://www.hltv.org/matches/2381805/heroic-vs-partizan-cct-global-finals-2025
7175,HLTV Team profile,2381806,https://www.hltv.org/matches/2381806/betboom-vs-heroic-cct-global-finals-2025
11241,HLTV Team profile,2381807,https://www.hltv.org/matches/2381807/b8-vs-heroic-cct-global-finals-2025
12426,HLTV Team profile,2381880,https://www.hltv.org/matches/2381880/passion-ua-vs-sashi-tipsport-conquest-of-prague-2025
12426,HLTV Team profile,2381890,https://www.hltv.org/matches/2381890/passion-ua-vs-navi-junior-tipsport-conquest-of-prague-2025
12426,HLTV Team profile,2381896,https://www.hltv.org/matches/2381896/passion-ua-vs-fire-flux-galaxy-battle-2025-phase-1
12467,HLTV Team profile,2381897,https://www.hltv.org/matches/2381897/gun5-vs-parivision-galaxy-battle-2025-phase-1
12426,HLTV Team profile,2381901,https://www.hltv.org/matches/2381901/9ine-vs-passion-ua-galaxy-battle-2025-phase-1
12426,HLTV Team profile,2381903,https://www.hltv.org/matches/2381903/navi-junior-vs-passion-ua-galaxy-battle-2025-phase-1
12426,HLTV Team profile,2381905,https://www.hltv.org/matches/2381905/passion-ua-vs-tnl-galaxy-battle-2025-phase-1
9565,HLTV Team profile,2381906,https://www.hltv.org/matches/2381906/vitality-vs-wildcard-blast-rivals-2025-season-1
4494,HLTV Team profile,2381907,https://www.hltv.org/matches/2381907/mouz-vs-pain-blast-rivals-2025-season-1
7020,HLTV Team profile,2381908,https://www.hltv.org/matches/2381908/spirit-vs-flyquest-blast-rivals-2025-season-1
11283,HLTV Team profile,2381909,https://www.hltv.org/matches/2381909/faze-vs-falcons-blast-rivals-2025-season-1
4773,HLTV Team profile,2381910,https://www.hltv.org/matches/2381910/pain-vs-wildcard-blast-rivals-2025-season-1
9565,HLTV Team profile,2381911,https://www.hltv.org/matches/2381911/mouz-vs-vitality-blast-rivals-2025-season-1
6667,HLTV Team profile,2381912,https://www.hltv.org/matches/2381912/flyquest-vs-faze-blast-rivals-2025-season-1
11283,HLTV Team profile,2381913,https://www.hltv.org/matches/2381913/spirit-vs-falcons-blast-rivals-2025-season-1
4494,HLTV Team profile,2381914,https://www.hltv.org/matches/2381914/mouz-vs-faze-blast-rivals-2025-season-1
7020,HLTV Team profile,2381915,https://www.hltv.org/matches/2381915/wildcard-vs-spirit-blast-rivals-2025-season-1
11283,HLTV Team profile,2381916,https://www.hltv.org/matches/2381916/falcons-vs-mouz-blast-rivals-2025-season-1
9565,HLTV Team profile,2381917,https://www.hltv.org/matches/2381917/vitality-vs-spirit-blast-rivals-2025-season-1
9565,HLTV Team profile,2381918,https://www.hltv.org/matches/2381918/falcons-vs-vitality-blast-rivals-2025-season-1
12426,HLTV Team profile,2381932,https://www.hltv.org/matches/2381932/passion-ua-vs-fnatic-tipsport-conquest-of-prague-2025
12426,HLTV Team profile,2381967,https://www.hltv.org/matches/2381967/passion-ua-vs-zero-tenacity-thunderpick-world-championship-2025-european-series-1
12467,HLTV Team profile,2382002,https://www.hltv.org/matches/2382002/navi-junior-vs-parivision-esl-challenger-league-season-49-europe
11241,HLTV Team profile,2382003,https://www.hltv.org/matches/2382003/b8-vs-zero-tenacity-esl-challenger-league-season-49-europe
12467,HLTV Team profile,2382006,https://www.hltv.org/matches/2382006/sinners-vs-parivision-esl-challenger-league-season-49-europe
11241,HLTV Team profile,2382007,https://www.hltv.org/matches/2382007/betera-vs-b8-esl-challenger-league-season-49-europe
11241,HLTV Team profile,2382010,https://www.hltv.org/matches/2382010/sinners-vs-b8-esl-challenger-league-season-49-europe
12467,HLTV Team profile,2382012,https://www.hltv.org/matches/2382012/zero-tenacity-vs-parivision-esl-challenger-league-season-49-europe
12467,HLTV Team profile,2382013,https://www.hltv.org/matches/2382013/betera-vs-parivision-esl-challenger-league-season-49-europe
12467,HLTV Team profile,2382014,https://www.hltv.org/matches/2382014/sinners-vs-parivision-esl-challenger-league-season-49-europe
12467,HLTV Team profile,2382015,https://www.hltv.org/matches/2382015/b8-vs-parivision-esl-challenger-league-season-49-europe
6673,HLTV Team profile,2382030,https://www.hltv.org/matches/2382030/nrg-vs-bluejays-esl-challenger-league-season-49-north-america
6673,HLTV Team profile,2382032,https://www.hltv.org/matches/2382032/getting-info-vs-nrg-esl-challenger-league-season-49-north-america
12468,HLTV Team profile,2382035,https://www.hltv.org/matches/2382035/marsborne-vs-legacy-esl-challenger-league-season-49-north-america
12468,HLTV Team profile,2382036,https://www.hltv.org/matches/2382036/legacy-vs-vagrants-esl-challenger-league-season-49-north-america
12468,HLTV Team profile,2382038,https://www.hltv.org/matches/2382038/getting-info-vs-legacy-esl-challenger-league-season-49-north-america
6673,HLTV Team profile,2382040,https://www.hltv.org/matches/2382040/nrg-vs-nouns-esl-challenger-league-season-49-north-america
12468,HLTV Team profile,2382041,https://www.hltv.org/matches/2382041/bluejays-vs-legacy-esl-challenger-league-season-49-north-america
12468,HLTV Team profile,2382042,https://www.hltv.org/matches/2382042/nouns-vs-legacy-esl-challenger-league-season-49-north-america
6673,HLTV Team profile,2382043,https://www.hltv.org/matches/2382043/nrg-vs-nouns-esl-challenger-league-season-49-north-america
12426,HLTV Team profile,2382051,https://www.hltv.org/matches/2382051/sabre-vs-passion-ua-thunderpick-world-championship-2025-european-series-1
12426,HLTV Team profile,2382061,https://www.hltv.org/matches/2382061/eclot-vs-passion-ua-tipsport-conquest-of-prague-2025
12426,HLTV Team profile,2382069,https://www.hltv.org/matches/2382069/500-vs-passion-ua-tipsport-conquest-of-prague-2025
12394,HLTV Team profile,2382084,https://www.hltv.org/matches/2382084/betboom-vs-ruby-thunderpick-world-championship-2025-european-series-1
12426,HLTV Team profile,2382089,https://www.hltv.org/matches/2382089/fnatic-vs-passion-ua-thunderpick-world-championship-2025-european-series-1
6673,HLTV Team profile,2382099,https://www.hltv.org/matches/2382099/nrg-vs-flyquest-red-fragadelphia-las-vegas-2025
4411,HLTV Team profile,2382102,https://www.hltv.org/matches/2382102/ninjas-in-pyjamas-vs-vagrants-fragadelphia-las-vegas-2025
6673,HLTV Team profile,2382106,https://www.hltv.org/matches/2382106/nrg-vs-lfo-4-fragadelphia-las-vegas-2025
4411,HLTV Team profile,2382107,https://www.hltv.org/matches/2382107/ninjas-in-pyjamas-vs-gamehunters-fragadelphia-las-vegas-2025
6673,HLTV Team profile,2382110,https://www.hltv.org/matches/2382110/nrg-vs-ninjas-in-pyjamas-fragadelphia-las-vegas-2025
4411,HLTV Team profile,2382112,https://www.hltv.org/matches/2382112/sharks-vs-ninjas-in-pyjamas-fragadelphia-las-vegas-2025
11241,HLTV Team profile,2382114,https://www.hltv.org/matches/2382114/b8-vs-the-huns-mesa-nomadic-masters-spring-2025
7175,HLTV Team profile,2382116,https://www.hltv.org/matches/2382116/heroic-vs-chinggis-warriors-mesa-nomadic-masters-spring-2025
7175,HLTV Team profile,2382119,https://www.hltv.org/matches/2382119/heroic-vs-jijiehao-mesa-nomadic-masters-spring-2025
11241,HLTV Team profile,2382120,https://www.hltv.org/matches/2382120/b8-vs-big-mesa-nomadic-masters-spring-2025
11241,HLTV Team profile,2382122,https://www.hltv.org/matches/2382122/jijiehao-vs-b8-mesa-nomadic-masters-spring-2025
11241,HLTV Team profile,2382123,https://www.hltv.org/matches/2382123/b8-vs-big-mesa-nomadic-masters-spring-2025
7175,HLTV Team profile,2382124,https://www.hltv.org/matches/2382124/heroic-vs-chinggis-warriors-mesa-nomadic-masters-spring-2025
11241,HLTV Team profile,2382125,https://www.hltv.org/matches/2382125/b8-vs-chinggis-warriors-mesa-nomadic-masters-spring-2025
7175,HLTV Team profile,2382126,https://www.hltv.org/matches/2382126/big-vs-heroic-mesa-nomadic-masters-spring-2025
12426,HLTV Team profile,2382152,https://www.hltv.org/matches/2382152/passion-ua-vs-nexus-cct-season-3-europe-series-1
12467,HLTV Team profile,2382171,https://www.hltv.org/matches/2382171/astrum-vs-parivision-betboom-landalan-2
12467,HLTV Team profile,2382172,https://www.hltv.org/matches/2382172/spirit-academy-vs-parivision-betboom-landalan-2
12467,HLTV Team profile,2382177,https://www.hltv.org/matches/2382177/arcred-vs-parivision-betboom-landalan-2
6673,HLTV Team profile,2382189,https://www.hltv.org/matches/2382189/nrg-vs-1win-na-prizepicks-na-revival-series-6
6673,HLTV Team profile,2382192,https://www.hltv.org/matches/2382192/nrg-vs-marsborne-prizepicks-na-revival-series-6
6673,HLTV Team profile,2382199,https://www.hltv.org/matches/2382199/nrg-vs-bluejays-prizepicks-na-revival-series-6
6673,HLTV Team profile,2382200,https://www.hltv.org/matches/2382200/nouns-vs-nrg-prizepicks-na-revival-series-6
11861,HLTV Team profile,2382201,https://www.hltv.org/matches/2382201/aurora-vs-big-pgl-astana-2025
6665,HLTV Team profile,2382202,https://www.hltv.org/matches/2382202/astralis-vs-oddik-pgl-astana-2025
8297,HLTV Team profile,2382203,https://www.hltv.org/matches/2382203/the-mongolz-vs-furia-pgl-astana-2025
5995,HLTV Team profile,2382204,https://www.hltv.org/matches/2382204/g2-vs-mibr-pgl-astana-2025
4608,HLTV Team profile,2382205,https://www.hltv.org/matches/2382205/natus-vincere-vs-m80-pgl-astana-2025
4411,HLTV Team profile,2382206,https://www.hltv.org/matches/2382206/virtuspro-vs-ninjas-in-pyjamas-pgl-astana-2025
7020,HLTV Team profile,2382207,https://www.hltv.org/matches/2382207/spirit-vs-gamerlegion-pgl-astana-2025
4773,HLTV Team profile,2382208,https://www.hltv.org/matches/2382208/pain-vs-hotu-pgl-astana-2025
6248,HLTV Team profile,2382219,https://www.hltv.org/matches/2382219/the-mongolz-vs-mibr-pgl-astana-2025
12376,HLTV Team profile,2382220,https://www.hltv.org/matches/2382220/virtuspro-vs-m80-pgl-astana-2025
6665,HLTV Team profile,2382221,https://www.hltv.org/matches/2382221/astralis-vs-pain-pgl-astana-2025
8297,HLTV Team profile,2382222,https://www.hltv.org/matches/2382222/gamerlegion-vs-furia-pgl-astana-2025
4608,HLTV Team profile,2382223,https://www.hltv.org/matches/2382223/natus-vincere-vs-big-pgl-astana-2025
11861,HLTV Team profile,2382224,https://www.hltv.org/matches/2382224/aurora-vs-hotu-pgl-astana-2025
7020,HLTV Team profile,2382225,https://www.hltv.org/matches/2382225/spirit-vs-ninjas-in-pyjamas-pgl-astana-2025
5995,HLTV Team profile,2382226,https://www.hltv.org/matches/2382226/g2-vs-oddik-pgl-astana-2025
8297,HLTV Team profile,2382227,https://www.hltv.org/matches/2382227/furia-vs-mibr-pgl-astana-2025
11861,HLTV Team profile,2382229,https://www.hltv.org/matches/2382229/ninjas-in-pyjamas-vs-aurora-pgl-astana-2025
4773,HLTV Team profile,2382230,https://www.hltv.org/matches/2382230/pain-vs-oddik-pgl-astana-2025
4608,HLTV Team profile,2382231,https://www.hltv.org/matches/2382231/the-mongolz-vs-natus-vincere-pgl-astana-2025
9928,HLTV Team profile,2382232,https://www.hltv.org/matches/2382232/gamerlegion-vs-hotu-pgl-astana-2025
7020,HLTV Team profile,2382233,https://www.hltv.org/matches/2382233/astralis-vs-spirit-pgl-astana-2025
5995,HLTV Team profile,2382234,https://www.hltv.org/matches/2382234/m80-vs-g2-pgl-astana-2025
8297,HLTV Team profile,2382235,https://www.hltv.org/matches/2382235/furia-vs-oddik-pgl-astana-2025
4411,HLTV Team profile,2382236,https://www.hltv.org/matches/2382236/ninjas-in-pyjamas-vs-hotu-pgl-astana-2025
6665,HLTV Team profile,2382237,https://www.hltv.org/matches/2382237/astralis-vs-virtuspro-pgl-astana-2025
5995,HLTV Team profile,2382238,https://www.hltv.org/matches/2382238/big-vs-g2-pgl-astana-2025
4608,HLTV Team profile,2382239,https://www.hltv.org/matches/2382239/natus-vincere-vs-aurora-pgl-astana-2025
4773,HLTV Team profile,2382240,https://www.hltv.org/matches/2382240/mibr-vs-pain-pgl-astana-2025
5995,HLTV Team profile,2382241,https://www.hltv.org/matches/2382241/ninjas-in-pyjamas-vs-g2-pgl-astana-2025
11861,HLTV Team profile,2382242,https://www.hltv.org/matches/2382242/oddik-vs-aurora-pgl-astana-2025
9215,HLTV Team profile,2382243,https://www.hltv.org/matches/2382243/mibr-vs-virtuspro-pgl-astana-2025
11861,HLTV Team profile,2382244,https://www.hltv.org/matches/2382244/the-mongolz-vs-aurora-pgl-astana-2025
4608,HLTV Team profile,2382245,https://www.hltv.org/matches/2382245/natus-vincere-vs-astralis-pgl-astana-2025
8297,HLTV Team profile,2382246,https://www.hltv.org/matches/2382246/furia-vs-mibr-pgl-astana-2025
7020,HLTV Team profile,2382247,https://www.hltv.org/matches/2382247/spirit-vs-ninjas-in-pyjamas-pgl-astana-2025
11861,HLTV Team profile,2382248,https://www.hltv.org/matches/2382248/aurora-vs-astralis-pgl-astana-2025
8297,HLTV Team profile,2382249,https://www.hltv.org/matches/2382249/furia-vs-spirit-pgl-astana-2025
8297,HLTV Team profile,2382250,https://www.hltv.org/matches/2382250/aurora-vs-furia-pgl-astana-2025
7020,HLTV Team profile,2382251,https://www.hltv.org/matches/2382251/astralis-vs-spirit-pgl-astana-2025
6248,HLTV Team profile,2382252,https://www.hltv.org/matches/2382252/the-mongolz-vs-the-mongolz-2016-showmatch-cs
12774,HLTV Team profile,2382273,https://www.hltv.org/matches/2382273/flyquest-vs-nomads-hero-esports-asian-champions-league-2025
12774,HLTV Team profile,2382275,https://www.hltv.org/matches/2382275/tyloo-vs-flyquest-hero-esports-asian-champions-league-2025
12774,HLTV Team profile,2382279,https://www.hltv.org/matches/2382279/flyquest-vs-rare-atom-hero-esports-asian-champions-league-2025
12774,HLTV Team profile,2382281,https://www.hltv.org/matches/2382281/tyloo-vs-flyquest-hero-esports-asian-champions-league-2025
12774,HLTV Team profile,2382282,https://www.hltv.org/matches/2382282/jijiehao-vs-flyquest-hero-esports-asian-champions-league-2025
12426,HLTV Team profile,2382291,https://www.hltv.org/matches/2382291/passion-ua-vs-fire-flux-cct-season-3-europe-series-1
7175,HLTV Team profile,2382297,https://www.hltv.org/matches/2382297/heroic-vs-chinggis-warriors-blasttv-austin-major-2025-stage-1
11241,HLTV Team profile,2382298,https://www.hltv.org/matches/2382298/b8-vs-imperial-blasttv-austin-major-2025-stage-1
12394,HLTV Team profile,2382299,https://www.hltv.org/matches/2382299/betboom-vs-nemiga-blasttv-austin-major-2025-stage-1
6673,HLTV Team profile,2382300,https://www.hltv.org/matches/2382300/tyloo-vs-nrg-blasttv-austin-major-2025-stage-1
12468,HLTV Team profile,2382301,https://www.hltv.org/matches/2382301/lynn-vision-vs-legacy-blasttv-austin-major-2025-stage-1
12774,HLTV Team profile,2382303,https://www.hltv.org/matches/2382303/flyquest-vs-fluxo-blasttv-austin-major-2025-stage-1
12426,HLTV Team profile,2382315,https://www.hltv.org/matches/2382315/passion-ua-vs-ence-rainbet-cup-2025
12426,HLTV Team profile,2382318,https://www.hltv.org/matches/2382318/fnatic-vs-passion-ua-rainbet-cup-2025
12426,HLTV Team profile,2382320,https://www.hltv.org/matches/2382320/eclot-vs-passion-ua-rainbet-cup-2025
12468,HLTV Team profile,2382321,https://www.hltv.org/matches/2382321/legacy-vs-supernova-comets-thunderpick-world-championship-2025-north-america-series-1
12468,HLTV Team profile,2382325,https://www.hltv.org/matches/2382325/legacy-vs-anything-else-thunderpick-world-championship-2025-north-america-series-1
12468,HLTV Team profile,2382332,https://www.hltv.org/matches/2382332/getting-info-vs-legacy-thunderpick-world-championship-2025-north-america-series-1
6673,HLTV Team profile,2382333,https://www.hltv.org/matches/2382333/nrg-vs-moneyball-thunderpick-world-championship-2025-north-america-series-1
6673,HLTV Team profile,2382335,https://www.hltv.org/matches/2382335/nrg-vs-bluejays-thunderpick-world-championship-2025-north-america-series-1
12468,HLTV Team profile,2382336,https://www.hltv.org/matches/2382336/wildcard-vs-legacy-thunderpick-world-championship-2025-north-america-series-1
12468,HLTV Team profile,2382337,https://www.hltv.org/matches/2382337/legacy-vs-nrg-thunderpick-world-championship-2025-north-america-series-1
11241,HLTV Team profile,2382345,https://www.hltv.org/matches/2382345/b8-vs-og-blasttv-austin-major-2025-stage-1
6673,HLTV Team profile,2382346,https://www.hltv.org/matches/2382346/heroic-vs-nrg-blasttv-austin-major-2025-stage-1
12394,HLTV Team profile,2382347,https://www.hltv.org/matches/2382347/betboom-vs-flyquest-blasttv-austin-major-2025-stage-1
12468,HLTV Team profile,2382350,https://www.hltv.org/matches/2382350/chinggis-warriors-vs-legacy-blasttv-austin-major-2025-stage-1
12468,HLTV Team profile,2382353,https://www.hltv.org/matches/2382353/betboom-vs-legacy-blasttv-austin-major-2025-stage-1
6673,HLTV Team profile,2382354,https://www.hltv.org/matches/2382354/complexity-vs-nrg-blasttv-austin-major-2025-stage-1
11241,HLTV Team profile,2382357,https://www.hltv.org/matches/2382357/b8-vs-wildcard-blasttv-austin-major-2025-stage-1
7175,HLTV Team profile,2382358,https://www.hltv.org/matches/2382358/heroic-vs-flyquest-blasttv-austin-major-2025-stage-1
12468,HLTV Team profile,2382362,https://www.hltv.org/matches/2382362/imperial-vs-legacy-blasttv-austin-major-2025-stage-1
6673,HLTV Team profile,2382363,https://www.hltv.org/matches/2382363/og-vs-nrg-blasttv-austin-major-2025-stage-1
12394,HLTV Team profile,2382365,https://www.hltv.org/matches/2382365/betboom-vs-wildcard-blasttv-austin-major-2025-stage-1
12774,HLTV Team profile,2382366,https://www.hltv.org/matches/2382366/flyquest-vs-nemiga-blasttv-austin-major-2025-stage-1
6673,HLTV Team profile,2382367,https://www.hltv.org/matches/2382367/nrg-vs-lynn-vision-blasttv-austin-major-2025-stage-1
12468,HLTV Team profile,2382368,https://www.hltv.org/matches/2382368/wildcard-vs-legacy-blasttv-austin-major-2025-stage-1
12774,HLTV Team profile,2382369,https://www.hltv.org/matches/2382369/flyquest-vs-tyloo-blasttv-austin-major-2025-stage-1
9565,HLTV Team profile,2382375,https://www.hltv.org/matches/2382375/vitality-vs-legacy-iem-dallas-2025
4914,HLTV Team profile,2382376,https://www.hltv.org/matches/2382376/3dmax-vs-gamerlegion-iem-dallas-2025
8297,HLTV Team profile,2382377,https://www.hltv.org/matches/2382377/the-mongolz-vs-furia-iem-dallas-2025
5995,HLTV Team profile,2382378,https://www.hltv.org/matches/2382378/g2-vs-lynn-vision-iem-dallas-2025
4494,HLTV Team profile,2382379,https://www.hltv.org/matches/2382379/mouz-vs-bcgame-iem-dallas-2025
6667,HLTV Team profile,2382380,https://www.hltv.org/matches/2382380/liquid-vs-faze-iem-dallas-2025
11861,HLTV Team profile,2382381,https://www.hltv.org/matches/2382381/aurora-vs-heroic-iem-dallas-2025
11283,HLTV Team profile,2382382,https://www.hltv.org/matches/2382382/falcons-vs-nrg-iem-dallas-2025
12426,HLTV Team profile,2382392,https://www.hltv.org/matches/2382392/delta-vs-passion-ua-galaxy-battle-2025-phase-2
12426,HLTV Team profile,2382397,https://www.hltv.org/matches/2382397/passion-ua-vs-sashi-galaxy-battle-2025-phase-2
12426,HLTV Team profile,2382408,https://www.hltv.org/matches/2382408/partizan-vs-passion-ua-cct-season-3-europe-series-1
11283,HLTV Team profile,2382424,https://www.hltv.org/matches/2382424/falcons-vs-b8-blasttv-austin-major-2025-stage-2
4914,HLTV Team profile,2382425,https://www.hltv.org/matches/2382425/3dmax-vs-betboom-blasttv-austin-major-2025-stage-2
4773,HLTV Team profile,2382426,https://www.hltv.org/matches/2382426/pain-vs-nemiga-blasttv-austin-major-2025-stage-2
12468,HLTV Team profile,2382427,https://www.hltv.org/matches/2382427/mibr-vs-legacy-blasttv-austin-major-2025-stage-2
6667,HLTV Team profile,2382428,https://www.hltv.org/matches/2382428/faze-vs-heroic-blasttv-austin-major-2025-stage-2
8297,HLTV Team profile,2382430,https://www.hltv.org/matches/2382430/furia-vs-lynn-vision-blasttv-austin-major-2025-stage-2
12376,HLTV Team profile,2382431,https://www.hltv.org/matches/2382431/m80-vs-tyloo-blasttv-austin-major-2025-stage-2
9565,HLTV Team profile,2382432,https://www.hltv.org/matches/2382432/vitality-vs-legacy-blasttv-austin-major-2025
4494,HLTV Team profile,2382433,https://www.hltv.org/matches/2382433/mouz-vs-virtuspro-blasttv-austin-major-2025
7020,HLTV Team profile,2382434,https://www.hltv.org/matches/2382434/spirit-vs-pain-blasttv-austin-major-2025
5995,HLTV Team profile,2382435,https://www.hltv.org/matches/2382435/g2-vs-3dmax-blasttv-austin-major-2025
8297,HLTV Team profile,2382436,https://www.hltv.org/matches/2382436/the-mongolz-vs-furia-blasttv-austin-major-2025
11861,HLTV Team profile,2382437,https://www.hltv.org/matches/2382437/aurora-vs-faze-blasttv-austin-major-2025
4608,HLTV Team profile,2382438,https://www.hltv.org/matches/2382438/natus-vincere-vs-nemiga-blasttv-austin-major-2025
5973,HLTV Team profile,2382439,https://www.hltv.org/matches/2382439/liquid-vs-lynn-vision-blasttv-austin-major-2025
8297,HLTV Team profile,2382440,https://www.hltv.org/matches/2382440/pain-vs-furia-blasttv-austin-major-2025-stage-2
11241,HLTV Team profile,2382441,https://www.hltv.org/matches/2382441/virtuspro-vs-b8-blasttv-austin-major-2025-stage-2
6667,HLTV Team profile,2382442,https://www.hltv.org/matches/2382442/faze-vs-tyloo-blasttv-austin-major-2025-stage-2
4914,HLTV Team profile,2382443,https://www.hltv.org/matches/2382443/3dmax-vs-legacy-blasttv-austin-major-2025-stage-2
11283,HLTV Team profile,2382444,https://www.hltv.org/matches/2382444/falcons-vs-lynn-vision-blasttv-austin-major-2025-stage-2
7175,HLTV Team profile,2382445,https://www.hltv.org/matches/2382445/heroic-vs-betboom-blasttv-austin-major-2025-stage-2
9215,HLTV Team profile,2382446,https://www.hltv.org/matches/2382446/mibr-vs-nemiga-blasttv-austin-major-2025-stage-2
12376,HLTV Team profile,2382447,https://www.hltv.org/matches/2382447/m80-vs-og-blasttv-austin-major-2025-stage-2
12426,HLTV Team profile,2382461,https://www.hltv.org/matches/2382461/9ine-vs-passion-ua-cct-season-3-europe-series-1
12426,HLTV Team profile,2382465,https://www.hltv.org/matches/2382465/passion-ua-vs-favbet-cct-season-3-europe-series-1
12467,HLTV Team profile,2382472,https://www.hltv.org/matches/2382472/parivision-vs-amkal-yalla-compass-2025-contenders-1
12426,HLTV Team profile,2382474,https://www.hltv.org/matches/2382474/passion-ua-vs-sashi-yalla-compass-2025-contenders-1
12467,HLTV Team profile,2382481,https://www.hltv.org/matches/2382481/parivision-vs-500-yalla-compass-2025-contenders-1
12426,HLTV Team profile,2382484,https://www.hltv.org/matches/2382484/passion-ua-vs-astrum-yalla-compass-2025-contenders-1
12426,HLTV Team profile,2382513,https://www.hltv.org/matches/2382513/spirit-academy-vs-passion-ua-galaxy-battle-2025-phase-2
12394,HLTV Team profile,2382518,https://www.hltv.org/matches/2382518/betboom-vs-ecstatic-cct-season-3-europe-series-1
12467,HLTV Team profile,2382521,https://www.hltv.org/matches/2382521/parivision-vs-tnl-cct-season-3-europe-series-1
12467,HLTV Team profile,2382525,https://www.hltv.org/matches/2382525/ruby-vs-parivision-cct-season-3-europe-series-1
12467,HLTV Team profile,2382528,https://www.hltv.org/matches/2382528/parivision-vs-og-cct-season-3-europe-series-1
12467,HLTV Team profile,2382530,https://www.hltv.org/matches/2382530/parivision-vs-ence-cct-season-3-europe-series-1
12426,HLTV Team profile,2382560,https://www.hltv.org/matches/2382560/passion-ua-vs-sabre-cct-season-3-europe-series-2
4411,HLTV Team profile,2382562,https://www.hltv.org/matches/2382562/eclot-vs-ninjas-in-pyjamas-cct-season-3-europe-series-2
4914,HLTV Team profile,2382572,https://www.hltv.org/matches/2382572/3dmax-vs-nemiga-blasttv-austin-major-2025-stage-2
8297,HLTV Team profile,2382573,https://www.hltv.org/matches/2382573/furia-vs-m80-blasttv-austin-major-2025-stage-2
11241,HLTV Team profile,2382574,https://www.hltv.org/matches/2382574/b8-vs-heroic-blasttv-austin-major-2025-stage-2
6667,HLTV Team profile,2382575,https://www.hltv.org/matches/2382575/faze-vs-legacy-blasttv-austin-major-2025-stage-2
4773,HLTV Team profile,2382576,https://www.hltv.org/matches/2382576/pain-vs-virtuspro-blasttv-austin-major-2025-stage-2
11283,HLTV Team profile,2382577,https://www.hltv.org/matches/2382577/og-vs-falcons-blasttv-austin-major-2025-stage-2
12394,HLTV Team profile,2382578,https://www.hltv.org/matches/2382578/mibr-vs-betboom-blasttv-austin-major-2025-stage-2
7175,HLTV Team profile,2382579,https://www.hltv.org/matches/2382579/tyloo-vs-heroic-blasttv-austin-major-2025-stage-2
12376,HLTV Team profile,2382580,https://www.hltv.org/matches/2382580/nemiga-vs-m80-blasttv-austin-major-2025-stage-2
4773,HLTV Team profile,2382581,https://www.hltv.org/matches/2382581/pain-vs-lynn-vision-blasttv-austin-major-2025-stage-2
11283,HLTV Team profile,2382582,https://www.hltv.org/matches/2382582/falcons-vs-mibr-blasttv-austin-major-2025-stage-2
6667,HLTV Team profile,2382583,https://www.hltv.org/matches/2382583/faze-vs-3dmax-blasttv-austin-major-2025-stage-2
8297,HLTV Team profile,2382584,https://www.hltv.org/matches/2382584/furia-vs-b8-blasttv-austin-major-2025-stage-2
7175,HLTV Team profile,2382585,https://www.hltv.org/matches/2382585/nemiga-vs-heroic-blasttv-austin-major-2025-stage-2
11241,HLTV Team profile,2382586,https://www.hltv.org/matches/2382586/b8-vs-lynn-vision-blasttv-austin-major-2025-stage-2
6667,HLTV Team profile,2382587,https://www.hltv.org/matches/2382587/faze-vs-mibr-blasttv-austin-major-2025-stage-2
12468,HLTV Team profile,2382588,https://www.hltv.org/matches/2382588/virtuspro-vs-legacy-blasttv-austin-major-2025
8297,HLTV Team profile,2382589,https://www.hltv.org/matches/2382589/aurora-vs-furia-blasttv-austin-major-2025
7020,HLTV Team profile,2382590,https://www.hltv.org/matches/2382590/spirit-vs-lynn-vision-blasttv-austin-major-2025
4608,HLTV Team profile,2382591,https://www.hltv.org/matches/2382591/3dmax-vs-natus-vincere-blasttv-austin-major-2025
4494,HLTV Team profile,2382592,https://www.hltv.org/matches/2382592/mouz-vs-faze-blasttv-austin-major-2025
9565,HLTV Team profile,2382593,https://www.hltv.org/matches/2382593/vitality-vs-nemiga-blasttv-austin-major-2025
6248,HLTV Team profile,2382594,https://www.hltv.org/matches/2382594/the-mongolz-vs-liquid-blasttv-austin-major-2025
5995,HLTV Team profile,2382595,https://www.hltv.org/matches/2382595/g2-vs-pain-blasttv-austin-major-2025
9565,HLTV Team profile,2382596,https://www.hltv.org/matches/2382596/3dmax-vs-vitality-blasttv-austin-major-2025
6667,HLTV Team profile,2382597,https://www.hltv.org/matches/2382597/legacy-vs-faze-blasttv-austin-major-2025
11861,HLTV Team profile,2382598,https://www.hltv.org/matches/2382598/aurora-vs-g2-blasttv-austin-major-2025
6248,HLTV Team profile,2382599,https://www.hltv.org/matches/2382599/the-mongolz-vs-lynn-vision-blasttv-austin-major-2025
4608,HLTV Team profile,2382600,https://www.hltv.org/matches/2382600/spirit-vs-natus-vincere-blasttv-austin-major-2025
8297,HLTV Team profile,2382601,https://www.hltv.org/matches/2382601/furia-vs-virtuspro-blasttv-austin-major-2025
4494,HLTV Team profile,2382602,https://www.hltv.org/matches/2382602/mouz-vs-liquid-blasttv-austin-major-2025
4773,HLTV Team profile,2382603,https://www.hltv.org/matches/2382603/pain-vs-nemiga-blasttv-austin-major-2025
12468,HLTV Team profile,2382604,https://www.hltv.org/matches/2382604/legacy-vs-lynn-vision-blasttv-austin-major-2025
4914,HLTV Team profile,2382605,https://www.hltv.org/matches/2382605/3dmax-vs-pain-blasttv-austin-major-2025
6667,HLTV Team profile,2382606,https://www.hltv.org/matches/2382606/the-mongolz-vs-faze-blasttv-austin-major-2025
4494,HLTV Team profile,2382607,https://www.hltv.org/matches/2382607/aurora-vs-mouz-blasttv-austin-major-2025
9565,HLTV Team profile,2382608,https://www.hltv.org/matches/2382608/virtuspro-vs-vitality-blasttv-austin-major-2025
4608,HLTV Team profile,2382609,https://www.hltv.org/matches/2382609/natus-vincere-vs-g2-blasttv-austin-major-2025
4494,HLTV Team profile,2382610,https://www.hltv.org/matches/2382610/legacy-vs-mouz-blasttv-austin-major-2025
6248,HLTV Team profile,2382611,https://www.hltv.org/matches/2382611/the-mongolz-vs-g2-blasttv-austin-major-2025
4773,HLTV Team profile,2382612,https://www.hltv.org/matches/2382612/virtuspro-vs-pain-blasttv-austin-major-2025
8297,HLTV Team profile,2382613,https://www.hltv.org/matches/2382613/furia-vs-pain-blasttv-austin-major-2025
7020,HLTV Team profile,2382614,https://www.hltv.org/matches/2382614/spirit-vs-mouz-blasttv-austin-major-2025
6667,HLTV Team profile,2382615,https://www.hltv.org/matches/2382615/faze-vs-the-mongolz-blasttv-austin-major-2025
9565,HLTV Team profile,2382616,https://www.hltv.org/matches/2382616/natus-vincere-vs-vitality-blasttv-austin-major-2025
6248,HLTV Team profile,2382617,https://www.hltv.org/matches/2382617/pain-vs-the-mongolz-blasttv-austin-major-2025
9565,HLTV Team profile,2382618,https://www.hltv.org/matches/2382618/mouz-vs-vitality-blasttv-austin-major-2025
9565,HLTV Team profile,2382619,https://www.hltv.org/matches/2382619/vitality-vs-the-mongolz-blasttv-austin-major-2025
12467,HLTV Team profile,2382666,https://www.hltv.org/matches/2382666/parivision-vs-astrum-yalla-compass-2025-contenders-1
12426,HLTV Team profile,2382668,https://www.hltv.org/matches/2382668/passion-ua-vs-zero-tenacity-yalla-compass-2025-contenders-1
9565,HLTV Team profile,2382675,https://www.hltv.org/matches/2382675/gamerlegion-vs-vitality-iem-dallas-2025
6248,HLTV Team profile,2382676,https://www.hltv.org/matches/2382676/g2-vs-the-mongolz-iem-dallas-2025
4914,HLTV Team profile,2382677,https://www.hltv.org/matches/2382677/3dmax-vs-legacy-iem-dallas-2025
8297,HLTV Team profile,2382678,https://www.hltv.org/matches/2382678/lynn-vision-vs-furia-iem-dallas-2025
5995,HLTV Team profile,2382679,https://www.hltv.org/matches/2382679/3dmax-vs-g2-iem-dallas-2025
8297,HLTV Team profile,2382680,https://www.hltv.org/matches/2382680/gamerlegion-vs-furia-iem-dallas-2025
9565,HLTV Team profile,2382681,https://www.hltv.org/matches/2382681/vitality-vs-the-mongolz-iem-dallas-2025
5995,HLTV Team profile,2382682,https://www.hltv.org/matches/2382682/gamerlegion-vs-g2-iem-dallas-2025
4494,HLTV Team profile,2382683,https://www.hltv.org/matches/2382683/liquid-vs-mouz-iem-dallas-2025
11283,HLTV Team profile,2382684,https://www.hltv.org/matches/2382684/falcons-vs-heroic-iem-dallas-2025
6667,HLTV Team profile,2382685,https://www.hltv.org/matches/2382685/faze-vs-bcgame-iem-dallas-2025
11861,HLTV Team profile,2382686,https://www.hltv.org/matches/2382686/nrg-vs-aurora-iem-dallas-2025
6667,HLTV Team profile,2382687,https://www.hltv.org/matches/2382687/faze-vs-heroic-iem-dallas-2025
11861,HLTV Team profile,2382688,https://www.hltv.org/matches/2382688/liquid-vs-aurora-iem-dallas-2025
11283,HLTV Team profile,2382689,https://www.hltv.org/matches/2382689/mouz-vs-falcons-iem-dallas-2025
11861,HLTV Team profile,2382690,https://www.hltv.org/matches/2382690/aurora-vs-heroic-iem-dallas-2025
11861,HLTV Team profile,2382691,https://www.hltv.org/matches/2382691/the-mongolz-vs-aurora-iem-dallas-2025
11283,HLTV Team profile,2382692,https://www.hltv.org/matches/2382692/falcons-vs-gamerlegion-iem-dallas-2025
4494,HLTV Team profile,2382693,https://www.hltv.org/matches/2382693/mouz-vs-the-mongolz-iem-dallas-2025
9565,HLTV Team profile,2382694,https://www.hltv.org/matches/2382694/vitality-vs-falcons-iem-dallas-2025
9565,HLTV Team profile,2382695,https://www.hltv.org/matches/2382695/mouz-vs-vitality-iem-dallas-2025
12426,HLTV Team profile,2382706,https://www.hltv.org/matches/2382706/eclot-vs-passion-ua-galaxy-battle-2025-phase-2
12467,HLTV Team profile,2382716,https://www.hltv.org/matches/2382716/parivision-vs-rush-b-galaxy-battle-2025-phase-2
12426,HLTV Team profile,2382720,https://www.hltv.org/matches/2382720/ence-vs-passion-ua-galaxy-battle-2025-phase-2
12467,HLTV Team profile,2382725,https://www.hltv.org/matches/2382725/ence-vs-parivision-galaxy-battle-2025-phase-2
12467,HLTV Team profile,2382727,https://www.hltv.org/matches/2382727/iberian-soul-vs-parivision-galaxy-battle-2025-phase-2
12467,HLTV Team profile,2382729,https://www.hltv.org/matches/2382729/parivision-vs-nexus-galaxy-battle-2025-phase-2
12426,HLTV Team profile,2382745,https://www.hltv.org/matches/2382745/passion-ua-vs-amkal-yalla-compass-2025-contenders-1
12426,HLTV Team profile,2382750,https://www.hltv.org/matches/2382750/passion-ua-vs-cybershoke-yalla-compass-2025-contenders-1
12467,HLTV Team profile,2382752,https://www.hltv.org/matches/2382752/parivision-vs-sashi-yalla-compass-2025-contenders-1
12426,HLTV Team profile,2382753,https://www.hltv.org/matches/2382753/iberian-soul-vs-passion-ua-yalla-compass-2025-contenders-1
12426,HLTV Team profile,2382756,https://www.hltv.org/matches/2382756/passion-ua-vs-spirit-academy-yalla-compass-2025-contenders-1
12467,HLTV Team profile,2382757,https://www.hltv.org/matches/2382757/parivision-vs-astrum-yalla-compass-2025-contenders-1
12426,HLTV Team profile,2382758,https://www.hltv.org/matches/2382758/passion-ua-vs-astrum-yalla-compass-2025-contenders-1
12426,HLTV Team profile,2382769,https://www.hltv.org/matches/2382769/passion-ua-vs-sashi-cct-season-3-europe-series-2
4411,HLTV Team profile,2382772,https://www.hltv.org/matches/2382772/cybershoke-vs-ninjas-in-pyjamas-cct-season-3-europe-series-2
4411,HLTV Team profile,2382794,https://www.hltv.org/matches/2382794/ninjas-in-pyjamas-vs-sashi-cct-season-3-europe-series-2
12426,HLTV Team profile,2382796,https://www.hltv.org/matches/2382796/tnl-vs-passion-ua-cct-season-3-europe-series-2
4411,HLTV Team profile,2382855,https://www.hltv.org/matches/2382855/nexus-vs-ninjas-in-pyjamas-cct-season-3-europe-series-2
12426,HLTV Team profile,2382857,https://www.hltv.org/matches/2382857/passion-ua-vs-sangal-cct-season-3-europe-series-2
12426,HLTV Team profile,2382860,https://www.hltv.org/matches/2382860/passion-ua-vs-nexus-cct-season-3-europe-series-2
12467,HLTV Team profile,2382862,https://www.hltv.org/matches/2382862/parivision-vs-partizan-cct-season-3-europe-series-2
12878,HLTV Team profile,2382867,https://www.hltv.org/matches/2382867/bcgame-vs-passion-ua-cct-season-3-europe-series-2
4411,HLTV Team profile,2382868,https://www.hltv.org/matches/2382868/gun5-vs-ninjas-in-pyjamas-cct-season-3-europe-series-2
4411,HLTV Team profile,2382870,https://www.hltv.org/matches/2382870/navi-junior-vs-ninjas-in-pyjamas-cct-season-3-europe-series-2
12426,HLTV Team profile,2382872,https://www.hltv.org/matches/2382872/passion-ua-vs-cybershoke-cct-season-3-europe-series-2
12426,HLTV Team profile,2382874,https://www.hltv.org/matches/2382874/navi-junior-vs-passion-ua-cct-season-3-europe-series-2
13286,HLTV Team profile,2382889,https://www.hltv.org/matches/2382889/insilio-vs-fut-esea-advanced-season-53-europe
13286,HLTV Team profile,2382935,https://www.hltv.org/matches/2382935/unity-vs-fut-esea-advanced-season-53-europe
12467,HLTV Team profile,2382989,https://www.hltv.org/matches/2382989/parivision-vs-marius-exort-the-proving-grounds-season-1
12467,HLTV Team profile,2382991,https://www.hltv.org/matches/2382991/parivision-vs-partizan-exort-the-proving-grounds-season-1
12467,HLTV Team profile,2383058,https://www.hltv.org/matches/2383058/parivision-vs-zero-tenacity-exort-the-proving-grounds-season-1
12467,HLTV Team profile,2383134,https://www.hltv.org/matches/2383134/parivision-vs-eclot-exort-the-proving-grounds-season-1
12467,HLTV Team profile,2383139,https://www.hltv.org/matches/2383139/sashi-vs-parivision-exort-the-proving-grounds-season-1
4411,HLTV Team profile,2383142,https://www.hltv.org/matches/2383142/ninjas-in-pyjamas-vs-astrum-exort-the-proving-grounds-season-1
12878,HLTV Team profile,2383143,https://www.hltv.org/matches/2383143/bcgame-vs-partizan-exort-the-proving-grounds-season-1
12467,HLTV Team profile,2383146,https://www.hltv.org/matches/2383146/big-vs-parivision-exort-the-proving-grounds-season-1
4411,HLTV Team profile,2383148,https://www.hltv.org/matches/2383148/ninjas-in-pyjamas-vs-iberian-soul-exort-the-proving-grounds-season-1
12878,HLTV Team profile,2383151,https://www.hltv.org/matches/2383151/big-vs-bcgame-exort-the-proving-grounds-season-1
4411,HLTV Team profile,2383152,https://www.hltv.org/matches/2383152/ninjas-in-pyjamas-vs-fnatic-exort-the-proving-grounds-season-1
12878,HLTV Team profile,2383153,https://www.hltv.org/matches/2383153/bcgame-vs-tnl-exort-the-proving-grounds-season-1
4411,HLTV Team profile,2383187,https://www.hltv.org/matches/2383187/ninjas-in-pyjamas-vs-phantom-glitched-masters-2025
12426,HLTV Team profile,2383190,https://www.hltv.org/matches/2383190/passion-ua-vs-sangal-glitched-masters-2025
4411,HLTV Team profile,2383195,https://www.hltv.org/matches/2383195/ninjas-in-pyjamas-vs-metizport-glitched-masters-2025
12426,HLTV Team profile,2383196,https://www.hltv.org/matches/2383196/fnatic-vs-passion-ua-glitched-masters-2025
4411,HLTV Team profile,2383230,https://www.hltv.org/matches/2383230/ninjas-in-pyjamas-vs-cybershoke-cct-season-3-europe-series-3
12426,HLTV Team profile,2383233,https://www.hltv.org/matches/2383233/passion-ua-vs-gun5-cct-season-3-europe-series-3
4411,HLTV Team profile,2383238,https://www.hltv.org/matches/2383238/tnl-vs-ninjas-in-pyjamas-cct-season-3-europe-series-3
4411,HLTV Team profile,2383240,https://www.hltv.org/matches/2383240/big-vs-ninjas-in-pyjamas-cct-season-3-europe-series-3
4411,HLTV Team profile,2383242,https://www.hltv.org/matches/2383242/ninjas-in-pyjamas-vs-navi-junior-cct-season-3-europe-series-3
4411,HLTV Team profile,2383243,https://www.hltv.org/matches/2383243/fnatic-vs-ninjas-in-pyjamas-glitched-masters-2025
12426,HLTV Team profile,2383247,https://www.hltv.org/matches/2383247/preasy-vs-passion-ua-glitched-masters-2025
12426,HLTV Team profile,2383250,https://www.hltv.org/matches/2383250/passion-ua-vs-sashi-glitched-masters-2025
4411,HLTV Team profile,2383252,https://www.hltv.org/matches/2383252/ninjas-in-pyjamas-vs-ecstatic-glitched-masters-2025
12426,HLTV Team profile,2383253,https://www.hltv.org/matches/2383253/alliance-vs-passion-ua-glitched-masters-2025
12426,HLTV Team profile,2383254,https://www.hltv.org/matches/2383254/ecstatic-vs-passion-ua-glitched-masters-2025
12426,HLTV Team profile,2383255,https://www.hltv.org/matches/2383255/9ine-vs-passion-ua-glitched-masters-2025
12426,HLTV Team profile,2383256,https://www.hltv.org/matches/2383256/fnatic-vs-passion-ua-glitched-masters-2025
12467,HLTV Team profile,2383277,https://www.hltv.org/matches/2383277/parivision-vs-roler-coaster-galaxy-battle-2025-phase-3
12878,HLTV Team profile,2383281,https://www.hltv.org/matches/2383281/bcgame-vs-ex-sabre-galaxy-battle-2025-phase-3
12467,HLTV Team profile,2383283,https://www.hltv.org/matches/2383283/rebels-vs-parivision-galaxy-battle-2025-phase-3
12878,HLTV Team profile,2383284,https://www.hltv.org/matches/2383284/iberian-soul-vs-bcgame-galaxy-battle-2025-phase-3
12467,HLTV Team profile,2383286,https://www.hltv.org/matches/2383286/cph-wolves-vs-parivision-galaxy-battle-2025-phase-3
12426,HLTV Team profile,2383532,https://www.hltv.org/matches/2383532/passion-ua-vs-forze-reload-exort-the-proving-grounds-season-2
12467,HLTV Team profile,2383535,https://www.hltv.org/matches/2383535/parivision-vs-qmistry-exort-the-proving-grounds-season-2
12467,HLTV Team profile,2383538,https://www.hltv.org/matches/2383538/parivision-vs-marius-exort-the-proving-grounds-season-2
12426,HLTV Team profile,2383540,https://www.hltv.org/matches/2383540/metizport-vs-passion-ua-exort-the-proving-grounds-season-2
12467,HLTV Team profile,2383541,https://www.hltv.org/matches/2383541/gun5-vs-parivision-exort-the-proving-grounds-season-2
12426,HLTV Team profile,2383542,https://www.hltv.org/matches/2383542/iberian-soul-vs-passion-ua-exort-the-proving-grounds-season-2
12467,HLTV Team profile,2383543,https://www.hltv.org/matches/2383543/parivision-vs-iberian-soul-exort-the-proving-grounds-season-2
9928,HLTV Team profile,2383571,https://www.hltv.org/matches/2383571/gamerlegion-vs-wildcard-fissure-playground-1
8297,HLTV Team profile,2383572,https://www.hltv.org/matches/2383572/saw-vs-furia-fissure-playground-1
4914,HLTV Team profile,2383573,https://www.hltv.org/matches/2383573/3dmax-vs-lynn-vision-fissure-playground-1
4773,HLTV Team profile,2383574,https://www.hltv.org/matches/2383574/pain-vs-rare-atom-fissure-playground-1
6665,HLTV Team profile,2383576,https://www.hltv.org/matches/2383576/astralis-vs-mibr-fissure-playground-1
12394,HLTV Team profile,2383577,https://www.hltv.org/matches/2383577/complexity-vs-betboom-fissure-playground-1
7175,HLTV Team profile,2383578,https://www.hltv.org/matches/2383578/heroic-vs-big-fissure-playground-1
8297,HLTV Team profile,2383589,https://www.hltv.org/matches/2383589/wildcard-vs-furia-fissure-playground-1
9928,HLTV Team profile,2383590,https://www.hltv.org/matches/2383590/gamerlegion-vs-saw-fissure-playground-1
8297,HLTV Team profile,2383591,https://www.hltv.org/matches/2383591/furia-vs-saw-fissure-playground-1
4914,HLTV Team profile,2383592,https://www.hltv.org/matches/2383592/3dmax-vs-rare-atom-fissure-playground-1
4773,HLTV Team profile,2383593,https://www.hltv.org/matches/2383593/lynn-vision-vs-pain-fissure-playground-1
4914,HLTV Team profile,2383594,https://www.hltv.org/matches/2383594/3dmax-vs-pain-fissure-playground-1
9215,HLTV Team profile,2383595,https://www.hltv.org/matches/2383595/virtuspro-vs-mibr-fissure-playground-1
6665,HLTV Team profile,2383596,https://www.hltv.org/matches/2383596/tyloo-vs-astralis-fissure-playground-1
6665,HLTV Team profile,2383597,https://www.hltv.org/matches/2383597/mibr-vs-astralis-fissure-playground-1
7175,HLTV Team profile,2383598,https://www.hltv.org/matches/2383598/betboom-vs-heroic-fissure-playground-1
12394,HLTV Team profile,2383600,https://www.hltv.org/matches/2383600/betboom-vs-big-fissure-playground-1
4914,HLTV Team profile,2383601,https://www.hltv.org/matches/2383601/tyloo-vs-3dmax-fissure-playground-1
6665,HLTV Team profile,2383603,https://www.hltv.org/matches/2383603/lynn-vision-vs-astralis-fissure-playground-1
9928,HLTV Team profile,2383604,https://www.hltv.org/matches/2383604/gamerlegion-vs-betboom-fissure-playground-1
6665,HLTV Team profile,2383606,https://www.hltv.org/matches/2383606/astralis-vs-betboom-fissure-playground-1
6665,HLTV Team profile,2383607,https://www.hltv.org/matches/2383607/tyloo-vs-astralis-fissure-playground-1
11581,HLTV Team profile,2383638,https://www.hltv.org/matches/2383638/hotu-vs-youngtalents-esl-pro-league-season-22-asia-open-qualifier
11581,HLTV Team profile,2383679,https://www.hltv.org/matches/2383679/hotu-vs-the-qube-esl-pro-league-season-22-asia-closed-qualifier
11581,HLTV Team profile,2383683,https://www.hltv.org/matches/2383683/ihc-vs-hotu-esl-pro-league-season-22-asia-closed-qualifier
12376,HLTV Team profile,2383688,https://www.hltv.org/matches/2383688/m80-vs-outfit-49-esl-pro-league-season-22-north-america-closed-qualifier
12376,HLTV Team profile,2383696,https://www.hltv.org/matches/2383696/m80-vs-marca-registrada-esl-pro-league-season-22-north-america-closed-qualifier
5973,HLTV Team profile,2383704,https://www.hltv.org/matches/2383704/liquid-vs-sashi-esl-pro-league-season-22-europe-closed-qualifier
12467,HLTV Team profile,2383709,https://www.hltv.org/matches/2383709/parivision-vs-ence-esl-pro-league-season-22-europe-closed-qualifier
12426,HLTV Team profile,2383710,https://www.hltv.org/matches/2383710/passion-ua-vs-jijiehao-esl-pro-league-season-22-europe-closed-qualifier
12426,HLTV Team profile,2383713,https://www.hltv.org/matches/2383713/passion-ua-vs-tnl-esl-pro-league-season-22-europe-closed-qualifier
12467,HLTV Team profile,2383715,https://www.hltv.org/matches/2383715/ex-navi-junior-vs-parivision-esl-pro-league-season-22-europe-closed-qualifier
12468,HLTV Team profile,2383720,https://www.hltv.org/matches/2383720/legacy-vs-dusty-roots-esl-pro-league-season-22-south-america-closed-qualifier
12468,HLTV Team profile,2383728,https://www.hltv.org/matches/2383728/legacy-vs-selva-esl-pro-league-season-22-south-america-closed-qualifier
11581,HLTV Team profile,2383743,https://www.hltv.org/matches/2383743/hotu-vs-partizan-whale-cup-2025
12426,HLTV Team profile,2383745,https://www.hltv.org/matches/2383745/passion-ua-vs-ruby-whale-cup-2025
6667,HLTV Team profile,2383749,https://www.hltv.org/matches/2383749/faze-vs-big-iem-cologne-2025-stage-1
5973,HLTV Team profile,2383750,https://www.hltv.org/matches/2383750/liquid-vs-pain-iem-cologne-2025-stage-1
4914,HLTV Team profile,2383751,https://www.hltv.org/matches/2383751/3dmax-vs-mibr-iem-cologne-2025-stage-1
4411,HLTV Team profile,2383752,https://www.hltv.org/matches/2383752/ninjas-in-pyjamas-vs-heroic-iem-cologne-2025-stage-1
9928,HLTV Team profile,2383753,https://www.hltv.org/matches/2383753/gamerlegion-vs-complexity-iem-cologne-2025-stage-1
11241,HLTV Team profile,2383755,https://www.hltv.org/matches/2383755/astralis-vs-b8-iem-cologne-2025-stage-1
8297,HLTV Team profile,2383756,https://www.hltv.org/matches/2383756/flyquest-vs-furia-iem-cologne-2025-stage-1
9565,HLTV Team profile,2383757,https://www.hltv.org/matches/2383757/vitality-vs-astralis-iem-cologne-2025
8297,HLTV Team profile,2383758,https://www.hltv.org/matches/2383758/g2-vs-furia-iem-cologne-2025
11283,HLTV Team profile,2383759,https://www.hltv.org/matches/2383759/falcons-vs-gamerlegion-iem-cologne-2025
6248,HLTV Team profile,2383760,https://www.hltv.org/matches/2383760/the-mongolz-vs-3dmax-iem-cologne-2025
4494,HLTV Team profile,2383761,https://www.hltv.org/matches/2383761/mouz-vs-liquid-iem-cologne-2025
4608,HLTV Team profile,2383762,https://www.hltv.org/matches/2383762/natus-vincere-vs-faze-iem-cologne-2025
11861,HLTV Team profile,2383763,https://www.hltv.org/matches/2383763/aurora-vs-ninjas-in-pyjamas-iem-cologne-2025
7020,HLTV Team profile,2383764,https://www.hltv.org/matches/2383764/spirit-vs-heroic-iem-cologne-2025
11581,HLTV Team profile,2383766,https://www.hltv.org/matches/2383766/semperfi-vs-hotu-esl-pro-league-season-22-asia-closed-qualifier
11581,HLTV Team profile,2383771,https://www.hltv.org/matches/2383771/chinggis-warriors-vs-hotu-esl-pro-league-season-22-asia-closed-qualifier
11581,HLTV Team profile,2383774,https://www.hltv.org/matches/2383774/hotu-vs-ihc-esl-pro-league-season-22-asia-closed-qualifier
6667,HLTV Team profile,2383775,https://www.hltv.org/matches/2383775/faze-vs-liquid-iem-cologne-2025-stage-1
4914,HLTV Team profile,2383776,https://www.hltv.org/matches/2383776/3dmax-vs-ninjas-in-pyjamas-iem-cologne-2025-stage-1
9928,HLTV Team profile,2383777,https://www.hltv.org/matches/2383777/gamerlegion-vs-virtuspro-iem-cologne-2025-stage-1
8297,HLTV Team profile,2383778,https://www.hltv.org/matches/2383778/astralis-vs-furia-iem-cologne-2025-stage-1
4773,HLTV Team profile,2383779,https://www.hltv.org/matches/2383779/big-vs-pain-iem-cologne-2025-stage-1
7175,HLTV Team profile,2383780,https://www.hltv.org/matches/2383780/mibr-vs-heroic-iem-cologne-2025-stage-1
11241,HLTV Team profile,2383782,https://www.hltv.org/matches/2383782/b8-vs-flyquest-iem-cologne-2025-stage-1
6665,HLTV Team profile,2383783,https://www.hltv.org/matches/2383783/astralis-vs-pain-iem-cologne-2025-stage-1
7175,HLTV Team profile,2383784,https://www.hltv.org/matches/2383784/virtuspro-vs-heroic-iem-cologne-2025-stage-1
4914,HLTV Team profile,2383785,https://www.hltv.org/matches/2383785/3dmax-vs-tyloo-iem-cologne-2025-stage-1
5973,HLTV Team profile,2383786,https://www.hltv.org/matches/2383786/flyquest-vs-liquid-iem-cologne-2025-stage-1
12376,HLTV Team profile,2383787,https://www.hltv.org/matches/2383787/m80-vs-bluejays-esl-pro-league-season-22-north-america-closed-qualifier
12376,HLTV Team profile,2383794,https://www.hltv.org/matches/2383794/getting-info-vs-m80-esl-pro-league-season-22-north-america-closed-qualifier
12376,HLTV Team profile,2383795,https://www.hltv.org/matches/2383795/marsborne-vs-m80-esl-pro-league-season-22-north-america-closed-qualifier
12376,HLTV Team profile,2383796,https://www.hltv.org/matches/2383796/getting-info-vs-m80-esl-pro-league-season-22-north-america-closed-qualifier
12467,HLTV Team profile,2383798,https://www.hltv.org/matches/2383798/parivision-vs-nemiga-esl-pro-league-season-22-europe-closed-qualifier
12426,HLTV Team profile,2383799,https://www.hltv.org/matches/2383799/fnatic-vs-passion-ua-esl-pro-league-season-22-europe-closed-qualifier
12467,HLTV Team profile,2383801,https://www.hltv.org/matches/2383801/parivision-vs-passion-ua-esl-pro-league-season-22-europe-closed-qualifier
12467,HLTV Team profile,2383804,https://www.hltv.org/matches/2383804/sashi-vs-parivision-esl-pro-league-season-22-europe-closed-qualifier
12467,HLTV Team profile,2383805,https://www.hltv.org/matches/2383805/parivision-vs-nemiga-esl-pro-league-season-22-europe-closed-qualifier
12467,HLTV Team profile,2383806,https://www.hltv.org/matches/2383806/tnl-vs-parivision-esl-pro-league-season-22-europe-closed-qualifier
12468,HLTV Team profile,2383814,https://www.hltv.org/matches/2383814/sharks-vs-legacy-esl-pro-league-season-22-south-america-closed-qualifier
12468,HLTV Team profile,2383820,https://www.hltv.org/matches/2383820/imperial-vs-legacy-esl-pro-league-season-22-south-america-closed-qualifier
12468,HLTV Team profile,2383822,https://www.hltv.org/matches/2383822/sharks-vs-legacy-esl-pro-league-season-22-south-america-closed-qualifier
12468,HLTV Team profile,2383823,https://www.hltv.org/matches/2383823/imperial-vs-legacy-esl-pro-league-season-22-south-america-closed-qualifier
9565,HLTV Team profile,2383824,https://www.hltv.org/matches/2383824/g2-vs-vitality-iem-cologne-2025
11283,HLTV Team profile,2383825,https://www.hltv.org/matches/2383825/falcons-vs-the-mongolz-iem-cologne-2025
8297,HLTV Team profile,2383826,https://www.hltv.org/matches/2383826/furia-vs-astralis-iem-cologne-2025
4914,HLTV Team profile,2383827,https://www.hltv.org/matches/2383827/gamerlegion-vs-3dmax-iem-cologne-2025
8297,HLTV Team profile,2383828,https://www.hltv.org/matches/2383828/falcons-vs-furia-iem-cologne-2025
5995,HLTV Team profile,2383829,https://www.hltv.org/matches/2383829/3dmax-vs-g2-iem-cologne-2025
9565,HLTV Team profile,2383830,https://www.hltv.org/matches/2383830/the-mongolz-vs-vitality-iem-cologne-2025
8297,HLTV Team profile,2383831,https://www.hltv.org/matches/2383831/g2-vs-furia-iem-cologne-2025
4608,HLTV Team profile,2383832,https://www.hltv.org/matches/2383832/natus-vincere-vs-mouz-iem-cologne-2025
7020,HLTV Team profile,2383833,https://www.hltv.org/matches/2383833/aurora-vs-spirit-iem-cologne-2025
6667,HLTV Team profile,2383834,https://www.hltv.org/matches/2383834/faze-vs-liquid-iem-cologne-2025
4411,HLTV Team profile,2383835,https://www.hltv.org/matches/2383835/ninjas-in-pyjamas-vs-heroic-iem-cologne-2025
11861,HLTV Team profile,2383836,https://www.hltv.org/matches/2383836/faze-vs-aurora-iem-cologne-2025
4608,HLTV Team profile,2383837,https://www.hltv.org/matches/2383837/ninjas-in-pyjamas-vs-natus-vincere-iem-cologne-2025
7020,HLTV Team profile,2383838,https://www.hltv.org/matches/2383838/mouz-vs-spirit-iem-cologne-2025
4608,HLTV Team profile,2383839,https://www.hltv.org/matches/2383839/faze-vs-natus-vincere-iem-cologne-2025
8297,HLTV Team profile,2383840,https://www.hltv.org/matches/2383840/mouz-vs-furia-iem-cologne-2025
4608,HLTV Team profile,2383841,https://www.hltv.org/matches/2383841/the-mongolz-vs-natus-vincere-iem-cologne-2025
9565,HLTV Team profile,2383842,https://www.hltv.org/matches/2383842/vitality-vs-mouz-iem-cologne-2025
4608,HLTV Team profile,2383843,https://www.hltv.org/matches/2383843/spirit-vs-natus-vincere-iem-cologne-2025
7020,HLTV Team profile,2383844,https://www.hltv.org/matches/2383844/spirit-vs-mouz-iem-cologne-2025
6673,HLTV Team profile,2383852,https://www.hltv.org/matches/2383852/nrg-vs-derpy-diamond-dudes-fragadelphia-19
12376,HLTV Team profile,2383854,https://www.hltv.org/matches/2383854/m80-vs-kooking-fragadelphia-19
6673,HLTV Team profile,2383864,https://www.hltv.org/matches/2383864/nrg-vs-marsborne-fragadelphia-19
12376,HLTV Team profile,2383866,https://www.hltv.org/matches/2383866/m80-vs-gamehunters-fragadelphia-19
6673,HLTV Team profile,2383876,https://www.hltv.org/matches/2383876/nrg-vs-bluejays-fragadelphia-19
12376,HLTV Team profile,2383878,https://www.hltv.org/matches/2383878/m80-vs-chicken-coop-fragadelphia-19
12376,HLTV Team profile,2383880,https://www.hltv.org/matches/2383880/m80-vs-fluxo-fragadelphia-19
12376,HLTV Team profile,2383883,https://www.hltv.org/matches/2383883/m80-vs-kolesie-fragadelphia-19
13286,HLTV Team profile,2383884,https://www.hltv.org/matches/2383884/glitchtech-vs-fut-intel-epic45
13286,HLTV Team profile,2383890,https://www.hltv.org/matches/2383890/fut-vs-dag-love-fatties-intel-epic45
13286,HLTV Team profile,2383893,https://www.hltv.org/matches/2383893/fut-vs-alliance-intel-epic45
12467,HLTV Team profile,2383911,https://www.hltv.org/matches/2383911/parivision-vs-zero-tenacity-res-showdown-2-adria-open-qualifier
12426,HLTV Team profile,2383945,https://www.hltv.org/matches/2383945/passion-ua-vs-zero-tenacity-cct-season-3-europe-series-4
12376,HLTV Team profile,2383980,https://www.hltv.org/matches/2383980/m80-vs-chicken-coop-thunderpick-world-championship-2025-north-america-series-2
6673,HLTV Team profile,2383983,https://www.hltv.org/matches/2383983/nrg-vs-aether-thunderpick-world-championship-2025-north-america-series-2
12376,HLTV Team profile,2383984,https://www.hltv.org/matches/2383984/m80-vs-getting-info-thunderpick-world-championship-2025-north-america-series-2
6673,HLTV Team profile,2383985,https://www.hltv.org/matches/2383985/wildcard-vs-nrg-thunderpick-world-championship-2025-north-america-series-2
12376,HLTV Team profile,2383986,https://www.hltv.org/matches/2383986/m80-vs-wildcard-thunderpick-world-championship-2025-north-america-series-2
5973,HLTV Team profile,2383987,https://www.hltv.org/matches/2383987/liquid-vs-vpprodigy-res-showdown-2-blast-premier-rising-event
13286,HLTV Team profile,2383991,https://www.hltv.org/matches/2383991/vpprodigy-vs-fut-res-showdown-2-blast-premier-rising-event
12376,HLTV Team profile,2384002,https://www.hltv.org/matches/2384002/m80-vs-regain-prizepicks-na-revival-series-7
12376,HLTV Team profile,2384006,https://www.hltv.org/matches/2384006/m80-vs-getting-info-prizepicks-na-revival-series-7
12376,HLTV Team profile,2384008,https://www.hltv.org/matches/2384008/m80-vs-bluejays-prizepicks-na-revival-series-7
12426,HLTV Team profile,2384076,https://www.hltv.org/matches/2384076/passion-ua-vs-senza-cct-season-3-europe-series-4
12774,HLTV Team profile,2384089,https://www.hltv.org/matches/2384089/flyquest-vs-alter-ego-blast-rising-asia-2025-season-2
12774,HLTV Team profile,2384091,https://www.hltv.org/matches/2384091/eruption-vs-flyquest-blast-rising-asia-2025-season-2
12774,HLTV Team profile,2384093,https://www.hltv.org/matches/2384093/flyquest-vs-the-huns-blast-rising-asia-2025-season-2
12426,HLTV Team profile,2384106,https://www.hltv.org/matches/2384106/passion-ua-vs-partizan-cct-season-3-europe-series-4
12376,HLTV Team profile,2384113,https://www.hltv.org/matches/2384113/m80-vs-supernova-comets-ace-na-masters-2025-season-2-blast-premier-rising-event
6673,HLTV Team profile,2384114,https://www.hltv.org/matches/2384114/nrg-vs-shanghai-sharks-ace-na-masters-2025-season-2-blast-premier-rising-event
6673,HLTV Team profile,2384116,https://www.hltv.org/matches/2384116/nrg-vs-boss-ace-na-masters-2025-season-2-blast-premier-rising-event
12376,HLTV Team profile,2384117,https://www.hltv.org/matches/2384117/marsborne-vs-m80-ace-na-masters-2025-season-2-blast-premier-rising-event
6673,HLTV Team profile,2384118,https://www.hltv.org/matches/2384118/nrg-vs-m80-ace-na-masters-2025-season-2-blast-premier-rising-event
12468,HLTV Team profile,2384119,https://www.hltv.org/matches/2384119/legacy-vs-galorys-ace-sa-masters-2025-season-2-blast-premier-rising-event
12468,HLTV Team profile,2384123,https://www.hltv.org/matches/2384123/legacy-vs-sharks-ace-sa-masters-2025-season-2-blast-premier-rising-event
12468,HLTV Team profile,2384125,https://www.hltv.org/matches/2384125/legacy-vs-imperial-ace-sa-masters-2025-season-2-blast-premier-rising-event
9215,HLTV Team profile,2384126,https://www.hltv.org/matches/2384126/mibr-vs-virtuspro-blast-bounty-2025-season-2
4773,HLTV Team profile,2384127,https://www.hltv.org/matches/2384127/ninjas-in-pyjamas-vs-pain-blast-bounty-2025-season-2
7175,HLTV Team profile,2384128,https://www.hltv.org/matches/2384128/complexity-vs-heroic-blast-bounty-2025-season-2
12468,HLTV Team profile,2384129,https://www.hltv.org/matches/2384129/fnatic-vs-legacy-blast-bounty-2025-season-2
5973,HLTV Team profile,2384130,https://www.hltv.org/matches/2384130/ecstatic-vs-liquid-blast-bounty-2025-season-2
11241,HLTV Team profile,2384131,https://www.hltv.org/matches/2384131/fut-vs-b8-blast-bounty-2025-season-2
5995,HLTV Team profile,2384132,https://www.hltv.org/matches/2384132/nemiga-vs-g2-blast-bounty-2025-season-2
4608,HLTV Team profile,2384133,https://www.hltv.org/matches/2384133/tnl-vs-natus-vincere-blast-bounty-2025-season-2
11861,HLTV Team profile,2384134,https://www.hltv.org/matches/2384134/flyquest-vs-aurora-blast-bounty-2025-season-2
6665,HLTV Team profile,2384135,https://www.hltv.org/matches/2384135/rare-atom-vs-astralis-blast-bounty-2025-season-2
6248,HLTV Team profile,2384136,https://www.hltv.org/matches/2384136/ence-vs-the-mongolz-blast-bounty-2025-season-2
8297,HLTV Team profile,2384137,https://www.hltv.org/matches/2384137/big-vs-furia-blast-bounty-2025-season-2
7020,HLTV Team profile,2384138,https://www.hltv.org/matches/2384138/passion-ua-vs-spirit-blast-bounty-2025-season-2
6667,HLTV Team profile,2384139,https://www.hltv.org/matches/2384139/betboom-vs-faze-blast-bounty-2025-season-2
9565,HLTV Team profile,2384140,https://www.hltv.org/matches/2384140/nrg-vs-vitality-blast-bounty-2025-season-2
4494,HLTV Team profile,2384141,https://www.hltv.org/matches/2384141/og-vs-mouz-blast-bounty-2025-season-2
7020,HLTV Team profile,2384142,https://www.hltv.org/matches/2384142/g2-vs-spirit-blast-bounty-2025-season-2
11861,HLTV Team profile,2384143,https://www.hltv.org/matches/2384143/heroic-vs-aurora-blast-bounty-2025-season-2
6667,HLTV Team profile,2384144,https://www.hltv.org/matches/2384144/virtuspro-vs-faze-blast-bounty-2025-season-2
4608,HLTV Team profile,2384145,https://www.hltv.org/matches/2384145/astralis-vs-natus-vincere-blast-bounty-2025-season-2
6248,HLTV Team profile,2384146,https://www.hltv.org/matches/2384146/pain-vs-the-mongolz-blast-bounty-2025-season-2
8297,HLTV Team profile,2384147,https://www.hltv.org/matches/2384147/liquid-vs-furia-blast-bounty-2025-season-2
4494,HLTV Team profile,2384148,https://www.hltv.org/matches/2384148/b8-vs-mouz-blast-bounty-2025-season-2
9565,HLTV Team profile,2384149,https://www.hltv.org/matches/2384149/legacy-vs-vitality-blast-bounty-2025-season-2
4494,HLTV Team profile,2384150,https://www.hltv.org/matches/2384150/mouz-vs-astralis-blast-bounty-2025-season-2-finals
11861,HLTV Team profile,2384151,https://www.hltv.org/matches/2384151/the-mongolz-vs-aurora-blast-bounty-2025-season-2-finals
9565,HLTV Team profile,2384152,https://www.hltv.org/matches/2384152/vitality-vs-liquid-blast-bounty-2025-season-2-finals
7020,HLTV Team profile,2384153,https://www.hltv.org/matches/2384153/spirit-vs-virtuspro-blast-bounty-2025-season-2-finals
7020,HLTV Team profile,2384154,https://www.hltv.org/matches/2384154/mouz-vs-spirit-blast-bounty-2025-season-2-finals
9565,HLTV Team profile,2384155,https://www.hltv.org/matches/2384155/vitality-vs-the-mongolz-blast-bounty-2025-season-2-finals
7020,HLTV Team profile,2384156,https://www.hltv.org/matches/2384156/spirit-vs-the-mongolz-blast-bounty-2025-season-2-finals
12426,HLTV Team profile,2384158,https://www.hltv.org/matches/2384158/passion-ua-vs-monte-cct-season-3-europe-series-4
12394,HLTV Team profile,2384168,https://www.hltv.org/matches/2384168/betboom-vs-saw-cct-season-3-europe-series-4
12467,HLTV Team profile,2384170,https://www.hltv.org/matches/2384170/parivision-vs-cybershoke-cct-season-3-europe-series-4
12467,HLTV Team profile,2384177,https://www.hltv.org/matches/2384177/partizan-vs-parivision-cct-season-3-europe-series-4
12467,HLTV Team profile,2384178,https://www.hltv.org/matches/2384178/parivision-vs-fnatic-cct-season-3-europe-series-4
12467,HLTV Team profile,2384180,https://www.hltv.org/matches/2384180/parivision-vs-og-cct-season-3-europe-series-4
12426,HLTV Team profile,2384205,https://www.hltv.org/matches/2384205/passion-ua-vs-cph-wolves-thunderpick-world-championship-2025-european-series-2
11581,HLTV Team profile,2384208,https://www.hltv.org/matches/2384208/hotu-vs-arcred-thunderpick-world-championship-2025-european-series-2
12426,HLTV Team profile,2384210,https://www.hltv.org/matches/2384210/passion-ua-vs-500-thunderpick-world-championship-2025-european-series-2
11581,HLTV Team profile,2384212,https://www.hltv.org/matches/2384212/hotu-vs-sinners-thunderpick-world-championship-2025-european-series-2
6673,HLTV Team profile,2384262,https://www.hltv.org/matches/2384262/nrg-vs-boss-cct-season-3-north-america-series-1
12376,HLTV Team profile,2384264,https://www.hltv.org/matches/2384264/m80-vs-marsborne-cct-season-3-north-america-series-1
6673,HLTV Team profile,2384266,https://www.hltv.org/matches/2384266/bluejays-vs-nrg-cct-season-3-north-america-series-1
12376,HLTV Team profile,2384267,https://www.hltv.org/matches/2384267/m80-vs-wildcard-cct-season-3-north-america-series-1
6673,HLTV Team profile,2384268,https://www.hltv.org/matches/2384268/nrg-vs-wildcard-cct-season-3-north-america-series-1
12394,HLTV Team profile,2384273,https://www.hltv.org/matches/2384273/betboom-vs-33-esl-challenger-league-season-50-europe-cup-1
11581,HLTV Team profile,2384274,https://www.hltv.org/matches/2384274/9-pandas-vs-hotu-esl-challenger-league-season-50-europe-cup-1
12878,HLTV Team profile,2384275,https://www.hltv.org/matches/2384275/betclic-vs-bcgame-esl-challenger-league-season-50-europe-cup-1
12426,HLTV Team profile,2384276,https://www.hltv.org/matches/2384276/betera-vs-passion-ua-esl-challenger-league-season-50-europe-cup-1
12467,HLTV Team profile,2384282,https://www.hltv.org/matches/2384282/sashi-vs-parivision-esl-challenger-league-season-50-europe-cup-1
9565,HLTV Team profile,2384299,https://www.hltv.org/matches/2384299/vitality-vs-liquid-esports-world-cup-2025
6665,HLTV Team profile,2384300,https://www.hltv.org/matches/2384300/tyloo-vs-astralis-esports-world-cup-2025
4608,HLTV Team profile,2384301,https://www.hltv.org/matches/2384301/natus-vincere-vs-3dmax-esports-world-cup-2025
6248,HLTV Team profile,2384302,https://www.hltv.org/matches/2384302/gamerlegion-vs-the-mongolz-esports-world-cup-2025
4494,HLTV Team profile,2384303,https://www.hltv.org/matches/2384303/mouz-vs-virtuspro-esports-world-cup-2025
11283,HLTV Team profile,2384304,https://www.hltv.org/matches/2384304/g2-vs-falcons-esports-world-cup-2025
11861,HLTV Team profile,2384305,https://www.hltv.org/matches/2384305/faze-vs-aurora-esports-world-cup-2025
7020,HLTV Team profile,2384306,https://www.hltv.org/matches/2384306/spirit-vs-heroic-esports-world-cup-2025
12878,HLTV Team profile,2384309,https://www.hltv.org/matches/2384309/cybershoke-vs-bcgame-exort-the-proving-grounds-season-3
11581,HLTV Team profile,2384314,https://www.hltv.org/matches/2384314/hotu-vs-metizport-exort-the-proving-grounds-season-3
11581,HLTV Team profile,2384315,https://www.hltv.org/matches/2384315/hotu-vs-tricked-exort-the-proving-grounds-season-3
12878,HLTV Team profile,2384316,https://www.hltv.org/matches/2384316/spirit-academy-vs-bcgame-exort-the-proving-grounds-season-3
6673,HLTV Team profile,2384353,https://www.hltv.org/matches/2384353/nrg-vs-anything-else-esl-challenger-league-season-50-north-america-cup-1
12376,HLTV Team profile,2384360,https://www.hltv.org/matches/2384360/m80-vs-aether-esl-challenger-league-season-50-north-america-cup-1
9565,HLTV Team profile,2384381,https://www.hltv.org/matches/2384381/tyloo-vs-vitality-esports-world-cup-2025
6248,HLTV Team profile,2384382,https://www.hltv.org/matches/2384382/the-mongolz-vs-3dmax-esports-world-cup-2025
11283,HLTV Team profile,2384383,https://www.hltv.org/matches/2384383/falcons-vs-mouz-esports-world-cup-2025
11861,HLTV Team profile,2384384,https://www.hltv.org/matches/2384384/heroic-vs-aurora-esports-world-cup-2025
9565,HLTV Team profile,2384385,https://www.hltv.org/matches/2384385/the-mongolz-vs-vitality-esports-world-cup-2025
11283,HLTV Team profile,2384386,https://www.hltv.org/matches/2384386/aurora-vs-falcons-esports-world-cup-2025
9565,HLTV Team profile,2384387,https://www.hltv.org/matches/2384387/vitality-vs-falcons-esports-world-cup-2025
11861,HLTV Team profile,2384388,https://www.hltv.org/matches/2384388/the-mongolz-vs-aurora-esports-world-cup-2025
11581,HLTV Team profile,2384392,https://www.hltv.org/matches/2384392/hotu-vs-eyeballers-cs-asia-championships-2025-europe-open-qualifier
12426,HLTV Team profile,2384394,https://www.hltv.org/matches/2384394/passion-ua-vs-1win-cs-asia-championships-2025-europe-open-qualifier
12394,HLTV Team profile,2384395,https://www.hltv.org/matches/2384395/betboom-vs-sashi-cs-asia-championships-2025-europe-open-qualifier
12426,HLTV Team profile,2384398,https://www.hltv.org/matches/2384398/nemiga-vs-passion-ua-cs-asia-championships-2025-europe-open-qualifier
13286,HLTV Team profile,2384399,https://www.hltv.org/matches/2384399/fut-vs-betboom-cs-asia-championships-2025-europe-open-qualifier
9928,HLTV Team profile,2384401,https://www.hltv.org/matches/2384401/gamerlegion-vs-big-cs-asia-championships-2025-europe-open-qualifier
7175,HLTV Team profile,2384402,https://www.hltv.org/matches/2384402/heroic-vs-passion-ua-cs-asia-championships-2025-europe-open-qualifier
13286,HLTV Team profile,2384403,https://www.hltv.org/matches/2384403/ninjas-in-pyjamas-vs-fut-cs-asia-championships-2025-europe-open-qualifier
12426,HLTV Team profile,2384432,https://www.hltv.org/matches/2384432/betclic-vs-passion-ua-esl-challenger-league-season-50-europe-cup-1
12394,HLTV Team profile,2384439,https://www.hltv.org/matches/2384439/betboom-vs-hotu-esl-challenger-league-season-50-europe-cup-1
12878,HLTV Team profile,2384440,https://www.hltv.org/matches/2384440/bcgame-vs-betera-esl-challenger-league-season-50-europe-cup-1
12467,HLTV Team profile,2384443,https://www.hltv.org/matches/2384443/parivision-vs-iberian-soul-esl-challenger-league-season-50-europe-cup-1
6673,HLTV Team profile,2384469,https://www.hltv.org/matches/2384469/nrg-vs-lag-esl-challenger-league-season-50-north-america-cup-1
12376,HLTV Team profile,2384472,https://www.hltv.org/matches/2384472/m80-vs-marsborne-esl-challenger-league-season-50-north-america-cup-1
12426,HLTV Team profile,2384477,https://www.hltv.org/matches/2384477/big-vs-passion-ua-starladder-starseries-fall-2025-europe-closed-qualifier
4411,HLTV Team profile,2384478,https://www.hltv.org/matches/2384478/ninjas-in-pyjamas-vs-9ine-starladder-starseries-fall-2025-europe-closed-qualifier
12394,HLTV Team profile,2384479,https://www.hltv.org/matches/2384479/ence-vs-betboom-starladder-starseries-fall-2025-europe-closed-qualifier
12467,HLTV Team profile,2384480,https://www.hltv.org/matches/2384480/fnatic-vs-parivision-starladder-starseries-fall-2025-europe-closed-qualifier
13286,HLTV Team profile,2384484,https://www.hltv.org/matches/2384484/fut-vs-spirit-academy-starladder-starseries-fall-2025-europe-closed-qualifier
12467,HLTV Team profile,2384486,https://www.hltv.org/matches/2384486/ence-vs-parivision-starladder-starseries-fall-2025-europe-closed-qualifier
13286,HLTV Team profile,2384488,https://www.hltv.org/matches/2384488/iberian-soul-vs-fut-starladder-starseries-fall-2025-europe-closed-qualifier
4411,HLTV Team profile,2384489,https://www.hltv.org/matches/2384489/passion-ua-vs-ninjas-in-pyjamas-starladder-starseries-fall-2025-europe-closed-qualifier
12394,HLTV Team profile,2384490,https://www.hltv.org/matches/2384490/betboom-vs-fnatic-starladder-starseries-fall-2025-europe-closed-qualifier
13286,HLTV Team profile,2384496,https://www.hltv.org/matches/2384496/fut-vs-spirit-academy-starladder-starseries-fall-2025-europe-closed-qualifier
12467,HLTV Team profile,2384498,https://www.hltv.org/matches/2384498/parivision-vs-ecstatic-starladder-starseries-fall-2025-europe-closed-qualifier
13286,HLTV Team profile,2384500,https://www.hltv.org/matches/2384500/og-vs-fut-starladder-starseries-fall-2025-europe-closed-qualifier
12878,HLTV Team profile,2384502,https://www.hltv.org/matches/2384502/bcgame-vs-partizan-exort-the-proving-grounds-season-3
11581,HLTV Team profile,2384508,https://www.hltv.org/matches/2384508/hotu-vs-9ine-exort-the-proving-grounds-season-3
11581,HLTV Team profile,2384587,https://www.hltv.org/matches/2384587/ruby-vs-hotu-esl-challenger-league-season-50-europe-cup-1
12878,HLTV Team profile,2384601,https://www.hltv.org/matches/2384601/betboom-vs-bcgame-esl-challenger-league-season-50-europe-cup-1
12467,HLTV Team profile,2384603,https://www.hltv.org/matches/2384603/ence-vs-parivision-esl-challenger-league-season-50-europe-cup-1
11581,HLTV Team profile,2384606,https://www.hltv.org/matches/2384606/betera-vs-hotu-esl-challenger-league-season-50-europe-cup-1
6673,HLTV Team profile,2384612,https://www.hltv.org/matches/2384612/bluejays-vs-nrg-esl-challenger-league-season-50-north-america-cup-1
12376,HLTV Team profile,2384613,https://www.hltv.org/matches/2384613/m80-vs-incontrol-esl-challenger-league-season-50-north-america-cup-1
12878,HLTV Team profile,2384639,https://www.hltv.org/matches/2384639/bcgame-vs-arcred-exort-the-proving-grounds-season-3
11581,HLTV Team profile,2384643,https://www.hltv.org/matches/2384643/500-vs-hotu-exort-the-proving-grounds-season-3
11581,HLTV Team profile,2384646,https://www.hltv.org/matches/2384646/arcred-vs-hotu-exort-the-proving-grounds-season-3
12376,HLTV Team profile,2384649,https://www.hltv.org/matches/2384649/m80-vs-verstappen-peek-prizepicks-na-revival-series-8
6673,HLTV Team profile,2384651,https://www.hltv.org/matches/2384651/nrg-vs-aether-prizepicks-na-revival-series-8
12376,HLTV Team profile,2384652,https://www.hltv.org/matches/2384652/m80-vs-bluejays-prizepicks-na-revival-series-8
6673,HLTV Team profile,2384653,https://www.hltv.org/matches/2384653/nrg-vs-getting-info-prizepicks-na-revival-series-8
12376,HLTV Team profile,2384654,https://www.hltv.org/matches/2384654/m80-vs-getting-info-prizepicks-na-revival-series-8
11581,HLTV Team profile,2384674,https://www.hltv.org/matches/2384674/ecstatic-vs-hotu-exort-the-proving-grounds-season-3
12426,HLTV Team profile,2384676,https://www.hltv.org/matches/2384676/passion-ua-vs-cybershoke-exort-the-proving-grounds-season-3
12878,HLTV Team profile,2384678,https://www.hltv.org/matches/2384678/ence-vs-bcgame-exort-the-proving-grounds-season-3
12394,HLTV Team profile,2384680,https://www.hltv.org/matches/2384680/betboom-vs-betclic-exort-the-proving-grounds-season-3
12394,HLTV Team profile,2384681,https://www.hltv.org/matches/2384681/ecstatic-vs-betboom-exort-the-proving-grounds-season-3
12878,HLTV Team profile,2384682,https://www.hltv.org/matches/2384682/bcgame-vs-spirit-academy-exort-the-proving-grounds-season-3
12878,HLTV Team profile,2384685,https://www.hltv.org/matches/2384685/bcgame-vs-og-exort-the-proving-grounds-season-3
12394,HLTV Team profile,2384686,https://www.hltv.org/matches/2384686/betboom-vs-tnl-exort-the-proving-grounds-season-3
12878,HLTV Team profile,2384687,https://www.hltv.org/matches/2384687/bcgame-vs-betboom-exort-the-proving-grounds-season-3
13404,HLTV Team profile,2384688,https://www.hltv.org/matches/2384688/gentle-mates-vs-nemiga-esl-challenger-league-season-50-europe-cup-1
12878,HLTV Team profile,2384689,https://www.hltv.org/matches/2384689/og-vs-bcgame-esl-challenger-league-season-50-europe-cup-1
12394,HLTV Team profile,2384692,https://www.hltv.org/matches/2384692/zero-tenacity-vs-betboom-esl-challenger-league-season-50-europe-cup-1
12467,HLTV Team profile,2384693,https://www.hltv.org/matches/2384693/parivision-vs-9ine-esl-challenger-league-season-50-europe-cup-1
13404,HLTV Team profile,2384694,https://www.hltv.org/matches/2384694/gentle-mates-vs-og-esl-challenger-league-season-50-europe-cup-1
4411,HLTV Team profile,2384752,https://www.hltv.org/matches/2384752/ninjas-in-pyjamas-vs-eyeballers-digital-crusade-draculan-season-1
12426,HLTV Team profile,2384753,https://www.hltv.org/matches/2384753/passion-ua-vs-monte-digital-crusade-draculan-season-1
13404,HLTV Team profile,2384754,https://www.hltv.org/matches/2384754/gentle-mates-vs-9ine-digital-crusade-draculan-season-1
13404,HLTV Team profile,2384757,https://www.hltv.org/matches/2384757/monte-vs-gentle-mates-digital-crusade-draculan-season-1
4411,HLTV Team profile,2384758,https://www.hltv.org/matches/2384758/ninjas-in-pyjamas-vs-ence-digital-crusade-draculan-season-1
12426,HLTV Team profile,2384759,https://www.hltv.org/matches/2384759/passion-ua-vs-9ine-digital-crusade-draculan-season-1
13404,HLTV Team profile,2384760,https://www.hltv.org/matches/2384760/gentle-mates-vs-ence-digital-crusade-draculan-season-1
9565,HLTV Team profile,2384807,https://www.hltv.org/matches/2384807/vitality-vs-m80-blast-open-london-2025
9928,HLTV Team profile,2384808,https://www.hltv.org/matches/2384808/gamerlegion-vs-virtuspro-blast-open-london-2025
6667,HLTV Team profile,2384809,https://www.hltv.org/matches/2384809/faze-vs-ecstatic-blast-open-london-2025
4608,HLTV Team profile,2384810,https://www.hltv.org/matches/2384810/natus-vincere-vs-fnatic-blast-open-london-2025
4494,HLTV Team profile,2384811,https://www.hltv.org/matches/2384811/mouz-vs-imperial-blast-open-london-2025
5995,HLTV Team profile,2384812,https://www.hltv.org/matches/2384812/g2-vs-liquid-blast-open-london-2025
7020,HLTV Team profile,2384813,https://www.hltv.org/matches/2384813/spirit-vs-flyquest-blast-open-london-2025
8297,HLTV Team profile,2384814,https://www.hltv.org/matches/2384814/furia-vs-legacy-blast-open-london-2025
12376,HLTV Team profile,2384837,https://www.hltv.org/matches/2384837/m80-vs-virtuspro-blast-open-london-2025
9565,HLTV Team profile,2384838,https://www.hltv.org/matches/2384838/vitality-vs-gamerlegion-blast-open-london-2025
4608,HLTV Team profile,2384839,https://www.hltv.org/matches/2384839/faze-vs-natus-vincere-blast-open-london-2025
4608,HLTV Team profile,2384840,https://www.hltv.org/matches/2384840/m80-vs-natus-vincere-blast-open-london-2025
9928,HLTV Team profile,2384841,https://www.hltv.org/matches/2384841/fnatic-vs-gamerlegion-blast-open-london-2025
9565,HLTV Team profile,2384842,https://www.hltv.org/matches/2384842/vitality-vs-faze-blast-open-london-2025
12376,HLTV Team profile,2384843,https://www.hltv.org/matches/2384843/fnatic-vs-m80-blast-open-london-2025
5973,HLTV Team profile,2384844,https://www.hltv.org/matches/2384844/imperial-vs-liquid-blast-open-london-2025
12468,HLTV Team profile,2384845,https://www.hltv.org/matches/2384845/flyquest-vs-legacy-blast-open-london-2025
4494,HLTV Team profile,2384846,https://www.hltv.org/matches/2384846/mouz-vs-g2-blast-open-london-2025
8297,HLTV Team profile,2384847,https://www.hltv.org/matches/2384847/spirit-vs-furia-blast-open-london-2025
7020,HLTV Team profile,2384848,https://www.hltv.org/matches/2384848/liquid-vs-spirit-blast-open-london-2025
5995,HLTV Team profile,2384849,https://www.hltv.org/matches/2384849/flyquest-vs-g2-blast-open-london-2025
8297,HLTV Team profile,2384850,https://www.hltv.org/matches/2384850/mouz-vs-furia-blast-open-london-2025
7020,HLTV Team profile,2384851,https://www.hltv.org/matches/2384851/spirit-vs-g2-blast-open-london-2025
4494,HLTV Team profile,2384852,https://www.hltv.org/matches/2384852/mouz-vs-m80-blast-open-london-2025-finals
6667,HLTV Team profile,2384853,https://www.hltv.org/matches/2384853/faze-vs-g2-blast-open-london-2025-finals
9565,HLTV Team profile,2384854,https://www.hltv.org/matches/2384854/vitality-vs-mouz-blast-open-london-2025-finals
8297,HLTV Team profile,2384855,https://www.hltv.org/matches/2384855/furia-vs-g2-blast-open-london-2025-finals
9565,HLTV Team profile,2384856,https://www.hltv.org/matches/2384856/vitality-vs-g2-blast-open-london-2025-finals
11581,HLTV Team profile,2384875,https://www.hltv.org/matches/2384875/hotu-vs-alliance-cct-season-3-europe-series-5
13286,HLTV Team profile,2384877,https://www.hltv.org/matches/2384877/fut-vs-betera-cct-season-3-europe-series-5
12394,HLTV Team profile,2384878,https://www.hltv.org/matches/2384878/betboom-vs-monte-cct-season-3-europe-series-5
13286,HLTV Team profile,2384883,https://www.hltv.org/matches/2384883/fut-vs-alliance-cct-season-3-europe-series-5
12394,HLTV Team profile,2384884,https://www.hltv.org/matches/2384884/betboom-vs-og-cct-season-3-europe-series-5
13286,HLTV Team profile,2384887,https://www.hltv.org/matches/2384887/fut-vs-betboom-cct-season-3-europe-series-5
12394,HLTV Team profile,2384889,https://www.hltv.org/matches/2384889/betboom-vs-tnl-cct-season-3-europe-series-5
6673,HLTV Team profile,2384949,https://www.hltv.org/matches/2384949/nrg-vs-m80-esl-challenger-league-season-50-north-america-cup-1
12376,HLTV Team profile,2384950,https://www.hltv.org/matches/2384950/bluejays-vs-m80-esl-challenger-league-season-50-north-america-cup-1
6673,HLTV Team profile,2384951,https://www.hltv.org/matches/2384951/nrg-vs-bluejays-esl-challenger-league-season-50-north-america-cup-1
12467,HLTV Team profile,2384952,https://www.hltv.org/matches/2384952/og-vs-parivision-esl-challenger-league-season-50-europe-cup-1
12467,HLTV Team profile,2384954,https://www.hltv.org/matches/2384954/zero-tenacity-vs-parivision-esl-challenger-league-season-50-europe-cup-1
12394,HLTV Team profile,2384955,https://www.hltv.org/matches/2384955/betboom-vs-9ine-esl-challenger-league-season-50-europe-cup-1
12467,HLTV Team profile,2384956,https://www.hltv.org/matches/2384956/parivision-vs-9ine-esl-challenger-league-season-50-europe-cup-1
12467,HLTV Team profile,2384957,https://www.hltv.org/matches/2384957/betboom-vs-parivision-esl-challenger-league-season-50-europe-cup-1
4914,HLTV Team profile,2384962,https://www.hltv.org/matches/2384962/3dmax-vs-lynn-vision-perfect-world-cs-challenge-series-1
11241,HLTV Team profile,2384963,https://www.hltv.org/matches/2384963/tyloo-vs-b8-perfect-world-cs-challenge-series-1
4914,HLTV Team profile,2384964,https://www.hltv.org/matches/2384964/3dmax-vs-tyloo-perfect-world-cs-challenge-series-1
11241,HLTV Team profile,2384966,https://www.hltv.org/matches/2384966/kaleido-vs-b8-perfect-world-cs-challenge-series-1
11241,HLTV Team profile,2384967,https://www.hltv.org/matches/2384967/lynn-vision-vs-b8-perfect-world-cs-challenge-series-1
4914,HLTV Team profile,2384969,https://www.hltv.org/matches/2384969/3dmax-vs-tyloo-perfect-world-cs-challenge-series-1
13286,HLTV Team profile,2385082,https://www.hltv.org/matches/2385082/fut-vs-phantom-betclic-clash-summer-2025-play-in
13286,HLTV Team profile,2385087,https://www.hltv.org/matches/2385087/fut-vs-zero-tenacity-betclic-clash-summer-2025-play-in
11581,HLTV Team profile,2385108,https://www.hltv.org/matches/2385108/hotu-vs-cph-wolves-cct-season-3-europe-series-6
12467,HLTV Team profile,2385159,https://www.hltv.org/matches/2385159/ecstatic-vs-parivision-thunderpick-world-championship-2025-closed-qualifier
12468,HLTV Team profile,2385161,https://www.hltv.org/matches/2385161/legacy-vs-jijiehao-thunderpick-world-championship-2025-closed-qualifier
12394,HLTV Team profile,2385162,https://www.hltv.org/matches/2385162/betboom-vs-9z-thunderpick-world-championship-2025-closed-qualifier
12376,HLTV Team profile,2385164,https://www.hltv.org/matches/2385164/og-vs-m80-thunderpick-world-championship-2025-closed-qualifier
4411,HLTV Team profile,2385165,https://www.hltv.org/matches/2385165/ninjas-in-pyjamas-vs-venom-thunderpick-world-championship-2025-closed-qualifier
12467,HLTV Team profile,2385168,https://www.hltv.org/matches/2385168/9z-vs-parivision-thunderpick-world-championship-2025-closed-qualifier
12468,HLTV Team profile,2385170,https://www.hltv.org/matches/2385170/legacy-vs-imperial-thunderpick-world-championship-2025-closed-qualifier
11581,HLTV Team profile,2385180,https://www.hltv.org/matches/2385180/hotu-vs-zero-tenacity-esl-challenger-league-season-50-europe-cup-2
13286,HLTV Team profile,2385186,https://www.hltv.org/matches/2385186/betera-vs-fut-esl-challenger-league-season-50-europe-cup-2
12878,HLTV Team profile,2385192,https://www.hltv.org/matches/2385192/bcgame-vs-sashi-esl-challenger-league-season-50-europe-cup-2
9215,HLTV Team profile,2385215,https://www.hltv.org/matches/2385215/mibr-vs-underdogs-esl-challenger-league-season-50-south-america-cup-2
4411,HLTV Team profile,2385267,https://www.hltv.org/matches/2385267/ninjas-in-pyjamas-vs-take-flyte-fragadelphia-fragville-2025
6673,HLTV Team profile,2385271,https://www.hltv.org/matches/2385271/nrg-vs-radford-university-fragadelphia-fragville-2025
4411,HLTV Team profile,2385282,https://www.hltv.org/matches/2385282/ninjas-in-pyjamas-vs-marsborne-fragadelphia-fragville-2025
6673,HLTV Team profile,2385284,https://www.hltv.org/matches/2385284/nrg-vs-gamehunters-fragadelphia-fragville-2025
6673,HLTV Team profile,2385286,https://www.hltv.org/matches/2385286/nrg-vs-oddik-fragadelphia-fragville-2025
4411,HLTV Team profile,2385287,https://www.hltv.org/matches/2385287/ninjas-in-pyjamas-vs-wildcard-fragadelphia-fragville-2025
6673,HLTV Team profile,2385289,https://www.hltv.org/matches/2385289/nrg-vs-ninjas-in-pyjamas-fragadelphia-fragville-2025
9928,HLTV Team profile,2385290,https://www.hltv.org/matches/2385290/gamerlegion-vs-tyloo-fissure-playground-2
6248,HLTV Team profile,2385291,https://www.hltv.org/matches/2385291/the-mongolz-vs-3dmax-fissure-playground-2
11283,HLTV Team profile,2385292,https://www.hltv.org/matches/2385292/falcons-vs-virtuspro-fissure-playground-2
11861,HLTV Team profile,2385293,https://www.hltv.org/matches/2385293/aurora-vs-astralis-fissure-playground-2
12468,HLTV Team profile,2385294,https://www.hltv.org/matches/2385294/heroic-vs-legacy-fissure-playground-2
5995,HLTV Team profile,2385295,https://www.hltv.org/matches/2385295/g2-vs-lynn-vision-fissure-playground-2
6667,HLTV Team profile,2385296,https://www.hltv.org/matches/2385296/faze-vs-pain-fissure-playground-2
8297,HLTV Team profile,2385297,https://www.hltv.org/matches/2385297/furia-vs-liquid-fissure-playground-2
6667,HLTV Team profile,2385298,https://www.hltv.org/matches/2385298/3dmax-vs-faze-fissure-playground-2
6248,HLTV Team profile,2385299,https://www.hltv.org/matches/2385299/the-mongolz-vs-lynn-vision-fissure-playground-2
11283,HLTV Team profile,2385300,https://www.hltv.org/matches/2385300/falcons-vs-legacy-fissure-playground-2
6665,HLTV Team profile,2385301,https://www.hltv.org/matches/2385301/virtuspro-vs-astralis-fissure-playground-2
11861,HLTV Team profile,2385302,https://www.hltv.org/matches/2385302/aurora-vs-tyloo-fissure-playground-2
5973,HLTV Team profile,2385303,https://www.hltv.org/matches/2385303/gamerlegion-vs-liquid-fissure-playground-2
8297,HLTV Team profile,2385304,https://www.hltv.org/matches/2385304/furia-vs-g2-fissure-playground-2
4773,HLTV Team profile,2385305,https://www.hltv.org/matches/2385305/heroic-vs-pain-fissure-playground-2
6248,HLTV Team profile,2385306,https://www.hltv.org/matches/2385306/tyloo-vs-the-mongolz-fissure-playground-2
6665,HLTV Team profile,2385307,https://www.hltv.org/matches/2385307/astralis-vs-pain-fissure-playground-2
4914,HLTV Team profile,2385308,https://www.hltv.org/matches/2385308/3dmax-vs-gamerlegion-fissure-playground-2
5995,HLTV Team profile,2385309,https://www.hltv.org/matches/2385309/legacy-vs-g2-fissure-playground-2
5973,HLTV Team profile,2385310,https://www.hltv.org/matches/2385310/liquid-vs-heroic-fissure-playground-2
11283,HLTV Team profile,2385312,https://www.hltv.org/matches/2385312/falcons-vs-faze-fissure-playground-2
8297,HLTV Team profile,2385313,https://www.hltv.org/matches/2385313/aurora-vs-furia-fissure-playground-2
5995,HLTV Team profile,2385314,https://www.hltv.org/matches/2385314/g2-vs-gamerlegion-fissure-playground-2
4914,HLTV Team profile,2385315,https://www.hltv.org/matches/2385315/3dmax-vs-virtuspro-fissure-playground-2
6667,HLTV Team profile,2385316,https://www.hltv.org/matches/2385316/faze-vs-the-mongolz-fissure-playground-2
5973,HLTV Team profile,2385317,https://www.hltv.org/matches/2385317/tyloo-vs-liquid-fissure-playground-2
8297,HLTV Team profile,2385318,https://www.hltv.org/matches/2385318/furia-vs-pain-fissure-playground-2
12468,HLTV Team profile,2385319,https://www.hltv.org/matches/2385319/astralis-vs-legacy-fissure-playground-2
6667,HLTV Team profile,2385320,https://www.hltv.org/matches/2385320/faze-vs-liquid-fissure-playground-2
6665,HLTV Team profile,2385321,https://www.hltv.org/matches/2385321/astralis-vs-gamerlegion-fissure-playground-2
4773,HLTV Team profile,2385322,https://www.hltv.org/matches/2385322/pain-vs-virtuspro-fissure-playground-2
6248,HLTV Team profile,2385323,https://www.hltv.org/matches/2385323/g2-vs-the-mongolz-fissure-playground-2
11861,HLTV Team profile,2385324,https://www.hltv.org/matches/2385324/aurora-vs-liquid-fissure-playground-2
8297,HLTV Team profile,2385325,https://www.hltv.org/matches/2385325/furia-vs-astralis-fissure-playground-2
11283,HLTV Team profile,2385326,https://www.hltv.org/matches/2385326/falcons-vs-pain-fissure-playground-2
6248,HLTV Team profile,2385327,https://www.hltv.org/matches/2385327/the-mongolz-vs-liquid-fissure-playground-2
8297,HLTV Team profile,2385328,https://www.hltv.org/matches/2385328/furia-vs-falcons-fissure-playground-2
8297,HLTV Team profile,2385329,https://www.hltv.org/matches/2385329/the-mongolz-vs-furia-fissure-playground-2
11581,HLTV Team profile,2385346,https://www.hltv.org/matches/2385346/hotu-vs-insilio-esl-challenger-league-season-50-europe-cup-2
13286,HLTV Team profile,2385357,https://www.hltv.org/matches/2385357/gun5-vs-fut-esl-challenger-league-season-50-europe-cup-2
12878,HLTV Team profile,2385360,https://www.hltv.org/matches/2385360/og-vs-bcgame-esl-challenger-league-season-50-europe-cup-2
9215,HLTV Team profile,2385370,https://www.hltv.org/matches/2385370/keyd-stars-vs-mibr-esl-challenger-league-season-50-south-america-cup-2
12467,HLTV Team profile,2385394,https://www.hltv.org/matches/2385394/b8-vs-parivision-starladder-starseries-fall-2025
4411,HLTV Team profile,2385395,https://www.hltv.org/matches/2385395/ninjas-in-pyjamas-vs-og-starladder-starseries-fall-2025
13404,HLTV Team profile,2385396,https://www.hltv.org/matches/2385396/passion-ua-vs-gentle-mates-starladder-starseries-fall-2025
4608,HLTV Team profile,2385397,https://www.hltv.org/matches/2385397/natus-vincere-vs-9ine-starladder-starseries-fall-2025
11241,HLTV Team profile,2385398,https://www.hltv.org/matches/2385398/b8-vs-og-starladder-starseries-fall-2025
13404,HLTV Team profile,2385399,https://www.hltv.org/matches/2385399/gentle-mates-vs-9ine-starladder-starseries-fall-2025
12467,HLTV Team profile,2385400,https://www.hltv.org/matches/2385400/parivision-vs-ninjas-in-pyjamas-starladder-starseries-fall-2025
4608,HLTV Team profile,2385401,https://www.hltv.org/matches/2385401/passion-ua-vs-natus-vincere-starladder-starseries-fall-2025
12467,HLTV Team profile,2385402,https://www.hltv.org/matches/2385402/gentle-mates-vs-parivision-starladder-starseries-fall-2025
11241,HLTV Team profile,2385403,https://www.hltv.org/matches/2385403/b8-vs-passion-ua-starladder-starseries-fall-2025
4608,HLTV Team profile,2385404,https://www.hltv.org/matches/2385404/ninjas-in-pyjamas-vs-natus-vincere-starladder-starseries-fall-2025
11241,HLTV Team profile,2385405,https://www.hltv.org/matches/2385405/gentle-mates-vs-b8-starladder-starseries-fall-2025
11241,HLTV Team profile,2385406,https://www.hltv.org/matches/2385406/ninjas-in-pyjamas-vs-b8-starladder-starseries-fall-2025
4608,HLTV Team profile,2385407,https://www.hltv.org/matches/2385407/natus-vincere-vs-ninjas-in-pyjamas-starladder-starseries-fall-2025
11581,HLTV Team profile,2385445,https://www.hltv.org/matches/2385445/hotu-vs-eternal-fire-cct-season-3-europe-series-6
11581,HLTV Team profile,2385488,https://www.hltv.org/matches/2385488/hotu-vs-nemiga-esl-challenger-league-season-50-europe-cup-2
13286,HLTV Team profile,2385492,https://www.hltv.org/matches/2385492/johnny-speeds-vs-fut-esl-challenger-league-season-50-europe-cup-2
12878,HLTV Team profile,2385499,https://www.hltv.org/matches/2385499/bcgame-vs-esc-esl-challenger-league-season-50-europe-cup-2
11581,HLTV Team profile,2385500,https://www.hltv.org/matches/2385500/hotu-vs-og-esl-challenger-league-season-50-europe-cup-2
13286,HLTV Team profile,2385502,https://www.hltv.org/matches/2385502/ence-vs-fut-esl-challenger-league-season-50-europe-cup-2
9215,HLTV Team profile,2385508,https://www.hltv.org/matches/2385508/mibr-vs-red-canids-esl-challenger-league-season-50-south-america-cup-2
11581,HLTV Team profile,2385529,https://www.hltv.org/matches/2385529/hotu-vs-reason-cct-season-3-europe-series-6
13286,HLTV Team profile,2385627,https://www.hltv.org/matches/2385627/fut-vs-favbet-cct-season-3-europe-series-6
12394,HLTV Team profile,2385629,https://www.hltv.org/matches/2385629/betboom-vs-reason-cct-season-3-europe-series-6
11581,HLTV Team profile,2385633,https://www.hltv.org/matches/2385633/sashi-vs-hotu-cct-season-3-europe-series-6
12394,HLTV Team profile,2385635,https://www.hltv.org/matches/2385635/betboom-vs-sashi-cct-season-3-europe-series-6
13286,HLTV Team profile,2385636,https://www.hltv.org/matches/2385636/fut-vs-gun5-cct-season-3-europe-series-6
12394,HLTV Team profile,2385638,https://www.hltv.org/matches/2385638/betboom-vs-gun5-cct-season-3-europe-series-6
12394,HLTV Team profile,2385640,https://www.hltv.org/matches/2385640/betboom-vs-esc-cct-season-3-europe-series-6
11581,HLTV Team profile,2385641,https://www.hltv.org/matches/2385641/ruby-vs-hotu-esl-challenger-league-season-50-europe-cup-2
13286,HLTV Team profile,2385643,https://www.hltv.org/matches/2385643/fut-vs-sangal-esl-challenger-league-season-50-europe-cup-2
12878,HLTV Team profile,2385646,https://www.hltv.org/matches/2385646/bcgame-vs-9ine-esl-challenger-league-season-50-europe-cup-2
11581,HLTV Team profile,2385647,https://www.hltv.org/matches/2385647/hotu-vs-monte-esl-challenger-league-season-50-europe-cup-2
13286,HLTV Team profile,2385648,https://www.hltv.org/matches/2385648/esc-vs-fut-esl-challenger-league-season-50-europe-cup-2
13404,HLTV Team profile,2385674,https://www.hltv.org/matches/2385674/gentle-mates-vs-rebels-radio-popular-roman-imperium-cup-ii
13404,HLTV Team profile,2385678,https://www.hltv.org/matches/2385678/gentle-mates-vs-rhyno-yng-radio-popular-roman-imperium-cup-ii
13404,HLTV Team profile,2385679,https://www.hltv.org/matches/2385679/saw-vs-gentle-mates-radio-popular-roman-imperium-cup-ii
11581,HLTV Team profile,2385749,https://www.hltv.org/matches/2385749/hotu-vs-favbet-european-pro-league-series-2
12878,HLTV Team profile,2385751,https://www.hltv.org/matches/2385751/bcgame-vs-amkal-european-pro-league-series-2
11581,HLTV Team profile,2385755,https://www.hltv.org/matches/2385755/hotu-vs-esc-european-pro-league-series-2
12878,HLTV Team profile,2385756,https://www.hltv.org/matches/2385756/bcgame-vs-ruby-european-pro-league-series-2
11581,HLTV Team profile,2385758,https://www.hltv.org/matches/2385758/hotu-vs-ruby-european-pro-league-series-2
11581,HLTV Team profile,2385760,https://www.hltv.org/matches/2385760/sashi-vs-hotu-european-pro-league-series-2
12394,HLTV Team profile,2385782,https://www.hltv.org/matches/2385782/betboom-vs-betera-majestic-landalan-3
12394,HLTV Team profile,2385784,https://www.hltv.org/matches/2385784/33-vs-betboom-majestic-landalan-3
12467,HLTV Team profile,2385787,https://www.hltv.org/matches/2385787/parivision-vs-nuclear-tigeres-majestic-landalan-3
12467,HLTV Team profile,2385789,https://www.hltv.org/matches/2385789/9boompro-vs-parivision-majestic-landalan-3
12467,HLTV Team profile,2385791,https://www.hltv.org/matches/2385791/parivision-vs-33-majestic-landalan-3
12394,HLTV Team profile,2385792,https://www.hltv.org/matches/2385792/betboom-vs-9boompro-majestic-landalan-3
12467,HLTV Team profile,2385793,https://www.hltv.org/matches/2385793/parivision-vs-betboom-majestic-landalan-3
11581,HLTV Team profile,2385797,https://www.hltv.org/matches/2385797/9ine-vs-hotu-esl-challenger-league-season-50-europe-cup-2
11581,HLTV Team profile,2385799,https://www.hltv.org/matches/2385799/sparta-vs-hotu-winline-pro-league-season-3
9215,HLTV Team profile,2385808,https://www.hltv.org/matches/2385808/mibr-vs-2game-esl-challenger-league-season-50-south-america-cup-2
9215,HLTV Team profile,2385810,https://www.hltv.org/matches/2385810/mibr-vs-2game-esl-challenger-league-season-50-south-america-cup-2
12878,HLTV Team profile,2385816,https://www.hltv.org/matches/2385816/bcgame-vs-alliance-esl-challenger-league-season-50-europe-cup-2
12878,HLTV Team profile,2385817,https://www.hltv.org/matches/2385817/esc-vs-bcgame-esl-challenger-league-season-50-europe-cup-2
12878,HLTV Team profile,2385818,https://www.hltv.org/matches/2385818/alliance-vs-bcgame-esl-challenger-league-season-50-europe-cup-2
13286,HLTV Team profile,2385819,https://www.hltv.org/matches/2385819/fut-vs-spirit-academy-exort-the-proving-grounds-season-4
12394,HLTV Team profile,2385824,https://www.hltv.org/matches/2385824/betboom-vs-partizan-exort-the-proving-grounds-season-4
13286,HLTV Team profile,2385829,https://www.hltv.org/matches/2385829/partizan-vs-fut-exort-the-proving-grounds-season-4
13286,HLTV Team profile,2385832,https://www.hltv.org/matches/2385832/fut-vs-betera-exort-the-proving-grounds-season-4
13286,HLTV Team profile,2385833,https://www.hltv.org/matches/2385833/ence-vs-fut-exort-the-proving-grounds-season-4
4608,HLTV Team profile,2385864,https://www.hltv.org/matches/2385864/natus-vincere-vs-fc-dynamo-kyiv-showmatch-cs
7175,HLTV Team profile,2385897,https://www.hltv.org/matches/2385897/heroic-vs-gentle-mates-esl-pro-league-season-22-stage-1
5995,HLTV Team profile,2385898,https://www.hltv.org/matches/2385898/g2-vs-rooster-esl-pro-league-season-22-stage-1
6665,HLTV Team profile,2385899,https://www.hltv.org/matches/2385899/astralis-vs-fluxo-esl-pro-league-season-22-stage-1
4914,HLTV Team profile,2385900,https://www.hltv.org/matches/2385900/3dmax-vs-inner-circle-esl-pro-league-season-22-stage-1
12376,HLTV Team profile,2385901,https://www.hltv.org/matches/2385901/m80-vs-ence-esl-pro-league-season-22-stage-1
11241,HLTV Team profile,2385902,https://www.hltv.org/matches/2385902/legacy-vs-b8-esl-pro-league-season-22-stage-1
6673,HLTV Team profile,2385903,https://www.hltv.org/matches/2385903/gamerlegion-vs-nrg-esl-pro-league-season-22-stage-1
8297,HLTV Team profile,2385904,https://www.hltv.org/matches/2385904/furia-vs-hotu-esl-pro-league-season-22-stage-1
11241,HLTV Team profile,2385905,https://www.hltv.org/matches/2385905/b8-vs-hotu-esl-pro-league-season-22-stage-1
4914,HLTV Team profile,2385906,https://www.hltv.org/matches/2385906/3dmax-vs-rooster-esl-pro-league-season-22-stage-1
6665,HLTV Team profile,2385907,https://www.hltv.org/matches/2385907/astralis-vs-ence-esl-pro-league-season-22-stage-1
9928,HLTV Team profile,2385908,https://www.hltv.org/matches/2385908/gamerlegion-vs-inner-circle-esl-pro-league-season-22-stage-1
12376,HLTV Team profile,2385909,https://www.hltv.org/matches/2385909/m80-vs-heroic-esl-pro-league-season-22-stage-1
12468,HLTV Team profile,2385910,https://www.hltv.org/matches/2385910/legacy-vs-nrg-esl-pro-league-season-22-stage-1
5995,HLTV Team profile,2385911,https://www.hltv.org/matches/2385911/g2-vs-gentle-mates-esl-pro-league-season-22-stage-1
8297,HLTV Team profile,2385912,https://www.hltv.org/matches/2385912/furia-vs-fluxo-esl-pro-league-season-22-stage-1
11581,HLTV Team profile,2385913,https://www.hltv.org/matches/2385913/hotu-vs-ence-esl-pro-league-season-22-stage-1
12376,HLTV Team profile,2385914,https://www.hltv.org/matches/2385914/m80-vs-rooster-esl-pro-league-season-22-stage-1
13404,HLTV Team profile,2385915,https://www.hltv.org/matches/2385915/inner-circle-vs-gentle-mates-esl-pro-league-season-22-stage-1
5995,HLTV Team profile,2385916,https://www.hltv.org/matches/2385916/g2-vs-b8-esl-pro-league-season-22-stage-1
6665,HLTV Team profile,2385917,https://www.hltv.org/matches/2385917/astralis-vs-gamerlegion-esl-pro-league-season-22-stage-1
6673,HLTV Team profile,2385918,https://www.hltv.org/matches/2385918/nrg-vs-fluxo-esl-pro-league-season-22-stage-1
4914,HLTV Team profile,2385919,https://www.hltv.org/matches/2385919/heroic-vs-3dmax-esl-pro-league-season-22-stage-1
8297,HLTV Team profile,2385920,https://www.hltv.org/matches/2385920/furia-vs-legacy-esl-pro-league-season-22-stage-1
11241,HLTV Team profile,2385921,https://www.hltv.org/matches/2385921/gamerlegion-vs-b8-esl-pro-league-season-22-stage-1
5995,HLTV Team profile,2385922,https://www.hltv.org/matches/2385922/g2-vs-fluxo-esl-pro-league-season-22-stage-1
6665,HLTV Team profile,2385923,https://www.hltv.org/matches/2385923/astralis-vs-heroic-esl-pro-league-season-22-stage-1
4914,HLTV Team profile,2385924,https://www.hltv.org/matches/2385924/3dmax-vs-ence-esl-pro-league-season-22-stage-1
8297,HLTV Team profile,2385925,https://www.hltv.org/matches/2385925/furia-vs-m80-esl-pro-league-season-22-stage-1
12468,HLTV Team profile,2385926,https://www.hltv.org/matches/2385926/legacy-vs-gentle-mates-esl-pro-league-season-22-stage-1
5995,HLTV Team profile,2385927,https://www.hltv.org/matches/2385927/g2-vs-ence-esl-pro-league-season-22-stage-1
12468,HLTV Team profile,2385928,https://www.hltv.org/matches/2385928/astralis-vs-legacy-esl-pro-league-season-22-stage-1
8297,HLTV Team profile,2385929,https://www.hltv.org/matches/2385929/furia-vs-b8-esl-pro-league-season-22-stage-1
4494,HLTV Team profile,2385930,https://www.hltv.org/matches/2385930/mouz-vs-gamerlegion-esl-pro-league-season-22
7020,HLTV Team profile,2385931,https://www.hltv.org/matches/2385931/spirit-vs-inner-circle-esl-pro-league-season-22
11283,HLTV Team profile,2385932,https://www.hltv.org/matches/2385932/falcons-vs-astralis-esl-pro-league-season-22
6248,HLTV Team profile,2385933,https://www.hltv.org/matches/2385933/the-mongolz-vs-hotu-esl-pro-league-season-22
4608,HLTV Team profile,2385934,https://www.hltv.org/matches/2385934/aurora-vs-natus-vincere-esl-pro-league-season-22
9565,HLTV Team profile,2385935,https://www.hltv.org/matches/2385935/vitality-vs-gentle-mates-esl-pro-league-season-22
6667,HLTV Team profile,2385936,https://www.hltv.org/matches/2385936/g2-vs-faze-esl-pro-league-season-22
8297,HLTV Team profile,2385937,https://www.hltv.org/matches/2385937/furia-vs-3dmax-esl-pro-league-season-22
11283,HLTV Team profile,2385938,https://www.hltv.org/matches/2385938/falcons-vs-natus-vincere-esl-pro-league-season-22
6248,HLTV Team profile,2385939,https://www.hltv.org/matches/2385939/the-mongolz-vs-inner-circle-esl-pro-league-season-22
4494,HLTV Team profile,2385940,https://www.hltv.org/matches/2385940/mouz-vs-gentle-mates-esl-pro-league-season-22
11861,HLTV Team profile,2385941,https://www.hltv.org/matches/2385941/aurora-vs-astralis-esl-pro-league-season-22
7020,HLTV Team profile,2385942,https://www.hltv.org/matches/2385942/spirit-vs-hotu-esl-pro-league-season-22
9565,HLTV Team profile,2385943,https://www.hltv.org/matches/2385943/vitality-vs-gamerlegion-esl-pro-league-season-22
6667,HLTV Team profile,2385944,https://www.hltv.org/matches/2385944/faze-vs-3dmax-esl-pro-league-season-22
8297,HLTV Team profile,2385945,https://www.hltv.org/matches/2385945/furia-vs-g2-esl-pro-league-season-22
9565,HLTV Team profile,2385946,https://www.hltv.org/matches/2385946/vitality-vs-hotu-esl-pro-league-season-22
11861,HLTV Team profile,2385947,https://www.hltv.org/matches/2385947/gentle-mates-vs-aurora-esl-pro-league-season-22
4608,HLTV Team profile,2385948,https://www.hltv.org/matches/2385948/3dmax-vs-natus-vincere-esl-pro-league-season-22
8297,HLTV Team profile,2385949,https://www.hltv.org/matches/2385949/inner-circle-vs-furia-esl-pro-league-season-22
6248,HLTV Team profile,2385950,https://www.hltv.org/matches/2385950/the-mongolz-vs-gamerlegion-esl-pro-league-season-22
6667,HLTV Team profile,2385951,https://www.hltv.org/matches/2385951/astralis-vs-faze-esl-pro-league-season-22
11283,HLTV Team profile,2385952,https://www.hltv.org/matches/2385952/mouz-vs-falcons-esl-pro-league-season-22
7020,HLTV Team profile,2385953,https://www.hltv.org/matches/2385953/spirit-vs-g2-esl-pro-league-season-22
8297,HLTV Team profile,2385954,https://www.hltv.org/matches/2385954/furia-vs-aurora-esl-pro-league-season-22
4608,HLTV Team profile,2385955,https://www.hltv.org/matches/2385955/natus-vincere-vs-hotu-esl-pro-league-season-22
4494,HLTV Team profile,2385956,https://www.hltv.org/matches/2385956/3dmax-vs-mouz-esl-pro-league-season-22
6248,HLTV Team profile,2385957,https://www.hltv.org/matches/2385957/the-mongolz-vs-gentle-mates-esl-pro-league-season-22
9565,HLTV Team profile,2385958,https://www.hltv.org/matches/2385958/vitality-vs-g2-esl-pro-league-season-22
6667,HLTV Team profile,2385959,https://www.hltv.org/matches/2385959/faze-vs-inner-circle-esl-pro-league-season-22
4608,HLTV Team profile,2385960,https://www.hltv.org/matches/2385960/the-mongolz-vs-natus-vincere-esl-pro-league-season-22
5995,HLTV Team profile,2385961,https://www.hltv.org/matches/2385961/g2-vs-3dmax-esl-pro-league-season-22
11861,HLTV Team profile,2385962,https://www.hltv.org/matches/2385962/aurora-vs-faze-esl-pro-league-season-22
11283,HLTV Team profile,2385963,https://www.hltv.org/matches/2385963/3dmax-vs-falcons-esl-pro-league-season-22
4608,HLTV Team profile,2385964,https://www.hltv.org/matches/2385964/mouz-vs-natus-vincere-esl-pro-league-season-22
7020,HLTV Team profile,2385965,https://www.hltv.org/matches/2385965/spirit-vs-faze-esl-pro-league-season-22
9565,HLTV Team profile,2385966,https://www.hltv.org/matches/2385966/furia-vs-vitality-esl-pro-league-season-22
11283,HLTV Team profile,2385967,https://www.hltv.org/matches/2385967/mouz-vs-falcons-esl-pro-league-season-22
9565,HLTV Team profile,2385968,https://www.hltv.org/matches/2385968/faze-vs-vitality-esl-pro-league-season-22
4494,HLTV Team profile,2385969,https://www.hltv.org/matches/2385969/mouz-vs-faze-esl-pro-league-season-22
9565,HLTV Team profile,2385970,https://www.hltv.org/matches/2385970/falcons-vs-vitality-esl-pro-league-season-22
12394,HLTV Team profile,2385998,https://www.hltv.org/matches/2385998/betboom-vs-khan-cct-season-3-europe-series-7
12394,HLTV Team profile,2386002,https://www.hltv.org/matches/2386002/betboom-vs-eclot-cct-season-3-europe-series-7
12394,HLTV Team profile,2386004,https://www.hltv.org/matches/2386004/betboom-vs-cybershoke-cct-season-3-europe-series-7
12774,HLTV Team profile,2386007,https://www.hltv.org/matches/2386007/flyquest-vs-basement-boys-digital-crusade-draculan-season-2
12426,HLTV Team profile,2386009,https://www.hltv.org/matches/2386009/passion-ua-vs-mana-digital-crusade-draculan-season-2
12774,HLTV Team profile,2386015,https://www.hltv.org/matches/2386015/metizport-vs-flyquest-digital-crusade-draculan-season-2
12426,HLTV Team profile,2386020,https://www.hltv.org/matches/2386020/zero-tenacity-vs-passion-ua-digital-crusade-draculan-season-2
12774,HLTV Team profile,2386023,https://www.hltv.org/matches/2386023/flyquest-vs-sinners-digital-crusade-draculan-season-2
12426,HLTV Team profile,2386027,https://www.hltv.org/matches/2386027/passion-ua-vs-basement-boys-digital-crusade-draculan-season-2
12774,HLTV Team profile,2386029,https://www.hltv.org/matches/2386029/genone-vs-flyquest-digital-crusade-draculan-season-2
12426,HLTV Team profile,2386031,https://www.hltv.org/matches/2386031/passion-ua-vs-genone-digital-crusade-draculan-season-2
12426,HLTV Team profile,2386034,https://www.hltv.org/matches/2386034/zero-tenacity-vs-passion-ua-digital-crusade-draculan-season-2
12426,HLTV Team profile,2386035,https://www.hltv.org/matches/2386035/basement-boys-vs-passion-ua-digital-crusade-draculan-season-2
12426,HLTV Team profile,2386036,https://www.hltv.org/matches/2386036/og-vs-passion-ua-digital-crusade-draculan-season-2
13286,HLTV Team profile,2386060,https://www.hltv.org/matches/2386060/fut-vs-esc-birch-cup-2025
5973,HLTV Team profile,2386061,https://www.hltv.org/matches/2386061/liquid-vs-500-birch-cup-2025
13404,HLTV Team profile,2386063,https://www.hltv.org/matches/2386063/gentle-mates-vs-ex-inner-circle-birch-cup-2025
5973,HLTV Team profile,2386067,https://www.hltv.org/matches/2386067/9ine-vs-liquid-birch-cup-2025
13286,HLTV Team profile,2386070,https://www.hltv.org/matches/2386070/ence-vs-fut-birch-cup-2025
13404,HLTV Team profile,2386072,https://www.hltv.org/matches/2386072/gentle-mates-vs-venom-birch-cup-2025
5973,HLTV Team profile,2386074,https://www.hltv.org/matches/2386074/liquid-vs-ence-birch-cup-2025
5973,HLTV Team profile,2386080,https://www.hltv.org/matches/2386080/liquid-vs-500-birch-cup-2025
5973,HLTV Team profile,2386082,https://www.hltv.org/matches/2386082/liquid-vs-9ine-birch-cup-2025
5973,HLTV Team profile,2386083,https://www.hltv.org/matches/2386083/partizan-vs-liquid-birch-cup-2025
9215,HLTV Team profile,2386085,https://www.hltv.org/matches/2386085/mibr-vs-crashers-ferjee-rush-2025
9215,HLTV Team profile,2386093,https://www.hltv.org/matches/2386093/mibr-vs-red-canids-ferjee-rush-2025
9215,HLTV Team profile,2386101,https://www.hltv.org/matches/2386101/mibr-vs-crashers-ferjee-rush-2025
9215,HLTV Team profile,2386106,https://www.hltv.org/matches/2386106/bestia-vs-mibr-ferjee-rush-2025
9215,HLTV Team profile,2386109,https://www.hltv.org/matches/2386109/mibr-vs-oddik-ferjee-rush-2025
9215,HLTV Team profile,2386112,https://www.hltv.org/matches/2386112/mibr-vs-imperial-ferjee-rush-2025
13404,HLTV Team profile,2386206,https://www.hltv.org/matches/2386206/gentle-mates-vs-anonymo-galaxy-battle-2025-phase-4
12467,HLTV Team profile,2386207,https://www.hltv.org/matches/2386207/parivision-vs-favbet-galaxy-battle-2025-phase-4
12467,HLTV Team profile,2386210,https://www.hltv.org/matches/2386210/gun5-vs-parivision-galaxy-battle-2025-phase-4
13404,HLTV Team profile,2386212,https://www.hltv.org/matches/2386212/gentle-mates-vs-betclic-galaxy-battle-2025-phase-4
12467,HLTV Team profile,2386213,https://www.hltv.org/matches/2386213/parivision-vs-gentle-mates-galaxy-battle-2025-phase-4
12467,HLTV Team profile,2386215,https://www.hltv.org/matches/2386215/parivision-vs-inner-circle-galaxy-battle-2025-phase-4
12426,HLTV Team profile,2386247,https://www.hltv.org/matches/2386247/passion-ua-vs-fingers-crossed-urban-riga-open-season-1
12426,HLTV Team profile,2386250,https://www.hltv.org/matches/2386250/passion-ua-vs-big-urban-riga-open-season-1
12426,HLTV Team profile,2386253,https://www.hltv.org/matches/2386253/passion-ua-vs-eyeballers-urban-riga-open-season-1
12426,HLTV Team profile,2386258,https://www.hltv.org/matches/2386258/passion-ua-vs-eyeballers-urban-riga-open-season-1
12394,HLTV Team profile,2386335,https://www.hltv.org/matches/2386335/betboom-vs-dziuseppe-cct-season-3-europe-series-8
12394,HLTV Team profile,2386341,https://www.hltv.org/matches/2386341/betboom-vs-partizan-cct-season-3-europe-series-8
12394,HLTV Team profile,2386345,https://www.hltv.org/matches/2386345/betboom-vs-1win-cct-season-3-europe-series-8
12394,HLTV Team profile,2386346,https://www.hltv.org/matches/2386346/ruby-vs-betboom-cct-season-3-europe-series-8
9215,HLTV Team profile,2386369,https://www.hltv.org/matches/2386369/mibr-vs-x7-circuit-x-south-america-season-1
9215,HLTV Team profile,2386384,https://www.hltv.org/matches/2386384/mibr-vs-shinden-circuit-x-south-america-season-1
9215,HLTV Team profile,2386398,https://www.hltv.org/matches/2386398/mibr-vs-oddik-circuit-x-south-america-season-1
9215,HLTV Team profile,2386399,https://www.hltv.org/matches/2386399/mibr-vs-fluxo-circuit-x-south-america-season-1
9215,HLTV Team profile,2386402,https://www.hltv.org/matches/2386402/red-canids-vs-mibr-circuit-x-south-america-season-1
12394,HLTV Team profile,2386422,https://www.hltv.org/matches/2386422/betboom-vs-sangal-exort-the-proving-grounds-season-5
12878,HLTV Team profile,2386426,https://www.hltv.org/matches/2386426/bcgame-vs-eternal-fire-exort-the-proving-grounds-season-5
12394,HLTV Team profile,2386428,https://www.hltv.org/matches/2386428/betboom-vs-johnny-speeds-exort-the-proving-grounds-season-5
12394,HLTV Team profile,2386432,https://www.hltv.org/matches/2386432/betboom-vs-spirit-academy-exort-the-proving-grounds-season-5
12394,HLTV Team profile,2386434,https://www.hltv.org/matches/2386434/betboom-vs-sinners-exort-the-proving-grounds-season-5
12878,HLTV Team profile,2386454,https://www.hltv.org/matches/2386454/ruby-vs-bcgame-esl-challenger-league-season-50-europe-cup-3
11581,HLTV Team profile,2386461,https://www.hltv.org/matches/2386461/hotu-vs-sangal-esl-challenger-league-season-50-europe-cup-3
12878,HLTV Team profile,2386534,https://www.hltv.org/matches/2386534/nexus-vs-bcgame-esl-challenger-league-season-50-europe-cup-3
11581,HLTV Team profile,2386538,https://www.hltv.org/matches/2386538/the-glecs-vs-hotu-esl-challenger-league-season-50-europe-cup-3
12878,HLTV Team profile,2386550,https://www.hltv.org/matches/2386550/bcgame-vs-partizan-esl-challenger-league-season-50-europe-cup-3
8297,HLTV Team profile,2386796,https://www.hltv.org/matches/2386796/furia-vs-og-thunderpick-world-championship-2025
6248,HLTV Team profile,2386797,https://www.hltv.org/matches/2386797/the-mongolz-vs-9z-thunderpick-world-championship-2025
4608,HLTV Team profile,2386798,https://www.hltv.org/matches/2386798/natus-vincere-vs-imperial-thunderpick-world-championship-2025
11861,HLTV Team profile,2386799,https://www.hltv.org/matches/2386799/aurora-vs-venom-thunderpick-world-championship-2025
8297,HLTV Team profile,2386800,https://www.hltv.org/matches/2386800/furia-vs-the-mongolz-thunderpick-world-championship-2025
4608,HLTV Team profile,2386802,https://www.hltv.org/matches/2386802/natus-vincere-vs-aurora-thunderpick-world-championship-2025
6248,HLTV Team profile,2386804,https://www.hltv.org/matches/2386804/the-mongolz-vs-9z-thunderpick-world-championship-2025
11861,HLTV Team profile,2386805,https://www.hltv.org/matches/2386805/aurora-vs-venom-thunderpick-world-championship-2025
8297,HLTV Team profile,2386806,https://www.hltv.org/matches/2386806/furia-vs-aurora-thunderpick-world-championship-2025
4608,HLTV Team profile,2386807,https://www.hltv.org/matches/2386807/natus-vincere-vs-the-mongolz-thunderpick-world-championship-2025
11861,HLTV Team profile,2386808,https://www.hltv.org/matches/2386808/aurora-vs-the-mongolz-thunderpick-world-championship-2025
8297,HLTV Team profile,2386809,https://www.hltv.org/matches/2386809/furia-vs-natus-vincere-thunderpick-world-championship-2025
4914,HLTV Team profile,2386819,https://www.hltv.org/matches/2386819/3dmax-vs-the-huns-cs-asia-championships-2025
12468,HLTV Team profile,2386820,https://www.hltv.org/matches/2386820/virtuspro-vs-legacy-cs-asia-championships-2025
5973,HLTV Team profile,2386821,https://www.hltv.org/matches/2386821/gamerlegion-vs-liquid-cs-asia-championships-2025
9215,HLTV Team profile,2386822,https://www.hltv.org/matches/2386822/lynn-vision-vs-mibr-cs-asia-championships-2025
4773,HLTV Team profile,2386824,https://www.hltv.org/matches/2386824/pain-vs-fnatic-cs-asia-championships-2025
11241,HLTV Team profile,2386825,https://www.hltv.org/matches/2386825/heroic-vs-b8-cs-asia-championships-2025
6667,HLTV Team profile,2386826,https://www.hltv.org/matches/2386826/faze-vs-fut-cs-asia-championships-2025
9928,HLTV Team profile,2386828,https://www.hltv.org/matches/2386828/gamerlegion-vs-lynn-vision-cs-asia-championships-2025
4914,HLTV Team profile,2386829,https://www.hltv.org/matches/2386829/3dmax-vs-legacy-cs-asia-championships-2025
5973,HLTV Team profile,2386830,https://www.hltv.org/matches/2386830/liquid-vs-mibr-cs-asia-championships-2025
9215,HLTV Team profile,2386831,https://www.hltv.org/matches/2386831/virtuspro-vs-mibr-cs-asia-championships-2025
4914,HLTV Team profile,2386832,https://www.hltv.org/matches/2386832/lynn-vision-vs-3dmax-cs-asia-championships-2025
5973,HLTV Team profile,2386833,https://www.hltv.org/matches/2386833/liquid-vs-legacy-cs-asia-championships-2025
4914,HLTV Team profile,2386834,https://www.hltv.org/matches/2386834/virtuspro-vs-3dmax-cs-asia-championships-2025
4773,HLTV Team profile,2386835,https://www.hltv.org/matches/2386835/pain-vs-fluxo-cs-asia-championships-2025
6667,HLTV Team profile,2386836,https://www.hltv.org/matches/2386836/faze-vs-b8-cs-asia-championships-2025
13286,HLTV Team profile,2386838,https://www.hltv.org/matches/2386838/fut-vs-heroic-cs-asia-championships-2025
13286,HLTV Team profile,2386839,https://www.hltv.org/matches/2386839/pain-vs-fut-cs-asia-championships-2025
6667,HLTV Team profile,2386840,https://www.hltv.org/matches/2386840/faze-vs-tyloo-cs-asia-championships-2025
7175,HLTV Team profile,2386841,https://www.hltv.org/matches/2386841/fnatic-vs-heroic-cs-asia-championships-2025
6667,HLTV Team profile,2386842,https://www.hltv.org/matches/2386842/fut-vs-faze-cs-asia-championships-2025
4914,HLTV Team profile,2386843,https://www.hltv.org/matches/2386843/fnatic-vs-3dmax-cs-asia-championships-2025
13286,HLTV Team profile,2386844,https://www.hltv.org/matches/2386844/legacy-vs-fut-cs-asia-championships-2025
4914,HLTV Team profile,2386845,https://www.hltv.org/matches/2386845/liquid-vs-3dmax-cs-asia-championships-2025
12468,HLTV Team profile,2386846,https://www.hltv.org/matches/2386846/heroic-vs-legacy-cs-asia-championships-2025
5973,HLTV Team profile,2386847,https://www.hltv.org/matches/2386847/liquid-vs-heroic-cs-asia-championships-2025
4914,HLTV Team profile,2386848,https://www.hltv.org/matches/2386848/3dmax-vs-legacy-cs-asia-championships-2025
13286,HLTV Team profile,2386929,https://www.hltv.org/matches/2386929/fut-vs-33-cct-season-3-europe-series-9
12878,HLTV Team profile,2386933,https://www.hltv.org/matches/2386933/bcgame-vs-eyeballers-cct-season-3-europe-series-9
13286,HLTV Team profile,2386935,https://www.hltv.org/matches/2386935/fut-vs-partizan-cct-season-3-europe-series-9
12878,HLTV Team profile,2386937,https://www.hltv.org/matches/2386937/ecstatic-vs-bcgame-cct-season-3-europe-series-9
13286,HLTV Team profile,2386940,https://www.hltv.org/matches/2386940/fut-vs-nemiga-cct-season-3-europe-series-9
5973,HLTV Team profile,2387098,https://www.hltv.org/matches/2387098/legacy-vs-liquid-pgl-masters-bucharest-2025
4773,HLTV Team profile,2387099,https://www.hltv.org/matches/2387099/pain-vs-gentle-mates-pgl-masters-bucharest-2025
9928,HLTV Team profile,2387100,https://www.hltv.org/matches/2387100/gamerlegion-vs-flyquest-pgl-masters-bucharest-2025
4411,HLTV Team profile,2387101,https://www.hltv.org/matches/2387101/heroic-vs-ninjas-in-pyjamas-pgl-masters-bucharest-2025
4914,HLTV Team profile,2387102,https://www.hltv.org/matches/2387102/3dmax-vs-saw-pgl-masters-bucharest-2025
12394,HLTV Team profile,2387103,https://www.hltv.org/matches/2387103/betboom-vs-mibr-pgl-masters-bucharest-2025
11861,HLTV Team profile,2387104,https://www.hltv.org/matches/2387104/aurora-vs-fnatic-pgl-masters-bucharest-2025
11241,HLTV Team profile,2387105,https://www.hltv.org/matches/2387105/astralis-vs-b8-pgl-masters-bucharest-2025
12878,HLTV Team profile,2387111,https://www.hltv.org/matches/2387111/bcgame-vs-quazar-skyesports-chennai-esports-global-championship-2025-europe-open-qualifier
13286,HLTV Team profile,2387113,https://www.hltv.org/matches/2387113/fut-vs-mousquetaires-skyesports-chennai-esports-global-championship-2025-europe-open-qualifier
12878,HLTV Team profile,2387116,https://www.hltv.org/matches/2387116/bcgame-vs-novaq-skyesports-chennai-esports-global-championship-2025-europe-open-qualifier
12878,HLTV Team profile,2387118,https://www.hltv.org/matches/2387118/big-vs-bcgame-skyesports-chennai-esports-global-championship-2025-europe-open-qualifier
9928,HLTV Team profile,2387320,https://www.hltv.org/matches/2387320/gamerlegion-vs-pain-pgl-masters-bucharest-2025
12468,HLTV Team profile,2387321,https://www.hltv.org/matches/2387321/legacy-vs-gentle-mates-pgl-masters-bucharest-2025
7175,HLTV Team profile,2387322,https://www.hltv.org/matches/2387322/heroic-vs-betboom-pgl-masters-bucharest-2025
4411,HLTV Team profile,2387323,https://www.hltv.org/matches/2387323/saw-vs-ninjas-in-pyjamas-pgl-masters-bucharest-2025
11861,HLTV Team profile,2387324,https://www.hltv.org/matches/2387324/aurora-vs-liquid-pgl-masters-bucharest-2025
12774,HLTV Team profile,2387325,https://www.hltv.org/matches/2387325/fnatic-vs-flyquest-pgl-masters-bucharest-2025
4914,HLTV Team profile,2387326,https://www.hltv.org/matches/2387326/3dmax-vs-b8-pgl-masters-bucharest-2025
6665,HLTV Team profile,2387327,https://www.hltv.org/matches/2387327/astralis-vs-mibr-pgl-masters-bucharest-2025
5973,HLTV Team profile,2387328,https://www.hltv.org/matches/2387328/liquid-vs-betboom-pgl-masters-bucharest-2025
9928,HLTV Team profile,2387329,https://www.hltv.org/matches/2387329/gamerlegion-vs-saw-pgl-masters-bucharest-2025
12468,HLTV Team profile,2387330,https://www.hltv.org/matches/2387330/astralis-vs-legacy-pgl-masters-bucharest-2025
4914,HLTV Team profile,2387331,https://www.hltv.org/matches/2387331/3dmax-vs-flyquest-pgl-masters-bucharest-2025
11861,HLTV Team profile,2387332,https://www.hltv.org/matches/2387332/aurora-vs-heroic-pgl-masters-bucharest-2025
4411,HLTV Team profile,2387333,https://www.hltv.org/matches/2387333/ninjas-in-pyjamas-vs-gentle-mates-pgl-masters-bucharest-2025
11241,HLTV Team profile,2387334,https://www.hltv.org/matches/2387334/b8-vs-pain-pgl-masters-bucharest-2025
9215,HLTV Team profile,2387335,https://www.hltv.org/matches/2387335/fnatic-vs-mibr-pgl-masters-bucharest-2025
11861,HLTV Team profile,2387336,https://www.hltv.org/matches/2387336/aurora-vs-saw-pgl-masters-bucharest-2025
4914,HLTV Team profile,2387337,https://www.hltv.org/matches/2387337/3dmax-vs-astralis-pgl-masters-bucharest-2025
5973,HLTV Team profile,2387338,https://www.hltv.org/matches/2387338/liquid-vs-flyquest-pgl-masters-bucharest-2025
12394,HLTV Team profile,2387339,https://www.hltv.org/matches/2387339/betboom-vs-gentle-mates-pgl-masters-bucharest-2025
11241,HLTV Team profile,2387340,https://www.hltv.org/matches/2387340/b8-vs-legacy-pgl-masters-bucharest-2025
9928,HLTV Team profile,2387341,https://www.hltv.org/matches/2387341/gamerlegion-vs-fnatic-pgl-masters-bucharest-2025
9928,HLTV Team profile,2387342,https://www.hltv.org/matches/2387342/gamerlegion-vs-gentle-mates-pgl-masters-bucharest-2025
12468,HLTV Team profile,2387343,https://www.hltv.org/matches/2387343/legacy-vs-flyquest-pgl-masters-bucharest-2025
11861,HLTV Team profile,2387344,https://www.hltv.org/matches/2387344/aurora-vs-astralis-pgl-masters-bucharest-2025
9928,HLTV Team profile,2387345,https://www.hltv.org/matches/2387345/heroic-vs-gamerlegion-pgl-masters-bucharest-2025
11861,HLTV Team profile,2387346,https://www.hltv.org/matches/2387346/b8-vs-aurora-pgl-masters-bucharest-2025
12468,HLTV Team profile,2387347,https://www.hltv.org/matches/2387347/pain-vs-legacy-pgl-masters-bucharest-2025
5973,HLTV Team profile,2387348,https://www.hltv.org/matches/2387348/liquid-vs-saw-pgl-masters-bucharest-2025
11861,HLTV Team profile,2387349,https://www.hltv.org/matches/2387349/gamerlegion-vs-aurora-pgl-masters-bucharest-2025
12468,HLTV Team profile,2387350,https://www.hltv.org/matches/2387350/saw-vs-legacy-pgl-masters-bucharest-2025
9928,HLTV Team profile,2387351,https://www.hltv.org/matches/2387351/gamerlegion-vs-saw-pgl-masters-bucharest-2025
11861,HLTV Team profile,2387352,https://www.hltv.org/matches/2387352/aurora-vs-legacy-pgl-masters-bucharest-2025
6673,HLTV Team profile,2387371,https://www.hltv.org/matches/2387371/nrg-vs-skdc-prizepicks-na-revival-series-10
6673,HLTV Team profile,2387374,https://www.hltv.org/matches/2387374/nrg-vs-voca-prizepicks-na-revival-series-10
6673,HLTV Team profile,2387376,https://www.hltv.org/matches/2387376/nrg-vs-marsborne-prizepicks-na-revival-series-10
11283,HLTV Team profile,2387377,https://www.hltv.org/matches/2387377/tyloo-vs-falcons-iem-chengdu-2025
6248,HLTV Team profile,2387378,https://www.hltv.org/matches/2387378/the-mongolz-vs-heroic-iem-chengdu-2025
7020,HLTV Team profile,2387379,https://www.hltv.org/matches/2387379/pain-vs-spirit-iem-chengdu-2025
4608,HLTV Team profile,2387380,https://www.hltv.org/matches/2387380/astralis-vs-natus-vincere-iem-chengdu-2025
8297,HLTV Team profile,2387381,https://www.hltv.org/matches/2387381/furia-vs-lynn-vision-iem-chengdu-2025
4494,HLTV Team profile,2387382,https://www.hltv.org/matches/2387382/mouz-vs-faze-iem-chengdu-2025
9565,HLTV Team profile,2387383,https://www.hltv.org/matches/2387383/vitality-vs-virtuspro-iem-chengdu-2025
5995,HLTV Team profile,2387384,https://www.hltv.org/matches/2387384/g2-vs-3dmax-iem-chengdu-2025
8297,HLTV Team profile,2387393,https://www.hltv.org/matches/2387393/furia-vs-g2-iem-chengdu-2025
4914,HLTV Team profile,2387394,https://www.hltv.org/matches/2387394/lynn-vision-vs-3dmax-iem-chengdu-2025
9565,HLTV Team profile,2387395,https://www.hltv.org/matches/2387395/mouz-vs-vitality-iem-chengdu-2025
6667,HLTV Team profile,2387396,https://www.hltv.org/matches/2387396/faze-vs-virtuspro-iem-chengdu-2025
11283,HLTV Team profile,2387397,https://www.hltv.org/matches/2387397/falcons-vs-spirit-iem-chengdu-2025
4608,HLTV Team profile,2387398,https://www.hltv.org/matches/2387398/heroic-vs-natus-vincere-iem-chengdu-2025
6248,HLTV Team profile,2387399,https://www.hltv.org/matches/2387399/the-mongolz-vs-astralis-iem-chengdu-2025
4773,HLTV Team profile,2387400,https://www.hltv.org/matches/2387400/tyloo-vs-pain-iem-chengdu-2025
9565,HLTV Team profile,2387401,https://www.hltv.org/matches/2387401/lynn-vision-vs-vitality-iem-chengdu-2025
5995,HLTV Team profile,2387402,https://www.hltv.org/matches/2387402/g2-vs-virtuspro-iem-chengdu-2025
7020,HLTV Team profile,2387403,https://www.hltv.org/matches/2387403/heroic-vs-spirit-iem-chengdu-2025
6248,HLTV Team profile,2387404,https://www.hltv.org/matches/2387404/the-mongolz-vs-pain-iem-chengdu-2025
8297,HLTV Team profile,2387405,https://www.hltv.org/matches/2387405/furia-vs-mouz-iem-chengdu-2025
9565,HLTV Team profile,2387406,https://www.hltv.org/matches/2387406/vitality-vs-g2-iem-chengdu-2025
11283,HLTV Team profile,2387407,https://www.hltv.org/matches/2387407/astralis-vs-falcons-iem-chengdu-2025
7020,HLTV Team profile,2387408,https://www.hltv.org/matches/2387408/spirit-vs-the-mongolz-iem-chengdu-2025
8297,HLTV Team profile,2387409,https://www.hltv.org/matches/2387409/furia-vs-the-mongolz-iem-chengdu-2025
9565,HLTV Team profile,2387410,https://www.hltv.org/matches/2387410/vitality-vs-astralis-iem-chengdu-2025
8297,HLTV Team profile,2387411,https://www.hltv.org/matches/2387411/falcons-vs-furia-iem-chengdu-2025
9565,HLTV Team profile,2387412,https://www.hltv.org/matches/2387412/mouz-vs-vitality-iem-chengdu-2025
11283,HLTV Team profile,2387413,https://www.hltv.org/matches/2387413/mouz-vs-falcons-iem-chengdu-2025
9565,HLTV Team profile,2387414,https://www.hltv.org/matches/2387414/vitality-vs-furia-iem-chengdu-2025
13286,HLTV Team profile,2387474,https://www.hltv.org/matches/2387474/fut-vs-cph-wolves-galaxy-battle-2025-phase-5
12394,HLTV Team profile,2387478,https://www.hltv.org/matches/2387478/betboom-vs-eclot-galaxy-battle-2025-phase-5
12394,HLTV Team profile,2387481,https://www.hltv.org/matches/2387481/betboom-vs-oramond-galaxy-battle-2025-phase-5
13286,HLTV Team profile,2387482,https://www.hltv.org/matches/2387482/fut-vs-inner-circle-galaxy-battle-2025-phase-5
13286,HLTV Team profile,2387485,https://www.hltv.org/matches/2387485/betboom-vs-fut-galaxy-battle-2025-phase-5
13286,HLTV Team profile,2387487,https://www.hltv.org/matches/2387487/fut-vs-ecstatic-galaxy-battle-2025-phase-5
6248,HLTV Team profile,2387503,https://www.hltv.org/matches/2387503/the-mongolz-vs-passion-ua-blast-rivals-2025-season-2
11283,HLTV Team profile,2387504,https://www.hltv.org/matches/2387504/spirit-vs-falcons-blast-rivals-2025-season-2
8297,HLTV Team profile,2387505,https://www.hltv.org/matches/2387505/furia-vs-pain-blast-rivals-2025-season-2
9565,HLTV Team profile,2387506,https://www.hltv.org/matches/2387506/vitality-vs-tyloo-blast-rivals-2025-season-2
4411,HLTV Team profile,2387507,https://www.hltv.org/matches/2387507/ninjas-in-pyjamas-vs-nip-legends-showmatch-cs
7020,HLTV Team profile,2387542,https://www.hltv.org/matches/2387542/the-mongolz-vs-spirit-blast-rivals-2025-season-2
11283,HLTV Team profile,2387543,https://www.hltv.org/matches/2387543/passion-ua-vs-falcons-blast-rivals-2025-season-2
4773,HLTV Team profile,2387544,https://www.hltv.org/matches/2387544/pain-vs-tyloo-blast-rivals-2025-season-2
9565,HLTV Team profile,2387545,https://www.hltv.org/matches/2387545/furia-vs-vitality-blast-rivals-2025-season-2
4773,HLTV Team profile,2387546,https://www.hltv.org/matches/2387546/passion-ua-vs-pain-blast-rivals-2025-season-2
9565,HLTV Team profile,2387547,https://www.hltv.org/matches/2387547/spirit-vs-vitality-blast-rivals-2025-season-2
8297,HLTV Team profile,2387548,https://www.hltv.org/matches/2387548/furia-vs-pain-blast-rivals-2025-season-2
9565,HLTV Team profile,2387549,https://www.hltv.org/matches/2387549/falcons-vs-vitality-blast-rivals-2025-season-2
8297,HLTV Team profile,2387550,https://www.hltv.org/matches/2387550/furia-vs-falcons-blast-rivals-2025-season-2
12376,HLTV Team profile,2387600,https://www.hltv.org/matches/2387600/radford-university-vs-m80-dreamhack-knockout-atlanta-2025
12376,HLTV Team profile,2387602,https://www.hltv.org/matches/2387602/marsborne-vs-m80-dreamhack-knockout-atlanta-2025
12376,HLTV Team profile,2387603,https://www.hltv.org/matches/2387603/m80-vs-big-dreamhack-knockout-atlanta-2025
12878,HLTV Team profile,2387828,https://www.hltv.org/matches/2387828/bcgame-vs-k27-cct-season-3-europe-series-11
12394,HLTV Team profile,2387830,https://www.hltv.org/matches/2387830/betboom-vs-jijiehao-cct-season-3-europe-series-11
7175,HLTV Team profile,2387834,https://www.hltv.org/matches/2387834/heroic-vs-500-cct-season-3-europe-series-11
12394,HLTV Team profile,2387837,https://www.hltv.org/matches/2387837/betboom-vs-oramond-cct-season-3-europe-series-11
7175,HLTV Team profile,2387838,https://www.hltv.org/matches/2387838/heroic-vs-nuclear-tigeres-cct-season-3-europe-series-11
7175,HLTV Team profile,2387840,https://www.hltv.org/matches/2387840/betboom-vs-heroic-cct-season-3-europe-series-11
12394,HLTV Team profile,2387841,https://www.hltv.org/matches/2387841/eyeballers-vs-betboom-cct-season-3-europe-series-11
13404,HLTV Team profile,2387843,https://www.hltv.org/matches/2387843/gentle-mates-vs-change-the-game-perfect-world-cs-challenge-series-2
13404,HLTV Team profile,2387847,https://www.hltv.org/matches/2387847/gentle-mates-vs-rare-atom-perfect-world-cs-challenge-series-2
13404,HLTV Team profile,2387849,https://www.hltv.org/matches/2387849/gentle-mates-vs-9ine-perfect-world-cs-challenge-series-2
12468,HLTV Team profile,2387851,https://www.hltv.org/matches/2387851/legacy-vs-flyquest-starladder-budapest-major-2025-stage-1
6667,HLTV Team profile,2387853,https://www.hltv.org/matches/2387853/faze-vs-lynn-vision-starladder-budapest-major-2025-stage-1
12467,HLTV Team profile,2387854,https://www.hltv.org/matches/2387854/parivision-vs-the-huns-starladder-budapest-major-2025-stage-1
11241,HLTV Team profile,2387855,https://www.hltv.org/matches/2387855/b8-vs-m80-starladder-budapest-major-2025-stage-1
6673,HLTV Team profile,2387856,https://www.hltv.org/matches/2387856/ninjas-in-pyjamas-vs-nrg-starladder-budapest-major-2025-stage-1
9928,HLTV Team profile,2387857,https://www.hltv.org/matches/2387857/gamerlegion-vs-fluxo-starladder-budapest-major-2025-stage-1
12394,HLTV Team profile,2387859,https://www.hltv.org/matches/2387859/betboom-vs-boys-n-da-hud-red-bull-gibaway-journey-2025
12878,HLTV Team profile,2387869,https://www.hltv.org/matches/2387869/bcgame-vs-aimclub-red-bull-gibaway-journey-2025
12394,HLTV Team profile,2387871,https://www.hltv.org/matches/2387871/betboom-vs-lilmix-red-bull-gibaway-journey-2025
12878,HLTV Team profile,2387882,https://www.hltv.org/matches/2387882/bcgame-vs-am-red-bull-gibaway-journey-2025
12394,HLTV Team profile,2387883,https://www.hltv.org/matches/2387883/betboom-vs-777-red-bull-gibaway-journey-2025
12878,HLTV Team profile,2387894,https://www.hltv.org/matches/2387894/bcgame-vs-boomer-demons-red-bull-gibaway-journey-2025
12394,HLTV Team profile,2387895,https://www.hltv.org/matches/2387895/betboom-vs-betclic-red-bull-gibaway-journey-2025
12878,HLTV Team profile,2387905,https://www.hltv.org/matches/2387905/bcgame-vs-wopa-red-bull-gibaway-journey-2025
12394,HLTV Team profile,2387907,https://www.hltv.org/matches/2387907/betboom-vs-sashi-red-bull-gibaway-journey-2025
12878,HLTV Team profile,2387916,https://www.hltv.org/matches/2387916/alliance-vs-bcgame-red-bull-gibaway-journey-2025
12878,HLTV Team profile,2387920,https://www.hltv.org/matches/2387920/sashi-vs-bcgame-red-bull-gibaway-journey-2025
12394,HLTV Team profile,2387923,https://www.hltv.org/matches/2387923/betboom-vs-metizport-red-bull-gibaway-journey-2025
12394,HLTV Team profile,2387927,https://www.hltv.org/matches/2387927/betboom-vs-sashi-red-bull-gibaway-journey-2025
12394,HLTV Team profile,2387929,https://www.hltv.org/matches/2387929/eyeballers-vs-betboom-red-bull-gibaway-journey-2025
12376,HLTV Team profile,2387959,https://www.hltv.org/matches/2387959/m80-vs-foxhound-fragadelphia-ultra-mega-jersey-2025
6673,HLTV Team profile,2387961,https://www.hltv.org/matches/2387961/nrg-vs-outfit-49-fragadelphia-ultra-mega-jersey-2025
12376,HLTV Team profile,2387967,https://www.hltv.org/matches/2387967/m80-vs-mavrek-fragadelphia-ultra-mega-jersey-2025
6673,HLTV Team profile,2387971,https://www.hltv.org/matches/2387971/reign-above-vs-nrg-fragadelphia-ultra-mega-jersey-2025
6673,HLTV Team profile,2387978,https://www.hltv.org/matches/2387978/nrg-vs-mavrek-fragadelphia-ultra-mega-jersey-2025
12376,HLTV Team profile,2387979,https://www.hltv.org/matches/2387979/m80-vs-reign-above-fragadelphia-ultra-mega-jersey-2025
6673,HLTV Team profile,2387981,https://www.hltv.org/matches/2387981/saw-vs-nrg-fragadelphia-ultra-mega-jersey-2025
12376,HLTV Team profile,2387982,https://www.hltv.org/matches/2387982/m80-vs-marsborne-fragadelphia-ultra-mega-jersey-2025
6673,HLTV Team profile,2387984,https://www.hltv.org/matches/2387984/m80-vs-nrg-fragadelphia-ultra-mega-jersey-2025
12774,HLTV Team profile,2388033,https://www.hltv.org/matches/2388033/imperial-vs-flyquest-starladder-budapest-major-2025-stage-1
12468,HLTV Team profile,2388034,https://www.hltv.org/matches/2388034/legacy-vs-rare-atom-starladder-budapest-major-2025-stage-1
12467,HLTV Team profile,2388035,https://www.hltv.org/matches/2388035/parivision-vs-m80-starladder-budapest-major-2025-stage-1
11241,HLTV Team profile,2388036,https://www.hltv.org/matches/2388036/b8-vs-the-huns-starladder-budapest-major-2025-stage-1
9928,HLTV Team profile,2388038,https://www.hltv.org/matches/2388038/gamerlegion-vs-red-canids-starladder-budapest-major-2025-stage-1
6667,HLTV Team profile,2388039,https://www.hltv.org/matches/2388039/faze-vs-nrg-starladder-budapest-major-2025-stage-1
4411,HLTV Team profile,2388040,https://www.hltv.org/matches/2388040/ninjas-in-pyjamas-vs-lynn-vision-starladder-budapest-major-2025-stage-1
12468,HLTV Team profile,2388041,https://www.hltv.org/matches/2388041/legacy-vs-red-canids-starladder-budapest-major-2025-stage-1
12467,HLTV Team profile,2388042,https://www.hltv.org/matches/2388042/b8-vs-parivision-starladder-budapest-major-2025-stage-1
6667,HLTV Team profile,2388043,https://www.hltv.org/matches/2388043/faze-vs-ninjas-in-pyjamas-starladder-budapest-major-2025-stage-1
12774,HLTV Team profile,2388045,https://www.hltv.org/matches/2388045/flyquest-vs-fluxo-starladder-budapest-major-2025-stage-1
9928,HLTV Team profile,2388046,https://www.hltv.org/matches/2388046/gamerlegion-vs-rare-atom-starladder-budapest-major-2025-stage-1
6673,HLTV Team profile,2388047,https://www.hltv.org/matches/2388047/m80-vs-nrg-starladder-budapest-major-2025-stage-1
4411,HLTV Team profile,2388049,https://www.hltv.org/matches/2388049/fluxo-vs-ninjas-in-pyjamas-starladder-budapest-major-2025-stage-1
11241,HLTV Team profile,2388050,https://www.hltv.org/matches/2388050/b8-vs-legacy-starladder-budapest-major-2025-stage-1
6667,HLTV Team profile,2388051,https://www.hltv.org/matches/2388051/red-canids-vs-faze-starladder-budapest-major-2025-stage-1
6673,HLTV Team profile,2388052,https://www.hltv.org/matches/2388052/nrg-vs-fnatic-starladder-budapest-major-2025-stage-1
12467,HLTV Team profile,2388053,https://www.hltv.org/matches/2388053/parivision-vs-gamerlegion-starladder-budapest-major-2025-stage-1
6667,HLTV Team profile,2388055,https://www.hltv.org/matches/2388055/fluxo-vs-faze-starladder-budapest-major-2025-stage-1
6673,HLTV Team profile,2388056,https://www.hltv.org/matches/2388056/nrg-vs-imperial-starladder-budapest-major-2025-stage-1
12467,HLTV Team profile,2388057,https://www.hltv.org/matches/2388057/parivision-vs-legacy-starladder-budapest-major-2025-stage-1
6665,HLTV Team profile,2388058,https://www.hltv.org/matches/2388058/astralis-vs-ninjas-in-pyjamas-starladder-budapest-major-2025-stage-2
4914,HLTV Team profile,2388059,https://www.hltv.org/matches/2388059/3dmax-vs-fnatic-starladder-budapest-major-2025-stage-2
6667,HLTV Team profile,2388060,https://www.hltv.org/matches/2388060/passion-ua-vs-faze-starladder-budapest-major-2025-stage-2
12467,HLTV Team profile,2388061,https://www.hltv.org/matches/2388061/parivision-vs-tyloo-starladder-budapest-major-2025-stage-2
4608,HLTV Team profile,2388062,https://www.hltv.org/matches/2388062/natus-vincere-vs-flyquest-starladder-budapest-major-2025-stage-2
11861,HLTV Team profile,2388063,https://www.hltv.org/matches/2388063/aurora-vs-m80-starladder-budapest-major-2025-stage-2
9215,HLTV Team profile,2388064,https://www.hltv.org/matches/2388064/mibr-vs-imperial-starladder-budapest-major-2025-stage-2
11241,HLTV Team profile,2388065,https://www.hltv.org/matches/2388065/liquid-vs-b8-starladder-budapest-major-2025-stage-2
4411,HLTV Team profile,2388066,https://www.hltv.org/matches/2388066/ninjas-in-pyjamas-vs-tyloo-starladder-budapest-major-2025-stage-2
4914,HLTV Team profile,2388067,https://www.hltv.org/matches/2388067/flyquest-vs-3dmax-starladder-budapest-major-2025-stage-2
4608,HLTV Team profile,2388068,https://www.hltv.org/matches/2388068/natus-vincere-vs-imperial-starladder-budapest-major-2025-stage-2
6665,HLTV Team profile,2388069,https://www.hltv.org/matches/2388069/m80-vs-astralis-starladder-budapest-major-2025-stage-2
11861,HLTV Team profile,2388070,https://www.hltv.org/matches/2388070/aurora-vs-faze-starladder-budapest-major-2025-stage-2
9215,HLTV Team profile,2388071,https://www.hltv.org/matches/2388071/passion-ua-vs-mibr-starladder-budapest-major-2025-stage-2
12467,HLTV Team profile,2388072,https://www.hltv.org/matches/2388072/parivision-vs-liquid-starladder-budapest-major-2025-stage-2
11241,HLTV Team profile,2388073,https://www.hltv.org/matches/2388073/fnatic-vs-b8-starladder-budapest-major-2025-stage-2
4914,HLTV Team profile,2388074,https://www.hltv.org/matches/2388074/passion-ua-vs-3dmax-starladder-budapest-major-2025-stage-2
12376,HLTV Team profile,2388075,https://www.hltv.org/matches/2388075/m80-vs-tyloo-starladder-budapest-major-2025-stage-2
12467,HLTV Team profile,2388077,https://www.hltv.org/matches/2388077/parivision-vs-aurora-starladder-budapest-major-2025-stage-2
6667,HLTV Team profile,2388078,https://www.hltv.org/matches/2388078/faze-vs-ninjas-in-pyjamas-starladder-budapest-major-2025-stage-2
5973,HLTV Team profile,2388079,https://www.hltv.org/matches/2388079/mibr-vs-liquid-starladder-budapest-major-2025-stage-2
4608,HLTV Team profile,2388080,https://www.hltv.org/matches/2388080/natus-vincere-vs-b8-starladder-budapest-major-2025-stage-2
6665,HLTV Team profile,2388081,https://www.hltv.org/matches/2388081/flyquest-vs-astralis-starladder-budapest-major-2025-stage-2
12467,HLTV Team profile,2388082,https://www.hltv.org/matches/2388082/parivision-vs-ninjas-in-pyjamas-starladder-budapest-major-2025-stage-2
12426,HLTV Team profile,2388083,https://www.hltv.org/matches/2388083/fnatic-vs-passion-ua-starladder-budapest-major-2025-stage-2
12376,HLTV Team profile,2388084,https://www.hltv.org/matches/2388084/imperial-vs-m80-starladder-budapest-major-2025-stage-2
11861,HLTV Team profile,2388085,https://www.hltv.org/matches/2388085/aurora-vs-astralis-starladder-budapest-major-2025-stage-2
4914,HLTV Team profile,2388086,https://www.hltv.org/matches/2388086/b8-vs-3dmax-starladder-budapest-major-2025-stage-2
5973,HLTV Team profile,2388087,https://www.hltv.org/matches/2388087/liquid-vs-tyloo-starladder-budapest-major-2025-stage-2
12376,HLTV Team profile,2388088,https://www.hltv.org/matches/2388088/passion-ua-vs-m80-starladder-budapest-major-2025-stage-2
5973,HLTV Team profile,2388089,https://www.hltv.org/matches/2388089/liquid-vs-astralis-starladder-budapest-major-2025-stage-2
4914,HLTV Team profile,2388090,https://www.hltv.org/matches/2388090/ninjas-in-pyjamas-vs-3dmax-starladder-budapest-major-2025-stage-2
12467,HLTV Team profile,2388091,https://www.hltv.org/matches/2388091/mouz-vs-parivision-starladder-budapest-major-2025
6248,HLTV Team profile,2388092,https://www.hltv.org/matches/2388092/imperial-vs-the-mongolz-starladder-budapest-major-2025
7020,HLTV Team profile,2388093,https://www.hltv.org/matches/2388093/spirit-vs-liquid-starladder-budapest-major-2025
5995,HLTV Team profile,2388094,https://www.hltv.org/matches/2388094/passion-ua-vs-g2-starladder-budapest-major-2025
9565,HLTV Team profile,2388095,https://www.hltv.org/matches/2388095/vitality-vs-faze-starladder-budapest-major-2025
4914,HLTV Team profile,2388096,https://www.hltv.org/matches/2388096/pain-vs-3dmax-starladder-budapest-major-2025
8297,HLTV Team profile,2388097,https://www.hltv.org/matches/2388097/furia-vs-natus-vincere-starladder-budapest-major-2025
11283,HLTV Team profile,2388098,https://www.hltv.org/matches/2388098/b8-vs-falcons-starladder-budapest-major-2025
5995,HLTV Team profile,2388099,https://www.hltv.org/matches/2388099/pain-vs-g2-starladder-budapest-major-2025
9565,HLTV Team profile,2388100,https://www.hltv.org/matches/2388100/3dmax-vs-vitality-starladder-budapest-major-2025
11283,HLTV Team profile,2388101,https://www.hltv.org/matches/2388101/passion-ua-vs-falcons-starladder-budapest-major-2025
7020,HLTV Team profile,2388102,https://www.hltv.org/matches/2388102/faze-vs-spirit-starladder-budapest-major-2025
4494,HLTV Team profile,2388103,https://www.hltv.org/matches/2388103/mouz-vs-b8-starladder-budapest-major-2025
6248,HLTV Team profile,2388104,https://www.hltv.org/matches/2388104/liquid-vs-the-mongolz-starladder-budapest-major-2025
8297,HLTV Team profile,2388105,https://www.hltv.org/matches/2388105/furia-vs-imperial-starladder-budapest-major-2025
12467,HLTV Team profile,2388106,https://www.hltv.org/matches/2388106/parivision-vs-natus-vincere-starladder-budapest-major-2025
6667,HLTV Team profile,2388107,https://www.hltv.org/matches/2388107/faze-vs-the-mongolz-starladder-budapest-major-2025
9565,HLTV Team profile,2388108,https://www.hltv.org/matches/2388108/b8-vs-vitality-starladder-budapest-major-2025
4608,HLTV Team profile,2388109,https://www.hltv.org/matches/2388109/pain-vs-natus-vincere-starladder-budapest-major-2025
11283,HLTV Team profile,2388110,https://www.hltv.org/matches/2388110/imperial-vs-falcons-starladder-budapest-major-2025
7020,HLTV Team profile,2388111,https://www.hltv.org/matches/2388111/mouz-vs-spirit-starladder-budapest-major-2025
5973,HLTV Team profile,2388112,https://www.hltv.org/matches/2388112/passion-ua-vs-liquid-starladder-budapest-major-2025
8297,HLTV Team profile,2388113,https://www.hltv.org/matches/2388113/furia-vs-g2-starladder-budapest-major-2025
12467,HLTV Team profile,2388114,https://www.hltv.org/matches/2388114/parivision-vs-3dmax-starladder-budapest-major-2025
9565,HLTV Team profile,2388115,https://www.hltv.org/matches/2388115/natus-vincere-vs-vitality-starladder-budapest-major-2025
11241,HLTV Team profile,2388116,https://www.hltv.org/matches/2388116/b8-vs-pain-starladder-budapest-major-2025
11283,HLTV Team profile,2388117,https://www.hltv.org/matches/2388117/mouz-vs-falcons-starladder-budapest-major-2025
12426,HLTV Team profile,2388118,https://www.hltv.org/matches/2388118/passion-ua-vs-imperial-starladder-budapest-major-2025
6248,HLTV Team profile,2388119,https://www.hltv.org/matches/2388119/g2-vs-the-mongolz-starladder-budapest-major-2025
6667,HLTV Team profile,2388120,https://www.hltv.org/matches/2388120/3dmax-vs-faze-starladder-budapest-major-2025
4608,HLTV Team profile,2388121,https://www.hltv.org/matches/2388121/b8-vs-natus-vincere-starladder-budapest-major-2025
6667,HLTV Team profile,2388122,https://www.hltv.org/matches/2388122/faze-vs-passion-ua-starladder-budapest-major-2025
11283,HLTV Team profile,2388123,https://www.hltv.org/matches/2388123/g2-vs-falcons-starladder-budapest-major-2025
9565,HLTV Team profile,2388124,https://www.hltv.org/matches/2388124/vitality-vs-the-mongolz-starladder-budapest-major-2025
11283,HLTV Team profile,2388125,https://www.hltv.org/matches/2388125/spirit-vs-falcons-starladder-budapest-major-2025
4494,HLTV Team profile,2388126,https://www.hltv.org/matches/2388126/mouz-vs-faze-starladder-budapest-major-2025
8297,HLTV Team profile,2388127,https://www.hltv.org/matches/2388127/furia-vs-natus-vincere-starladder-budapest-major-2025
9565,HLTV Team profile,2388128,https://www.hltv.org/matches/2388128/spirit-vs-vitality-starladder-budapest-major-2025
4608,HLTV Team profile,2388129,https://www.hltv.org/matches/2388129/faze-vs-natus-vincere-starladder-budapest-major-2025
9565,HLTV Team profile,2388130,https://www.hltv.org/matches/2388130/vitality-vs-faze-starladder-budapest-major-2025
12426,HLTV Team profile,2388183,https://www.hltv.org/matches/2388183/passion-ua-vs-acend-digital-crusade-draculan-season-3
13286,HLTV Team profile,2388188,https://www.hltv.org/matches/2388188/fut-vs-am-digital-crusade-draculan-season-3
13286,HLTV Team profile,2388193,https://www.hltv.org/matches/2388193/unity-vs-fut-digital-crusade-draculan-season-3
12426,HLTV Team profile,2388195,https://www.hltv.org/matches/2388195/passion-ua-vs-genone-digital-crusade-draculan-season-3
13286,HLTV Team profile,2388201,https://www.hltv.org/matches/2388201/fut-vs-friendly-campers-digital-crusade-draculan-season-3
12426,HLTV Team profile,2388203,https://www.hltv.org/matches/2388203/passion-ua-vs-nexus-digital-crusade-draculan-season-3
13286,HLTV Team profile,2388206,https://www.hltv.org/matches/2388206/fut-vs-inner-circle-digital-crusade-draculan-season-3
13286,HLTV Team profile,2388208,https://www.hltv.org/matches/2388208/tricked-vs-fut-digital-crusade-draculan-season-3
12426,HLTV Team profile,2388209,https://www.hltv.org/matches/2388209/ecstatic-vs-passion-ua-digital-crusade-draculan-season-3
13286,HLTV Team profile,2388210,https://www.hltv.org/matches/2388210/ence-vs-fut-digital-crusade-draculan-season-3
13286,HLTV Team profile,2388211,https://www.hltv.org/matches/2388211/passion-ua-vs-fut-digital-crusade-draculan-season-3
13286,HLTV Team profile,2388212,https://www.hltv.org/matches/2388212/ecstatic-vs-fut-digital-crusade-draculan-season-3
12467,HLTV Team profile,2388217,https://www.hltv.org/matches/2388217/parivision-vs-bcgame-esl-challenger-league-season-50-europe-finals
12467,HLTV Team profile,2388219,https://www.hltv.org/matches/2388219/parivision-vs-sinners-esl-challenger-league-season-50-europe-finals
6673,HLTV Team profile,2388224,https://www.hltv.org/matches/2388224/rave-vs-nrg-esl-challenger-league-season-50-north-america-finals
12878,HLTV Team profile,2388254,https://www.hltv.org/matches/2388254/bcgame-vs-forze-reload-jb-pro-league-season-1
12878,HLTV Team profile,2388263,https://www.hltv.org/matches/2388263/bcgame-vs-ruby-jb-pro-league-season-1
12878,HLTV Team profile,2388301,https://www.hltv.org/matches/2388301/bcgame-vs-mouz-nxt-european-pro-league-series-3
12878,HLTV Team profile,2388324,https://www.hltv.org/matches/2388324/bcgame-vs-gank-x2one-masters-season-1
12878,HLTV Team profile,2388336,https://www.hltv.org/matches/2388336/bcgame-vs-baks-x2one-masters-season-1
11581,HLTV Team profile,2388363,https://www.hltv.org/matches/2388363/hotu-vs-yoru-meta-cup-season-2
11581,HLTV Team profile,2388365,https://www.hltv.org/matches/2388365/hotu-vs-allinners-meta-cup-season-2
11581,HLTV Team profile,2388368,https://www.hltv.org/matches/2388368/hotu-vs-allinners-meta-cup-season-2
12878,HLTV Team profile,2388441,https://www.hltv.org/matches/2388441/bcgame-vs-cybershoke-cct-season-3-europe-series-12
12394,HLTV Team profile,2388448,https://www.hltv.org/matches/2388448/betboom-vs-johnny-speeds-cct-season-3-europe-series-12
12394,HLTV Team profile,2388451,https://www.hltv.org/matches/2388451/ex-betera-vs-betboom-cct-season-3-europe-series-12
13286,HLTV Team profile,2388535,https://www.hltv.org/matches/2388535/fut-vs-kono-dreamhack-knockout-stockholm-2025
13286,HLTV Team profile,2388541,https://www.hltv.org/matches/2388541/fut-vs-eyeballers-dreamhack-knockout-stockholm-2025
13286,HLTV Team profile,2388544,https://www.hltv.org/matches/2388544/fut-vs-inner-circle-dreamhack-knockout-stockholm-2025
13286,HLTV Team profile,2388546,https://www.hltv.org/matches/2388546/fut-vs-monte-dreamhack-knockout-stockholm-2025
11581,HLTV Team profile,2388571,https://www.hltv.org/matches/2388571/hotu-vs-omega-1xbet-frag-season-16
11581,HLTV Team profile,2388573,https://www.hltv.org/matches/2388573/hotu-vs-novaq-1xbet-frag-season-16
11581,HLTV Team profile,2388576,https://www.hltv.org/matches/2388576/hotu-vs-omega-1xbet-frag-season-16
13404,HLTV Team profile,2388722,https://www.hltv.org/matches/2388722/gentle-mates-vs-flame-hard-roman-imperium-cup-iii
13404,HLTV Team profile,2388724,https://www.hltv.org/matches/2388724/gentle-mates-vs-rebels-roman-imperium-cup-iii
4411,HLTV Team profile,2388726,https://www.hltv.org/matches/2388726/ninjas-in-pyjamas-vs-usa-roman-imperium-cup-iii
4411,HLTV Team profile,2388729,https://www.hltv.org/matches/2388729/astral-vs-ninjas-in-pyjamas-roman-imperium-cup-iii
13404,HLTV Team profile,2388731,https://www.hltv.org/matches/2388731/gentle-mates-vs-exsad-roman-imperium-cup-iii
4411,HLTV Team profile,2388732,https://www.hltv.org/matches/2388732/ninjas-in-pyjamas-vs-famalico-roman-imperium-cup-iii
4411,HLTV Team profile,2388736,https://www.hltv.org/matches/2388736/gentle-mates-vs-ninjas-in-pyjamas-roman-imperium-cup-iii
4411,HLTV Team profile,2388737,https://www.hltv.org/matches/2388737/saw-vs-ninjas-in-pyjamas-roman-imperium-cup-iii
12394,HLTV Team profile,2388807,https://www.hltv.org/matches/2388807/betboom-vs-winners-meta-cup-season-3
11581,HLTV Team profile,2388809,https://www.hltv.org/matches/2388809/hotu-vs-altay-meta-cup-season-3
12394,HLTV Team profile,2388811,https://www.hltv.org/matches/2388811/omega-vs-betboom-meta-cup-season-3
11581,HLTV Team profile,2388813,https://www.hltv.org/matches/2388813/hotu-vs-novaq-meta-cup-season-3
12394,HLTV Team profile,2388817,https://www.hltv.org/matches/2388817/betboom-vs-hotu-meta-cup-season-3
11581,HLTV Team profile,2388819,https://www.hltv.org/matches/2388819/depo-vs-hotu-meta-cup-season-3
12394,HLTV Team profile,2388820,https://www.hltv.org/matches/2388820/betboom-vs-hotu-meta-cup-season-3
13286,HLTV Team profile,2388897,https://www.hltv.org/matches/2388897/fut-vs-big-academy-iem-rio-2026-closed-qualifier
11581,HLTV Team profile,2388899,https://www.hltv.org/matches/2388899/hotu-vs-sangal-iem-rio-2026-closed-qualifier
13404,HLTV Team profile,2388900,https://www.hltv.org/matches/2388900/nuclear-tigeres-vs-gentle-mates-iem-rio-2026-closed-qualifier
12394,HLTV Team profile,2388901,https://www.hltv.org/matches/2388901/betboom-vs-genone-iem-rio-2026-closed-qualifier
12878,HLTV Team profile,2388904,https://www.hltv.org/matches/2388904/ursa-vs-bcgame-iem-rio-2026-closed-qualifier
13404,HLTV Team profile,2388906,https://www.hltv.org/matches/2388906/gentle-mates-vs-hotu-iem-rio-2026-closed-qualifier
13286,HLTV Team profile,2388907,https://www.hltv.org/matches/2388907/k27-vs-fut-iem-rio-2026-closed-qualifier
12394,HLTV Team profile,2388909,https://www.hltv.org/matches/2388909/kolesie-vs-betboom-iem-rio-2026-closed-qualifier
12878,HLTV Team profile,2388912,https://www.hltv.org/matches/2388912/bcgame-vs-nemesis-iem-rio-2026-closed-qualifier
13286,HLTV Team profile,2388913,https://www.hltv.org/matches/2388913/fut-vs-eyeballers-iem-rio-2026-closed-qualifier
13404,HLTV Team profile,2388915,https://www.hltv.org/matches/2388915/gentle-mates-vs-genone-iem-rio-2026-closed-qualifier
11581,HLTV Team profile,2388917,https://www.hltv.org/matches/2388917/hotu-vs-9ine-iem-rio-2026-closed-qualifier
12394,HLTV Team profile,2388918,https://www.hltv.org/matches/2388918/betboom-vs-ursa-iem-rio-2026-closed-qualifier
13404,HLTV Team profile,2388920,https://www.hltv.org/matches/2388920/gentle-mates-vs-nemesis-iem-rio-2026-closed-qualifier
13404,HLTV Team profile,2388922,https://www.hltv.org/matches/2388922/ursa-vs-gentle-mates-iem-rio-2026-closed-qualifier
12394,HLTV Team profile,2388923,https://www.hltv.org/matches/2388923/hotu-vs-betboom-iem-rio-2026-closed-qualifier
13404,HLTV Team profile,2388924,https://www.hltv.org/matches/2388924/gentle-mates-vs-9ine-iem-rio-2026-closed-qualifier
12394,HLTV Team profile,2388925,https://www.hltv.org/matches/2388925/betboom-vs-gentle-mates-iem-rio-2026-closed-qualifier
12376,HLTV Team profile,2388958,https://www.hltv.org/matches/2388958/m80-vs-dark-knight-fragadelphia-miami-2026
6673,HLTV Team profile,2388960,https://www.hltv.org/matches/2388960/nrg-vs-kraken-seas-fragadelphia-miami-2026
12376,HLTV Team profile,2388962,https://www.hltv.org/matches/2388962/m80-vs-voca-fragadelphia-miami-2026
6673,HLTV Team profile,2388964,https://www.hltv.org/matches/2388964/marsborne-vs-nrg-fragadelphia-miami-2026
9928,HLTV Team profile,2388968,https://www.hltv.org/matches/2388968/gamerlegion-vs-beyond-limits-fragadelphia-miami-2026
9928,HLTV Team profile,2388972,https://www.hltv.org/matches/2388972/gamerlegion-vs-sharks-fragadelphia-miami-2026
9928,HLTV Team profile,2388978,https://www.hltv.org/matches/2388978/gamerlegion-vs-venom-fragadelphia-miami-2026
6673,HLTV Team profile,2388979,https://www.hltv.org/matches/2388979/nrg-vs-voca-fragadelphia-miami-2026
12376,HLTV Team profile,2388980,https://www.hltv.org/matches/2388980/m80-vs-marsborne-fragadelphia-miami-2026
6673,HLTV Team profile,2388982,https://www.hltv.org/matches/2388982/nrg-vs-gamerlegion-fragadelphia-miami-2026
12376,HLTV Team profile,2388983,https://www.hltv.org/matches/2388983/9ine-vs-m80-fragadelphia-miami-2026
9928,HLTV Team profile,2388984,https://www.hltv.org/matches/2388984/gamerlegion-vs-m80-fragadelphia-miami-2026
6673,HLTV Team profile,2388985,https://www.hltv.org/matches/2388985/nrg-vs-9ine-fragadelphia-miami-2026
6673,HLTV Team profile,2388987,https://www.hltv.org/matches/2388987/nrg-vs-phoenix-fl0m-mythical-lan-las-vegas-2026
12376,HLTV Team profile,2388989,https://www.hltv.org/matches/2388989/m80-vs-regain-fl0m-mythical-lan-las-vegas-2026
6673,HLTV Team profile,2388990,https://www.hltv.org/matches/2388990/nrg-vs-voca-fl0m-mythical-lan-las-vegas-2026
12376,HLTV Team profile,2388992,https://www.hltv.org/matches/2388992/m80-vs-boss-fl0m-mythical-lan-las-vegas-2026
12376,HLTV Team profile,2388996,https://www.hltv.org/matches/2388996/m80-vs-voca-fl0m-mythical-lan-las-vegas-2026
6673,HLTV Team profile,2388997,https://www.hltv.org/matches/2388997/nrg-vs-marsborne-fl0m-mythical-lan-las-vegas-2026
6673,HLTV Team profile,2388998,https://www.hltv.org/matches/2388998/m80-vs-nrg-fl0m-mythical-lan-las-vegas-2026
9928,HLTV Team profile,2389135,https://www.hltv.org/matches/2389135/gamerlegion-vs-bet-m-cct-season-3-europe-series-13
9565,HLTV Team profile,2389168,https://www.hltv.org/matches/2389168/eternal-fire-vs-masonic-a1-gaming-league-season-11
4773,HLTV Team profile,2389251,https://www.hltv.org/matches/2389251/betboom-vs-pain-blast-bounty-2026-season-1
6665,HLTV Team profile,2389252,https://www.hltv.org/matches/2389252/fnatic-vs-astralis-blast-bounty-2026-season-1
12376,HLTV Team profile,2389253,https://www.hltv.org/matches/2389253/m80-vs-gentle-mates-blast-bounty-2026-season-1
9928,HLTV Team profile,2389254,https://www.hltv.org/matches/2389254/passion-ua-vs-gamerlegion-blast-bounty-2026-season-1
11861,HLTV Team profile,2389255,https://www.hltv.org/matches/2389255/hotu-vs-aurora-blast-bounty-2026-season-1
5973,HLTV Team profile,2389256,https://www.hltv.org/matches/2389256/ninjas-in-pyjamas-vs-liquid-blast-bounty-2026-season-1
7175,HLTV Team profile,2389257,https://www.hltv.org/matches/2389257/friendly-campers-vs-heroic-blast-bounty-2026-season-1
6667,HLTV Team profile,2389258,https://www.hltv.org/matches/2389258/eyeballers-vs-faze-blast-bounty-2026-season-1
4914,HLTV Team profile,2389259,https://www.hltv.org/matches/2389259/inner-circle-vs-3dmax-blast-bounty-2026-season-1
13286,HLTV Team profile,2389260,https://www.hltv.org/matches/2389260/og-vs-fut-blast-bounty-2026-season-1
8297,HLTV Team profile,2389261,https://www.hltv.org/matches/2389261/9ine-vs-furia-blast-bounty-2026-season-1
12467,HLTV Team profile,2389262,https://www.hltv.org/matches/2389262/ence-vs-parivision-blast-bounty-2026-season-1
9565,HLTV Team profile,2389263,https://www.hltv.org/matches/2389263/virtuspro-vs-vitality-blast-bounty-2026-season-1
4608,HLTV Team profile,2389264,https://www.hltv.org/matches/2389264/monte-vs-natus-vincere-blast-bounty-2026-season-1
7020,HLTV Team profile,2389265,https://www.hltv.org/matches/2389265/sinners-vs-spirit-blast-bounty-2026-season-1
11283,HLTV Team profile,2389266,https://www.hltv.org/matches/2389266/ecstatic-vs-falcons-blast-bounty-2026-season-1
4773,HLTV Team profile,2389267,https://www.hltv.org/matches/2389267/pain-vs-heroic-blast-bounty-2026-season-1
5973,HLTV Team profile,2389268,https://www.hltv.org/matches/2389268/gentle-mates-vs-liquid-blast-bounty-2026-season-1
11861,HLTV Team profile,2389269,https://www.hltv.org/matches/2389269/gamerlegion-vs-aurora-blast-bounty-2026-season-1
11283,HLTV Team profile,2389270,https://www.hltv.org/matches/2389270/monte-vs-falcons-blast-bounty-2026-season-1
12467,HLTV Team profile,2389271,https://www.hltv.org/matches/2389271/parivision-vs-astralis-blast-bounty-2026-season-1
7020,HLTV Team profile,2389272,https://www.hltv.org/matches/2389272/inner-circle-vs-spirit-blast-bounty-2026-season-1
9565,HLTV Team profile,2389273,https://www.hltv.org/matches/2389273/eyeballers-vs-vitality-blast-bounty-2026-season-1
8297,HLTV Team profile,2389274,https://www.hltv.org/matches/2389274/fut-vs-furia-blast-bounty-2026-season-1
11283,HLTV Team profile,2389275,https://www.hltv.org/matches/2389275/liquid-vs-falcons-blast-bounty-2026-season-1-finals
8297,HLTV Team profile,2389276,https://www.hltv.org/matches/2389276/heroic-vs-furia-blast-bounty-2026-season-1-finals
9565,HLTV Team profile,2389277,https://www.hltv.org/matches/2389277/gamerlegion-vs-vitality-blast-bounty-2026-season-1-finals
12467,HLTV Team profile,2389278,https://www.hltv.org/matches/2389278/parivision-vs-spirit-blast-bounty-2026-season-1-finals
9565,HLTV Team profile,2389279,https://www.hltv.org/matches/2389279/vitality-vs-falcons-blast-bounty-2026-season-1-finals
8297,HLTV Team profile,2389280,https://www.hltv.org/matches/2389280/parivision-vs-furia-blast-bounty-2026-season-1-finals
12467,HLTV Team profile,2389281,https://www.hltv.org/matches/2389281/falcons-vs-parivision-blast-bounty-2026-season-1-finals
9215,HLTV Team profile,2389349,https://www.hltv.org/matches/2389349/mibr-vs-crashers-cct-season-3-south-america-series-7
9215,HLTV Team profile,2389352,https://www.hltv.org/matches/2389352/folha-amarela-vs-mibr-cct-season-3-south-america-series-7
9215,HLTV Team profile,2389354,https://www.hltv.org/matches/2389354/mibr-vs-oruga-cct-season-3-south-america-series-7
9215,HLTV Team profile,2389356,https://www.hltv.org/matches/2389356/mibr-vs-oddik-cct-season-3-south-america-series-7
12774,HLTV Team profile,2389362,https://www.hltv.org/matches/2389362/flyquest-vs-steel-helmet-zhi-tech-elite-masters-2026-play-in
12774,HLTV Team profile,2389365,https://www.hltv.org/matches/2389365/flyquest-vs-chinggis-warriors-zhi-tech-elite-masters-2026
12774,HLTV Team profile,2389369,https://www.hltv.org/matches/2389369/morningstar-vs-flyquest-zhi-tech-elite-masters-2026
12774,HLTV Team profile,2389371,https://www.hltv.org/matches/2389371/flyquest-vs-jijiehao-zhi-tech-elite-masters-2026
9215,HLTV Team profile,2389372,https://www.hltv.org/matches/2389372/mibr-vs-gaimin-gladiators-betboom-rush-b-summit-season-1
12468,HLTV Team profile,2389375,https://www.hltv.org/matches/2389375/legacy-vs-gamehunters-betboom-rush-b-summit-season-1
12468,HLTV Team profile,2389379,https://www.hltv.org/matches/2389379/mibr-vs-legacy-betboom-rush-b-summit-season-1
9215,HLTV Team profile,2389380,https://www.hltv.org/matches/2389380/fake-do-biru-vs-mibr-betboom-rush-b-summit-season-1
12468,HLTV Team profile,2389382,https://www.hltv.org/matches/2389382/sharks-vs-legacy-betboom-rush-b-summit-season-1
9215,HLTV Team profile,2389383,https://www.hltv.org/matches/2389383/mibr-vs-imperial-betboom-rush-b-summit-season-1
12468,HLTV Team profile,2389384,https://www.hltv.org/matches/2389384/legacy-vs-mibr-betboom-rush-b-summit-season-1
9215,HLTV Team profile,2389385,https://www.hltv.org/matches/2389385/sharks-vs-mibr-betboom-rush-b-summit-season-1
9215,HLTV Team profile,2389435,https://www.hltv.org/matches/2389435/mibr-vs-ctnex-betboom-circuit-x-redemption-curitiba-2026
9215,HLTV Team profile,2389438,https://www.hltv.org/matches/2389438/mibr-vs-9z-betboom-circuit-x-redemption-curitiba-2026
9215,HLTV Team profile,2389449,https://www.hltv.org/matches/2389449/mibr-vs-yawara-betboom-circuit-x-redemption-curitiba-2026
9215,HLTV Team profile,2389452,https://www.hltv.org/matches/2389452/mibr-vs-red-canids-betboom-circuit-x-redemption-curitiba-2026
9215,HLTV Team profile,2389454,https://www.hltv.org/matches/2389454/gaimin-gladiators-vs-mibr-betboom-circuit-x-redemption-curitiba-2026
11861,HLTV Team profile,2389469,https://www.hltv.org/matches/2389469/aurora-vs-gamerlegion-iem-krakw-2026-stage-1
12467,HLTV Team profile,2389470,https://www.hltv.org/matches/2389470/heroic-vs-parivision-iem-krakw-2026-stage-1
5973,HLTV Team profile,2389471,https://www.hltv.org/matches/2389471/liquid-vs-ninjas-in-pyjamas-iem-krakw-2026-stage-1
5995,HLTV Team profile,2389472,https://www.hltv.org/matches/2389472/passion-ua-vs-g2-iem-krakw-2026-stage-1
12468,HLTV Team profile,2389473,https://www.hltv.org/matches/2389473/legacy-vs-bcgame-iem-krakw-2026-stage-1
4914,HLTV Team profile,2389474,https://www.hltv.org/matches/2389474/fut-vs-3dmax-iem-krakw-2026-stage-1
6665,HLTV Team profile,2389475,https://www.hltv.org/matches/2389475/astralis-vs-pain-iem-krakw-2026-stage-1
11241,HLTV Team profile,2389476,https://www.hltv.org/matches/2389476/nrg-vs-b8-iem-krakw-2026-stage-1
9215,HLTV Team profile,2389489,https://www.hltv.org/matches/2389489/mibr-vs-starlinks-iem-rio-2026-americas-open-qualifier
9215,HLTV Team profile,2389497,https://www.hltv.org/matches/2389497/mibr-vs-shinden-iem-rio-2026-americas-open-qualifier
12394,HLTV Team profile,2389611,https://www.hltv.org/matches/2389611/betboom-vs-good-game-spot-myskill-pro-league-series-1
12394,HLTV Team profile,2389613,https://www.hltv.org/matches/2389613/betboom-vs-omega-myskill-pro-league-series-1
11581,HLTV Team profile,2389616,https://www.hltv.org/matches/2389616/hotu-vs-altay-myskill-pro-league-series-1
11581,HLTV Team profile,2389618,https://www.hltv.org/matches/2389618/mix52-vs-hotu-myskill-pro-league-series-1
12394,HLTV Team profile,2389621,https://www.hltv.org/matches/2389621/betboom-vs-hotu-myskill-pro-league-series-1
11581,HLTV Team profile,2389623,https://www.hltv.org/matches/2389623/allinners-vs-hotu-myskill-pro-league-series-1
12394,HLTV Team profile,2389624,https://www.hltv.org/matches/2389624/betboom-vs-hotu-myskill-pro-league-series-1
12467,HLTV Team profile,2389625,https://www.hltv.org/matches/2389625/aurora-vs-parivision-iem-krakw-2026-stage-1
5995,HLTV Team profile,2389626,https://www.hltv.org/matches/2389626/liquid-vs-g2-iem-krakw-2026-stage-1
4914,HLTV Team profile,2389627,https://www.hltv.org/matches/2389627/bcgame-vs-3dmax-iem-krakw-2026-stage-1
6665,HLTV Team profile,2389628,https://www.hltv.org/matches/2389628/astralis-vs-nrg-iem-krakw-2026-stage-1
9928,HLTV Team profile,2389629,https://www.hltv.org/matches/2389629/gamerlegion-vs-heroic-iem-krakw-2026-stage-1
4411,HLTV Team profile,2389630,https://www.hltv.org/matches/2389630/ninjas-in-pyjamas-vs-passion-ua-iem-krakw-2026-stage-1
13286,HLTV Team profile,2389631,https://www.hltv.org/matches/2389631/legacy-vs-fut-iem-krakw-2026-stage-1
11241,HLTV Team profile,2389632,https://www.hltv.org/matches/2389632/pain-vs-b8-iem-krakw-2026-stage-1
6665,HLTV Team profile,2389633,https://www.hltv.org/matches/2389633/gamerlegion-vs-astralis-iem-krakw-2026-stage-1
12878,HLTV Team profile,2389634,https://www.hltv.org/matches/2389634/bcgame-vs-ninjas-in-pyjamas-iem-krakw-2026-stage-1
5973,HLTV Team profile,2389635,https://www.hltv.org/matches/2389635/fut-vs-liquid-iem-krakw-2026-stage-1
11861,HLTV Team profile,2389636,https://www.hltv.org/matches/2389636/pain-vs-aurora-iem-krakw-2026-stage-1
8297,HLTV Team profile,2389637,https://www.hltv.org/matches/2389637/furia-vs-fut-iem-krakw-2026
9565,HLTV Team profile,2389638,https://www.hltv.org/matches/2389638/the-mongolz-vs-g2-iem-krakw-2026
9565,HLTV Team profile,2389639,https://www.hltv.org/matches/2389639/natus-vincere-vs-parivision-iem-krakw-2026
7020,HLTV Team profile,2389640,https://www.hltv.org/matches/2389640/spirit-vs-astralis-iem-krakw-2026
9565,HLTV Team profile,2389641,https://www.hltv.org/matches/2389641/vitality-vs-bcgame-iem-krakw-2026
9565,HLTV Team profile,2389642,https://www.hltv.org/matches/2389642/faze-vs-3dmax-iem-krakw-2026
9565,HLTV Team profile,2389645,https://www.hltv.org/matches/2389645/g2-vs-fut-iem-krakw-2026
9565,HLTV Team profile,2389646,https://www.hltv.org/matches/2389646/the-mongolz-vs-furia-iem-krakw-2026
9565,HLTV Team profile,2389647,https://www.hltv.org/matches/2389647/natus-vincere-vs-spirit-iem-krakw-2026
9565,HLTV Team profile,2389648,https://www.hltv.org/matches/2389648/parivision-vs-astralis-iem-krakw-2026
9565,HLTV Team profile,2389649,https://www.hltv.org/matches/2389649/3dmax-vs-vitality-iem-krakw-2026
9565,HLTV Team profile,2389650,https://www.hltv.org/matches/2389650/faze-vs-bcgame-iem-krakw-2026
9215,HLTV Team profile,2389684,https://www.hltv.org/matches/2389684/mibr-vs-9z-fire-conter-season-1
9215,HLTV Team profile,2389685,https://www.hltv.org/matches/2389685/sharks-vs-mibr-fire-conter-season-1
9565,HLTV Team profile,2389692,https://www.hltv.org/matches/2389692/sharks-vs-9z-fire-conter-season-1
9565,HLTV Team profile,2389706,https://www.hltv.org/matches/2389706/virtuspro-vs-ww-exort-cataclysm-season-1
9565,HLTV Team profile,2389707,https://www.hltv.org/matches/2389707/rustec-vs-ww-exort-cataclysm-season-1
9565,HLTV Team profile,2389749,https://www.hltv.org/matches/2389749/mythic-vs-sportsbetexpert-cct-season-3-north-america-series-3
9565,HLTV Team profile,2389813,https://www.hltv.org/matches/2389813/ww-vs-aurora-young-blud-cct-season-3-europe-series-15-closed-qualifier
